date,daily_mean,daily_min,n_obs,year,month,season
1981-01-01,12.0,12.0,1,1981,1,1980.0
1981-01-02,6.4375,1.5,8,1981,1,1980.0
1981-01-03,5.222222222222222,3.0,9,1981,1,1980.0
1981-01-04,6.125,5.0,8,1981,1,1980.0
1981-01-05,0.69,0.38,2,1981,1,1980.0
1981-01-06,6.2,6.0,5,1981,1,1980.0
1981-01-07,7.666666666666667,6.0,6,1981,1,1980.0
1981-01-08,6.285714285714286,4.0,7,1981,1,1980.0
1981-01-09,13.5,11.0,2,1981,1,1980.0
1981-01-10,4.0,3.0,5,1981,1,1980.0
1981-01-11,4.666666666666667,4.0,3,1981,1,1980.0
1981-01-12,5.0,4.0,3,1981,1,1980.0
1981-01-13,2.5,2.5,1,1981,1,1980.0
1981-01-14,6.6,6.0,5,1981,1,1980.0
1981-01-17,5.0,5.0,1,1981,1,1980.0
1981-01-18,7.0,7.0,1,1981,1,1980.0
1981-01-19,6.0,6.0,1,1981,1,1980.0
1981-01-20,9.0,5.0,3,1981,1,1980.0
1981-01-21,6.0,3.0,2,1981,1,1980.0
1981-01-22,3.3333333333333335,2.0,3,1981,1,1980.0
1981-01-23,6.0,6.0,1,1981,1,1980.0
1981-01-24,7.75,6.0,4,1981,1,1980.0
1981-01-26,11.0,11.0,2,1981,1,1980.0
1981-01-27,2.2533333333333334,0.38,3,1981,1,1980.0
1981-01-28,1.2,0.5,5,1981,1,1980.0
1981-01-31,1.0,1.0,1,1981,1,1980.0
1981-02-02,2.5,2.5,1,1981,2,1980.0
1981-02-03,6.5,6.0,2,1981,2,1980.0
1981-02-05,16.0,16.0,1,1981,2,1980.0
1981-02-06,11.0,11.0,1,1981,2,1980.0
1981-02-07,6.0,6.0,1,1981,2,1980.0
1981-02-08,10.666666666666666,6.0,3,1981,2,1980.0
1981-02-09,4.0,4.0,2,1981,2,1980.0
1981-02-10,0.8333333333333334,0.5,3,1981,2,1980.0
1981-02-11,3.25,1.25,3,1981,2,1980.0
1981-02-12,4.375,2.5,4,1981,2,1980.0
1981-02-13,6.0,1.0,3,1981,2,1980.0
1981-02-14,7.0,7.0,4,1981,2,1980.0
1981-02-15,9.0,9.0,5,1981,2,1980.0
1981-02-16,9.0,9.0,1,1981,2,1980.0
1981-02-17,11.0,9.0,4,1981,2,1980.0
1981-02-18,10.666666666666666,7.0,3,1981,2,1980.0
1981-02-19,12.2,9.0,5,1981,2,1980.0
1981-02-20,6.75,6.0,4,1981,2,1980.0
1981-02-21,6.833333333333333,3.0,6,1981,2,1980.0
1981-02-22,3.875,1.5,4,1981,2,1980.0
1981-02-23,3.25,2.0,4,1981,2,1980.0
1981-02-24,0.8333333333333334,0.5,6,1981,2,1980.0
1981-02-25,0.25,0.25,2,1981,2,1980.0
1981-02-26,0.625,0.5,4,1981,2,1980.0
1981-02-27,4.125,1.25,8,1981,2,1980.0
1981-02-28,9.0,9.0,1,1981,2,1980.0
1981-03-01,1.0,1.0,1,1981,3,1980.0
1981-03-04,4.857142857142857,3.0,7,1981,3,1980.0
1981-03-05,7.166666666666667,5.0,6,1981,3,1980.0
1981-03-06,15.0,15.0,1,1981,3,1980.0
1981-03-07,9.833333333333334,6.0,6,1981,3,1980.0
1981-03-08,6.25,1.5,6,1981,3,1980.0
1981-03-10,4.071428571428571,1.0,7,1981,3,1980.0
1981-03-11,3.4285714285714284,3.0,7,1981,3,1980.0
1981-03-13,4.5,4.0,4,1981,3,1980.0
1981-03-14,6.0,6.0,1,1981,3,1980.0
1981-03-15,7.2,6.0,10,1981,3,1980.0
1981-03-16,7.0,6.0,8,1981,3,1980.0
1981-03-17,10.625,6.0,8,1981,3,1980.0
1981-03-18,7.2,4.0,5,1981,3,1980.0
1981-03-19,6.5,6.0,6,1981,3,1980.0
1981-03-22,5.25,2.0,4,1981,3,1980.0
1981-03-23,5.714285714285714,5.0,7,1981,3,1980.0
1981-03-25,5.0,5.0,3,1981,3,1980.0
1981-03-26,2.2777777777777777,1.0,9,1981,3,1980.0
1981-03-27,2.1666666666666665,1.0,6,1981,3,1980.0
1981-03-28,7.285714285714286,6.0,7,1981,3,1980.0
1981-04-01,16.0,16.0,1,1981,4,
1981-04-02,5.0,4.0,2,1981,4,
1981-04-03,6.0,6.0,3,1981,4,
1981-04-04,7.5,6.0,2,1981,4,
1981-04-05,6.25,4.0,4,1981,4,
1981-04-07,9.0,9.0,1,1981,4,
1981-04-08,2.9166666666666665,2.0,6,1981,4,
1981-04-09,3.375,1.0,8,1981,4,
1981-04-10,1.9663636363636363,0.38,11,1981,4,
1981-04-11,3.142857142857143,1.0,7,1981,4,
1981-04-12,4.5,4.0,2,1981,4,
1981-04-13,6.0,6.0,5,1981,4,
1981-04-14,7.5,6.0,2,1981,4,
1981-04-15,11.0,11.0,1,1981,4,
1981-04-28,19.0,19.0,1,1981,4,
1981-04-29,16.5,12.0,4,1981,4,
1981-04-30,17.428571428571427,11.0,7,1981,4,
1981-05-01,15.285714285714286,11.0,7,1981,5,
1981-05-02,17.5,9.0,6,1981,5,
1981-05-03,14.0,7.0,3,1981,5,
1981-05-04,9.285714285714286,6.0,7,1981,5,
1981-05-05,14.0,9.0,4,1981,5,
1981-05-06,17.666666666666668,11.0,6,1981,5,
1981-05-08,19.0,19.0,2,1981,5,
1981-05-09,12.0,12.0,1,1981,5,
1981-05-10,13.0,9.0,5,1981,5,
1981-05-16,19.0,19.0,2,1981,5,
1981-05-17,17.25,12.0,4,1981,5,
1981-05-18,19.0,19.0,1,1981,5,
1981-05-19,12.0,12.0,2,1981,5,
1981-05-20,16.75,12.0,4,1981,5,
1981-05-21,16.5,11.0,2,1981,5,
1981-05-22,19.0,19.0,3,1981,5,
1981-05-23,15.0,12.0,4,1981,5,
1981-05-24,11.0,11.0,2,1981,5,
1981-05-25,17.5,16.0,2,1981,5,
1981-05-26,17.5,16.0,2,1981,5,
1981-05-27,15.5,12.0,2,1981,5,
1981-05-28,15.666666666666666,12.0,3,1981,5,
1981-05-29,19.0,19.0,2,1981,5,
1981-05-30,14.8,12.0,5,1981,5,
1981-05-31,16.333333333333332,9.0,6,1981,5,
1981-06-01,17.0,12.0,5,1981,6,
1981-06-02,18.5,16.0,6,1981,6,
1981-06-03,18.0,16.0,3,1981,6,
1981-06-04,12.0,12.0,1,1981,6,
1981-06-05,13.333333333333334,7.0,6,1981,6,
1981-06-06,16.6,12.0,5,1981,6,
1981-06-07,12.25,1.0,4,1981,6,
1981-06-08,16.0,16.0,1,1981,6,
1981-06-10,16.0,16.0,1,1981,6,
1981-06-11,12.0,12.0,2,1981,6,
1981-06-12,19.0,19.0,3,1981,6,
1981-06-13,17.8,16.0,5,1981,6,
1981-06-14,15.5,12.0,4,1981,6,
1981-06-15,13.2,11.0,5,1981,6,
1981-06-16,11.5,11.0,2,1981,6,
1981-06-17,16.5,16.0,2,1981,6,
1981-06-19,18.25,16.0,4,1981,6,
1981-06-20,14.333333333333334,11.0,3,1981,6,
1981-06-21,13.333333333333334,9.0,3,1981,6,
1981-06-22,17.666666666666668,12.0,3,1981,6,
1981-06-23,14.333333333333334,11.0,3,1981,6,
1981-06-24,19.0,19.0,4,1981,6,
1981-06-25,16.0,16.0,1,1981,6,
1981-06-30,19.0,19.0,1,1981,6,
1981-07-01,19.0,19.0,1,1981,7,
1981-07-02,17.5,16.0,2,1981,7,
1981-07-05,16.5,12.0,4,1981,7,
1981-07-06,15.25,11.0,4,1981,7,
1981-07-07,19.0,19.0,1,1981,7,
1981-07-08,16.0,16.0,1,1981,7,
1981-07-14,22.0,22.0,1,1981,7,
1981-07-17,13.0,11.0,3,1981,7,
1981-07-18,12.0,12.0,2,1981,7,
1981-07-19,11.75,6.0,4,1981,7,
1981-07-20,19.0,19.0,2,1981,7,
1981-07-21,16.0,16.0,1,1981,7,
1981-07-22,1.0,1.0,1,1981,7,
1981-07-23,15.6,12.0,5,1981,7,
1981-07-24,19.0,19.0,3,1981,7,
1981-07-25,14.333333333333334,12.0,3,1981,7,
1981-07-26,13.333333333333334,9.0,3,1981,7,
1981-07-27,19.0,19.0,2,1981,7,
1981-07-28,26.5,16.0,2,1981,7,
1981-07-29,17.6,12.0,5,1981,7,
1981-07-30,16.5,12.0,4,1981,7,
1981-07-31,11.583333333333334,0.5,6,1981,7,
1981-08-01,22.75,19.0,4,1981,8,
1981-08-02,19.0,19.0,1,1981,8,
1981-08-03,15.5,12.0,4,1981,8,
1981-08-04,16.5,9.0,4,1981,8,
1981-08-05,34.0,34.0,1,1981,8,
1981-08-06,19.0,19.0,1,1981,8,
1981-08-08,18.25,16.0,4,1981,8,
1981-08-09,19.0,19.0,1,1981,8,
1981-08-10,15.0,11.0,2,1981,8,
1981-08-12,12.0,12.0,1,1981,8,
1981-08-13,17.5,16.0,4,1981,8,
1981-08-14,19.0,19.0,1,1981,8,
1981-08-15,16.0,16.0,1,1981,8,
1981-08-16,8.666666666666666,2.0,3,1981,8,
1981-08-18,16.333333333333332,11.0,3,1981,8,
1981-08-19,12.0,9.0,3,1981,8,
1981-08-21,18.0,18.0,1,1981,8,
1981-08-23,5.0,5.0,1,1981,8,
1981-08-24,16.5,9.0,4,1981,8,
1981-08-25,16.0,12.0,6,1981,8,
1981-08-26,15.166666666666666,9.0,6,1981,8,
1981-08-27,10.5,9.0,2,1981,8,
1981-08-28,16.666666666666668,12.0,3,1981,8,
1981-08-30,19.0,19.0,1,1981,8,
1981-08-31,13.666666666666666,6.0,3,1981,8,
1981-09-04,16.0,16.0,1,1981,9,
1981-09-05,16.0,16.0,1,1981,9,
1981-09-06,17.5,16.0,4,1981,9,
1981-09-07,9.0,9.0,1,1981,9,
1981-09-09,11.75,7.0,4,1981,9,
1981-09-10,18.0,16.0,3,1981,9,
1981-09-11,15.5,12.0,2,1981,9,
1981-09-12,,,0,1981,9,
1981-09-13,12.75,11.0,4,1981,9,
1981-09-14,14.333333333333334,12.0,6,1981,9,
1981-09-15,19.0,19.0,1,1981,9,
1981-09-16,19.0,19.0,1,1981,9,
1981-09-17,11.0,11.0,1,1981,9,
1981-09-18,16.5,12.0,4,1981,9,
1981-09-19,16.5,12.0,4,1981,9,
1981-09-20,14.333333333333334,12.0,3,1981,9,
1981-09-21,9.333333333333334,6.0,3,1981,9,
1981-09-24,15.5,12.0,2,1981,9,
1981-09-25,14.333333333333334,12.0,3,1981,9,
1981-09-26,12.25,6.0,4,1981,9,
1981-09-28,15.5,12.0,2,1981,9,
1981-09-30,11.0,6.0,2,1981,9,
1981-10-02,9.0,9.0,3,1981,10,
1981-10-04,12.0,12.0,1,1981,10,
1981-10-05,4.0,2.0,2,1981,10,
1981-10-06,13.25,9.0,4,1981,10,
1981-10-07,14.666666666666666,12.0,3,1981,10,
1981-10-08,12.0,12.0,1,1981,10,
1981-10-09,18.0,16.0,3,1981,10,
1981-10-10,6.0,5.0,2,1981,10,
1981-10-13,6.0,6.0,1,1981,10,
1981-10-16,5.0,5.0,1,1981,10,
1981-10-17,5.0,5.0,1,1981,10,
1981-10-18,9.0,9.0,1,1981,10,
1981-10-19,15.5,12.0,2,1981,10,
1981-10-21,13.0,11.0,3,1981,10,
1981-10-22,12.0,12.0,1,1981,10,
1981-10-23,9.0,9.0,1,1981,10,
1981-10-24,19.0,19.0,1,1981,10,
1981-10-25,16.0,16.0,1,1981,10,
1981-10-26,25.0,25.0,1,1981,10,
1981-10-27,19.0,19.0,1,1981,10,
1981-10-28,7.5625,1.25,4,1981,10,
1981-10-29,17.5,16.0,2,1981,10,
1981-10-31,3.125,2.5,4,1981,10,
1981-11-01,4.0,4.0,1,1981,11,1981.0
1981-11-02,2.0,2.0,3,1981,11,1981.0
1981-11-03,1.375,1.0,4,1981,11,1981.0
1981-11-04,2.3333333333333335,1.0,3,1981,11,1981.0
1981-11-05,4.0,4.0,1,1981,11,1981.0
1981-11-07,2.5,2.5,1,1981,11,1981.0
1981-11-08,9.333333333333334,7.0,3,1981,11,1981.0
1981-11-09,10.0,9.0,3,1981,11,1981.0
1981-11-10,11.5,11.0,2,1981,11,1981.0
1981-11-11,9.0,9.0,1,1981,11,1981.0
1981-11-14,0.94,0.38,2,1981,11,1981.0
1981-11-15,2.5,2.5,1,1981,11,1981.0
1981-11-16,4.0,4.0,1,1981,11,1981.0
1981-11-17,9.5,7.0,2,1981,11,1981.0
1981-11-18,0.4166666666666667,0.25,3,1981,11,1981.0
1981-11-19,1.19,0.38,2,1981,11,1981.0
1981-11-20,0.875,0.5,2,1981,11,1981.0
1981-11-21,1.125,1.0,2,1981,11,1981.0
1981-11-23,1.125,1.0,2,1981,11,1981.0
1981-11-25,1.25,1.25,1,1981,11,1981.0
1981-11-26,1.6,1.0,5,1981,11,1981.0
1981-11-27,8.333333333333334,4.0,3,1981,11,1981.0
1981-11-28,8.0,7.0,2,1981,11,1981.0
1981-11-29,1.875,0.5,4,1981,11,1981.0
1981-11-30,3.625,1.5,4,1981,11,1981.0
1981-12-01,16.0,16.0,1,1981,12,1981.0
1981-12-02,5.0,3.0,2,1981,12,1981.0
1981-12-03,2.6666666666666665,1.0,3,1981,12,1981.0
1981-12-04,4.0,3.0,4,1981,12,1981.0
1981-12-06,,,0,1981,12,1981.0
1981-12-14,16.0,16.0,1,1981,12,1981.0
1981-12-15,11.5,11.0,2,1981,12,1981.0
1981-12-17,5.0,5.0,1,1981,12,1981.0
1981-12-18,2.0833333333333335,1.25,3,1981,12,1981.0
1981-12-19,4.0,3.0,2,1981,12,1981.0
1981-12-20,9.666666666666666,9.0,3,1981,12,1981.0
1981-12-21,6.0,5.0,2,1981,12,1981.0
1981-12-22,19.0,19.0,1,1981,12,1981.0
1981-12-23,12.0,12.0,1,1981,12,1981.0
1981-12-24,11.0,11.0,1,1981,12,1981.0
1981-12-25,9.75,6.0,4,1981,12,1981.0
1981-12-26,11.5,11.0,2,1981,12,1981.0
1981-12-28,12.0,12.0,1,1981,12,1981.0
1981-12-30,12.25,9.0,4,1981,12,1981.0
1981-12-31,6.0,4.0,3,1981,12,1981.0
1982-01-01,1.25,1.25,1,1982,1,1981.0
1982-01-02,4.0,4.0,1,1982,1,1981.0
1982-01-09,12.0,12.0,1,1982,1,1981.0
1982-01-10,14.0,11.0,3,1982,1,1981.0
1982-01-11,12.0,12.0,2,1982,1,1981.0
1982-01-13,9.0,7.0,2,1982,1,1981.0
1982-01-17,6.75,5.0,4,1982,1,1981.0
1982-01-18,11.0,11.0,1,1982,1,1981.0
1982-01-19,9.0,9.0,1,1982,1,1981.0
1982-01-20,8.0,7.0,2,1982,1,1981.0
1982-01-21,4.0,4.0,1,1982,1,1981.0
1982-01-22,13.0,11.0,3,1982,1,1981.0
1982-01-23,6.0,6.0,1,1982,1,1981.0
1982-01-24,19.0,19.0,1,1982,1,1981.0
1982-01-25,12.0,12.0,1,1982,1,1981.0
1982-01-26,17.5,16.0,2,1982,1,1981.0
1982-01-27,11.0,11.0,1,1982,1,1981.0
1982-01-28,7.0,7.0,1,1982,1,1981.0
1982-01-29,9.5,7.0,2,1982,1,1981.0
1982-01-30,9.0,9.0,1,1982,1,1981.0
1982-02-01,4.0,4.0,1,1982,2,1981.0
1982-02-03,2.5,2.5,1,1982,2,1981.0
1982-02-04,6.0,5.0,2,1982,2,1981.0
1982-02-05,11.0,11.0,1,1982,2,1981.0
1982-02-06,1.0,1.0,2,1982,2,1981.0
1982-02-07,12.0,12.0,1,1982,2,1981.0
1982-02-08,1.8125,1.0,4,1982,2,1981.0
1982-02-09,0.6666666666666666,0.5,3,1982,2,1981.0
1982-02-10,1.0,1.0,2,1982,2,1981.0
1982-02-12,1.0,1.0,1,1982,2,1981.0
1982-02-13,13.0,11.0,3,1982,2,1981.0
1982-02-14,9.0,9.0,1,1982,2,1981.0
1982-02-15,5.0,3.0,2,1982,2,1981.0
1982-02-16,8.5,7.0,4,1982,2,1981.0
1982-02-18,9.0,7.0,2,1982,2,1981.0
1982-02-19,7.5,6.0,2,1982,2,1981.0
1982-02-20,6.0,5.0,2,1982,2,1981.0
1982-02-22,7.0,7.0,1,1982,2,1981.0
1982-02-23,9.0,9.0,1,1982,2,1981.0
1982-02-24,4.0,4.0,1,1982,2,1981.0
1982-02-25,11.0,11.0,1,1982,2,1981.0
1982-03-08,12.0,12.0,1,1982,3,1981.0
1982-03-10,2.5,2.5,1,1982,3,1981.0
1982-03-13,1.0,1.0,1,1982,3,1981.0
1982-03-14,4.0,4.0,1,1982,3,1981.0
1982-03-15,8.0,6.0,3,1982,3,1981.0
1982-03-18,10.0,9.0,3,1982,3,1981.0
1982-03-19,7.75,6.0,4,1982,3,1981.0
1982-03-21,16.0,16.0,1,1982,3,1981.0
1982-03-23,11.75,9.0,4,1982,3,1981.0
1982-03-24,9.0,9.0,1,1982,3,1981.0
1982-03-25,6.5,6.0,2,1982,3,1981.0
1982-03-26,,,0,1982,3,1981.0
1982-03-27,3.5,1.0,2,1982,3,1981.0
1982-03-28,,,0,1982,3,1981.0
1982-03-29,1.0,1.0,1,1982,3,1981.0
1982-03-30,2.75,1.25,3,1982,3,1981.0
1982-03-31,2.0949999999999998,0.38,4,1982,3,1981.0
1982-04-01,2.5,2.5,1,1982,4,
1982-04-02,10.5,9.0,4,1982,4,
1982-04-03,12.5,9.0,2,1982,4,
1982-04-04,14.333333333333334,12.0,3,1982,4,
1982-04-05,8.666666666666666,3.0,3,1982,4,
1982-04-06,2.0,2.0,1,1982,4,
1982-04-07,5.4,3.0,5,1982,4,
1982-04-08,10.5,9.0,2,1982,4,
1982-04-09,11.0,11.0,1,1982,4,
1982-04-10,14.0,12.0,2,1982,4,
1982-04-11,14.0,12.0,4,1982,4,
1982-04-12,12.333333333333334,9.0,3,1982,4,
1982-04-13,15.0,11.0,2,1982,4,
1982-04-14,10.5,9.0,2,1982,4,
1982-04-15,13.5,6.0,4,1982,4,
1982-04-16,14.0,12.0,2,1982,4,
1982-04-18,3.0,3.0,1,1982,4,
1982-04-20,15.5,12.0,2,1982,4,
1982-04-21,14.8,12.0,5,1982,4,
1982-04-22,14.666666666666666,12.0,3,1982,4,
1982-04-23,15.0,12.0,4,1982,4,
1982-04-24,16.0,16.0,3,1982,4,
1982-04-25,12.0,12.0,3,1982,4,
1982-04-26,12.0,12.0,2,1982,4,
1982-04-27,16.0,16.0,5,1982,4,
1982-04-28,15.6,12.0,5,1982,4,
1982-04-29,15.5,12.0,4,1982,4,
1982-04-30,11.5,7.0,2,1982,4,
1982-05-02,13.0,7.0,2,1982,5,
1982-05-03,12.0,12.0,1,1982,5,
1982-05-04,12.0,12.0,2,1982,5,
1982-05-05,12.4,9.0,5,1982,5,
1982-05-06,10.75,3.0,4,1982,5,
1982-05-07,12.5,9.0,2,1982,5,
1982-05-08,,,0,1982,5,
1982-05-09,12.0,12.0,2,1982,5,
1982-05-10,13.0,4.0,3,1982,5,
1982-05-11,15.0,12.0,4,1982,5,
1982-05-12,14.666666666666666,12.0,3,1982,5,
1982-05-13,10.0,6.0,6,1982,5,
1982-05-14,12.8,12.0,5,1982,5,
1982-05-15,13.333333333333334,12.0,3,1982,5,
1982-05-16,17.8,16.0,5,1982,5,
1982-05-17,19.0,19.0,3,1982,5,
1982-05-18,9.0,9.0,1,1982,5,
1982-05-19,19.0,19.0,2,1982,5,
1982-05-20,12.5,6.0,2,1982,5,
1982-05-21,15.0,9.0,4,1982,5,
1982-05-22,10.0,1.0,2,1982,5,
1982-05-23,9.0,6.0,2,1982,5,
1982-05-25,18.0,16.0,3,1982,5,
1982-05-26,11.75,7.0,4,1982,5,
1982-05-27,9.0,7.0,2,1982,5,
1982-05-28,11.0,11.0,1,1982,5,
1982-05-30,19.0,19.0,1,1982,5,
1982-05-31,17.5,16.0,2,1982,5,
1982-06-01,13.6,9.0,5,1982,6,
1982-06-02,19.0,19.0,1,1982,6,
1982-06-03,17.25,12.0,4,1982,6,
1982-06-04,14.0,12.0,2,1982,6,
1982-06-05,12.5,9.0,2,1982,6,
1982-06-06,13.0,7.0,3,1982,6,
1982-06-07,14.0,12.0,2,1982,6,
1982-06-08,16.0,16.0,1,1982,6,
1982-06-09,17.5,16.0,2,1982,6,
1982-06-10,18.0,16.0,3,1982,6,
1982-06-11,15.666666666666666,12.0,3,1982,6,
1982-06-12,13.333333333333334,12.0,3,1982,6,
1982-06-13,19.0,19.0,1,1982,6,
1982-06-14,19.0,19.0,1,1982,6,
1982-06-15,15.75,12.0,4,1982,6,
1982-06-16,11.4,2.0,5,1982,6,
1982-06-17,17.0,16.0,3,1982,6,
1982-06-18,14.8,12.0,5,1982,6,
1982-06-19,15.5,12.0,2,1982,6,
1982-06-20,1.5,1.5,1,1982,6,
1982-06-21,16.5,12.0,4,1982,6,
1982-06-22,17.5,16.0,2,1982,6,
1982-06-23,17.0,12.0,5,1982,6,
1982-06-24,17.25,12.0,4,1982,6,
1982-06-25,14.0,9.0,5,1982,6,
1982-06-26,12.857142857142858,5.0,7,1982,6,
1982-06-27,15.5,12.0,2,1982,6,
1982-06-28,15.666666666666666,12.0,3,1982,6,
1982-06-29,14.666666666666666,6.0,3,1982,6,
1982-06-30,0.0,0.0,1,1982,6,
1982-07-01,13.8125,1.25,4,1982,7,
1982-07-02,16.333333333333332,6.0,6,1982,7,
1982-07-03,17.5,16.0,2,1982,7,
1982-07-04,14.75,12.0,4,1982,7,
1982-07-05,14.0,12.0,4,1982,7,
1982-07-06,18.0,16.0,3,1982,7,
1982-07-07,8.0,6.0,3,1982,7,
1982-07-08,12.333333333333334,9.0,3,1982,7,
1982-07-09,14.25,6.0,4,1982,7,
1982-07-10,15.6,12.0,5,1982,7,
1982-07-11,17.0,12.0,5,1982,7,
1982-07-12,15.666666666666666,12.0,3,1982,7,
1982-07-13,19.0,19.0,1,1982,7,
1982-07-14,19.0,19.0,3,1982,7,
1982-07-15,19.0,19.0,3,1982,7,
1982-07-16,13.333333333333334,9.0,3,1982,7,
1982-07-17,9.0,9.0,2,1982,7,
1982-07-18,11.666666666666666,11.0,3,1982,7,
1982-07-19,14.0,12.0,2,1982,7,
1982-07-21,14.333333333333334,12.0,3,1982,7,
1982-07-22,19.0,19.0,2,1982,7,
1982-07-23,16.666666666666668,12.0,3,1982,7,
1982-07-24,19.0,19.0,2,1982,7,
1982-07-25,14.666666666666666,12.0,3,1982,7,
1982-07-26,13.2,7.0,5,1982,7,
1982-07-27,12.0,12.0,2,1982,7,
1982-07-28,12.0,12.0,2,1982,7,
1982-07-29,16.5,12.0,4,1982,7,
1982-07-30,10.5625,1.25,4,1982,7,
1982-07-31,16.0,16.0,1,1982,7,
1982-08-02,13.6,9.0,5,1982,8,
1982-08-04,13.25,6.0,4,1982,8,
1982-08-05,15.2,7.0,5,1982,8,
1982-08-06,12.6,7.0,5,1982,8,
1982-08-07,13.333333333333334,12.0,3,1982,8,
1982-08-08,17.0,14.0,4,1982,8,
1982-08-09,14.4,9.0,5,1982,8,
1982-08-10,18.0,16.0,3,1982,8,
1982-08-11,16.666666666666668,12.0,3,1982,8,
1982-08-12,14.333333333333334,12.0,3,1982,8,
1982-08-13,17.25,12.0,4,1982,8,
1982-08-14,15.666666666666666,12.0,3,1982,8,
1982-08-15,14.0,12.0,2,1982,8,
1982-08-16,14.0,12.0,2,1982,8,
1982-08-17,14.0,12.0,4,1982,8,
1982-08-18,14.4,11.0,5,1982,8,
1982-08-19,13.0,6.0,3,1982,8,
1982-08-20,15.75,9.0,4,1982,8,
1982-08-21,17.333333333333332,14.0,3,1982,8,
1982-08-23,17.5,16.0,2,1982,8,
1982-08-24,15.666666666666666,12.0,3,1982,8,
1982-08-25,14.333333333333334,12.0,3,1982,8,
1982-08-26,12.0,12.0,2,1982,8,
1982-08-27,14.833333333333334,11.0,6,1982,8,
1982-08-28,14.8,12.0,5,1982,8,
1982-08-29,16.5,12.0,4,1982,8,
1982-08-31,15.666666666666666,12.0,3,1982,8,
1982-09-01,18.25,16.0,4,1982,9,
1982-09-02,9.0,6.0,2,1982,9,
1982-09-03,13.5,11.0,2,1982,9,
1982-09-04,14.666666666666666,12.0,3,1982,9,
1982-09-05,15.5,12.0,2,1982,9,
1982-09-06,13.333333333333334,12.0,3,1982,9,
1982-09-07,9.5,7.0,2,1982,9,
1982-09-08,19.0,19.0,1,1982,9,
1982-09-09,12.0,12.0,1,1982,9,
1982-09-10,12.0,12.0,1,1982,9,
1982-09-12,12.0,12.0,2,1982,9,
1982-09-13,16.0,16.0,1,1982,9,
1982-09-14,19.0,19.0,2,1982,9,
1982-09-15,13.0,12.0,4,1982,9,
1982-09-16,24.666666666666668,12.0,3,1982,9,
1982-09-21,14.333333333333334,12.0,3,1982,9,
1982-09-23,14.0,12.0,2,1982,9,
1982-09-27,11.4,3.0,5,1982,9,
1982-09-28,15.5,12.0,2,1982,9,
1982-09-29,10.75,7.0,4,1982,9,
1982-09-30,14.0,12.0,2,1982,9,
1982-10-01,14.0,12.0,4,1982,10,
1982-10-02,13.333333333333334,9.0,3,1982,10,
1982-10-03,12.0,12.0,1,1982,10,
1982-10-04,13.4,11.0,5,1982,10,
1982-10-05,12.0,12.0,2,1982,10,
1982-10-06,12.0,12.0,1,1982,10,
1982-10-07,12.0,12.0,1,1982,10,
1982-10-08,12.0,12.0,1,1982,10,
1982-10-09,15.5,12.0,4,1982,10,
1982-10-10,12.0,12.0,3,1982,10,
1982-10-12,12.0,12.0,2,1982,10,
1982-10-19,19.0,19.0,1,1982,10,
1982-10-24,5.0,5.0,1,1982,10,
1982-10-25,11.5,11.0,2,1982,10,
1982-10-26,11.5,11.0,2,1982,10,
1982-10-27,13.0,11.0,3,1982,10,
1982-10-28,15.5,12.0,2,1982,10,
1982-10-29,12.0,12.0,2,1982,10,
1982-10-30,12.0,12.0,3,1982,10,
1982-11-01,4.0,3.0,2,1982,11,1982.0
1982-11-04,1.25,1.25,1,1982,11,1982.0
1982-11-27,4.0,4.0,1,1982,11,1982.0
1982-12-09,1.9166666666666667,1.25,3,1982,12,1982.0
1982-12-10,0.4675,0.12,4,1982,12,1982.0
1982-12-11,1.375,1.25,2,1982,12,1982.0
1982-12-12,1.0,1.0,1,1982,12,1982.0
1982-12-13,5.0,4.0,2,1982,12,1982.0
1982-12-14,2.6666666666666665,1.0,3,1982,12,1982.0
1982-12-15,2.0,1.0,2,1982,12,1982.0
1982-12-16,7.5,6.0,2,1982,12,1982.0
1982-12-17,8.75,7.0,4,1982,12,1982.0
1982-12-18,10.5,5.0,4,1982,12,1982.0
1982-12-19,16.0,16.0,1,1982,12,1982.0
1982-12-20,13.0,11.0,4,1982,12,1982.0
1982-12-21,9.4,6.0,5,1982,12,1982.0
1982-12-22,5.5,2.0,2,1982,12,1982.0
1982-12-23,4.0,3.0,2,1982,12,1982.0
1982-12-24,9.0,7.0,2,1982,12,1982.0
1982-12-25,12.333333333333334,9.0,6,1982,12,1982.0
1982-12-26,11.8,11.0,5,1982,12,1982.0
1982-12-27,5.333333333333333,5.0,3,1982,12,1982.0
1982-12-28,7.0,6.0,5,1982,12,1982.0
1982-12-29,5.5,5.0,2,1982,12,1982.0
1982-12-30,3.75,2.5,2,1982,12,1982.0
1982-12-31,1.75,1.0,3,1982,12,1982.0
1983-01-01,2.0,1.0,2,1983,1,1982.0
1983-01-02,0.38,0.38,1,1983,1,1982.0
1983-01-03,0.5,0.5,2,1983,1,1982.0
1983-01-04,1.7933333333333332,0.38,3,1983,1,1982.0
1983-01-10,1.25,1.25,1,1983,1,1982.0
1983-01-11,3.5,1.0,2,1983,1,1982.0
1983-01-12,12.333333333333334,9.0,3,1983,1,1982.0
1983-01-14,0.75,0.5,2,1983,1,1982.0
1983-01-15,1.2,0.25,5,1983,1,1982.0
1983-01-16,1.0,1.0,1,1983,1,1982.0
1983-01-17,9.25,7.0,4,1983,1,1982.0
1983-01-18,9.333333333333334,4.0,3,1983,1,1982.0
1983-01-19,3.3966666666666665,0.25,6,1983,1,1982.0
1983-01-20,0.38,0.38,1,1983,1,1982.0
1983-01-21,3.25,2.5,2,1983,1,1982.0
1983-01-22,6.5,5.0,4,1983,1,1982.0
1983-01-23,1.6666666666666667,0.5,3,1983,1,1982.0
1983-01-25,0.6266666666666666,0.25,3,1983,1,1982.0
1983-01-26,0.97,0.38,4,1983,1,1982.0
1983-01-27,0.69,0.38,2,1983,1,1982.0
1983-01-28,1.3125,0.5,4,1983,1,1982.0
1983-01-29,3.357142857142857,2.0,7,1983,1,1982.0
1983-01-30,2.6666666666666665,1.0,3,1983,1,1982.0
1983-01-31,9.0,9.0,1,1983,1,1982.0
1983-02-01,3.0,3.0,1,1983,2,1982.0
1983-02-02,6.0,6.0,1,1983,2,1982.0
1983-02-03,1.0,1.0,1,1983,2,1982.0
1983-02-05,2.5,2.5,1,1983,2,1982.0
1983-02-06,3.3333333333333335,2.0,3,1983,2,1982.0
1983-02-08,12.0,12.0,2,1983,2,1982.0
1983-02-10,9.0,9.0,1,1983,2,1982.0
1983-02-17,9.0,7.0,2,1983,2,1982.0
1983-02-18,15.5,12.0,2,1983,2,1982.0
1983-02-19,12.666666666666666,6.0,3,1983,2,1982.0
1983-02-21,16.0,16.0,3,1983,2,1982.0
1983-02-22,8.0,5.0,4,1983,2,1982.0
1983-02-25,4.0,3.0,2,1983,2,1982.0
1983-02-26,1.0,1.0,1,1983,2,1982.0
1983-02-27,0.31,0.12,2,1983,2,1982.0
1983-02-28,0.38,0.38,1,1983,2,1982.0
1983-03-01,1.0,1.0,3,1983,3,1982.0
1983-03-03,16.0,16.0,1,1983,3,1982.0
1983-03-04,10.0,10.0,1,1983,3,1982.0
1983-03-05,7.0,7.0,1,1983,3,1982.0
1983-03-06,1.0,1.0,1,1983,3,1982.0
1983-03-08,4.0,4.0,1,1983,3,1982.0
1983-03-09,8.5,6.0,4,1983,3,1982.0
1983-03-10,8.0,6.0,4,1983,3,1982.0
1983-03-11,4.5,4.0,2,1983,3,1982.0
1983-03-12,0.5,0.5,1,1983,3,1982.0
1983-03-14,9.0,7.0,3,1983,3,1982.0
1983-03-15,4.666666666666667,3.0,3,1983,3,1982.0
1983-03-16,1.25,1.25,1,1983,3,1982.0
1983-03-17,4.0,3.0,4,1983,3,1982.0
1983-03-18,14.0,12.0,2,1983,3,1982.0
1983-03-19,15.0,11.0,2,1983,3,1982.0
1983-03-20,6.5,5.0,4,1983,3,1982.0
1983-03-21,6.0,6.0,1,1983,3,1982.0
1983-03-22,1.0,1.0,1,1983,3,1982.0
1983-03-23,1.276,0.38,5,1983,3,1982.0
1983-03-24,1.8333333333333333,1.0,3,1983,3,1982.0
1983-03-25,1.75,1.0,2,1983,3,1982.0
1983-03-27,16.0,16.0,1,1983,3,1982.0
1983-03-28,12.0,12.0,1,1983,3,1982.0
1983-03-29,8.5,7.0,2,1983,3,1982.0
1983-03-31,14.0,12.0,2,1983,3,1982.0
1983-04-01,6.5,6.0,4,1983,4,
1983-04-03,11.0,11.0,1,1983,4,
1983-04-04,12.0,12.0,2,1983,4,
1983-04-05,14.666666666666666,12.0,3,1983,4,
1983-04-06,10.5,9.0,2,1983,4,
1983-04-08,4.833333333333333,2.5,3,1983,4,
1983-04-09,5.0,5.0,1,1983,4,
1983-04-10,0.69,0.38,2,1983,4,
1983-04-11,2.0,2.0,1,1983,4,
1983-04-12,2.5,2.5,1,1983,4,
1983-04-13,4.0,4.0,4,1983,4,
1983-04-14,,,0,1983,4,
1983-04-15,9.5,4.0,6,1983,4,
1983-04-16,14.0,12.0,6,1983,4,
1983-04-17,12.3,1.5,5,1983,4,
1983-04-18,3.25,1.0,5,1983,4,
1983-04-19,4.75,2.5,2,1983,4,
1983-04-21,4.0,4.0,2,1983,4,
1983-04-22,3.0,1.0,2,1983,4,
1983-04-23,3.6,1.0,5,1983,4,
1983-04-24,4.5,3.0,4,1983,4,
1983-04-25,8.0,7.0,2,1983,4,
1983-04-26,8.0,7.0,2,1983,4,
1983-04-28,11.0,9.0,3,1983,4,
1983-04-29,5.75,4.0,4,1983,4,
1983-04-30,2.3,1.0,5,1983,4,
1983-05-01,1.75,0.5,4,1983,5,
1983-05-02,3.3333333333333335,3.0,3,1983,5,
1983-05-03,9.0,7.0,2,1983,5,
1983-05-04,10.5,9.0,4,1983,5,
1983-05-05,7.0,7.0,1,1983,5,
1983-05-06,13.0,11.0,3,1983,5,
1983-05-07,14.0,12.0,2,1983,5,
1983-05-08,16.0,16.0,2,1983,5,
1983-05-09,16.0,16.0,2,1983,5,
1983-05-10,15.666666666666666,12.0,3,1983,5,
1983-05-11,15.5,12.0,2,1983,5,
1983-05-12,19.0,19.0,2,1983,5,
1983-05-13,16.0,16.0,1,1983,5,
1983-05-14,16.0,16.0,1,1983,5,
1983-05-19,16.0,16.0,2,1983,5,
1983-05-20,19.0,19.0,3,1983,5,
1983-05-21,3.0,3.0,1,1983,5,
1983-05-22,19.0,19.0,3,1983,5,
1983-05-23,13.0,9.0,2,1983,5,
1983-05-24,19.0,19.0,2,1983,5,
1983-05-26,12.333333333333334,2.0,3,1983,5,
1983-05-27,19.0,19.0,3,1983,5,
1983-05-28,17.0,12.0,5,1983,5,
1983-05-29,17.5,16.0,4,1983,5,
1983-05-30,15.0,11.0,2,1983,5,
1983-06-01,15.5,12.0,2,1983,6,
1983-06-02,17.25,12.0,4,1983,6,
1983-06-04,17.5,16.0,2,1983,6,
1983-06-05,16.75,16.0,4,1983,6,
1983-06-06,11.0,11.0,1,1983,6,
1983-06-07,14.666666666666666,12.0,3,1983,6,
1983-06-08,19.0,19.0,1,1983,6,
1983-06-10,17.0,16.0,3,1983,6,
1983-06-11,17.2,16.0,5,1983,6,
1983-06-12,10.0,6.0,4,1983,6,
1983-06-13,17.25,12.0,4,1983,6,
1983-06-14,19.0,19.0,1,1983,6,
1983-06-15,11.0,11.0,1,1983,6,
1983-06-16,8.5,2.5,5,1983,6,
1983-06-17,14.714285714285714,12.0,7,1983,6,
1983-06-18,18.25,16.0,4,1983,6,
1983-06-19,16.4,12.0,5,1983,6,
1983-06-20,13.833333333333334,11.0,6,1983,6,
1983-06-21,16.2,11.0,5,1983,6,
1983-06-22,18.0,16.0,3,1983,6,
1983-06-23,17.8,16.0,5,1983,6,
1983-06-24,14.75,12.0,4,1983,6,
1983-06-25,17.25,12.0,4,1983,6,
1983-06-26,19.0,19.0,3,1983,6,
1983-06-27,15.0,12.0,4,1983,6,
1983-06-28,13.5,11.0,2,1983,6,
1983-06-29,18.25,16.0,4,1983,6,
1983-06-30,19.0,19.0,2,1983,6,
1983-07-01,19.0,19.0,3,1983,7,
1983-07-03,19.0,19.0,1,1983,7,
1983-07-04,12.0,12.0,2,1983,7,
1983-07-05,5.0,5.0,1,1983,7,
1983-07-06,14.0,12.0,2,1983,7,
1983-07-07,18.25,16.0,4,1983,7,
1983-07-08,13.714285714285714,7.0,7,1983,7,
1983-07-09,14.333333333333334,12.0,3,1983,7,
1983-07-10,19.0,19.0,3,1983,7,
1983-07-11,15.0,12.0,5,1983,7,
1983-07-12,17.5,16.0,2,1983,7,
1983-07-13,16.0,16.0,1,1983,7,
1983-07-14,16.0,16.0,1,1983,7,
1983-07-15,19.0,19.0,1,1983,7,
1983-07-16,12.0,12.0,2,1983,7,
1983-07-17,15.666666666666666,12.0,3,1983,7,
1983-07-18,15.75,6.0,4,1983,7,
1983-07-19,15.5,12.0,2,1983,7,
1983-07-20,16.0,16.0,3,1983,7,
1983-07-21,14.5,9.0,4,1983,7,
1983-07-22,17.0,16.0,3,1983,7,
1983-07-23,19.0,19.0,2,1983,7,
1983-07-24,,,0,1983,7,
1983-07-25,16.0,16.0,1,1983,7,
1983-07-26,15.0,12.0,3,1983,7,
1983-07-27,14.666666666666666,9.0,3,1983,7,
1983-07-29,16.666666666666668,12.0,3,1983,7,
1983-07-30,19.0,19.0,1,1983,7,
1983-07-31,16.0,16.0,1,1983,7,
1983-08-01,18.0,16.0,3,1983,8,
1983-08-02,16.0,16.0,1,1983,8,
1983-08-04,12.0,12.0,1,1983,8,
1983-08-07,19.0,19.0,1,1983,8,
1983-08-08,15.5,12.0,2,1983,8,
1983-08-11,16.0,16.0,1,1983,8,
1983-08-16,14.333333333333334,12.0,3,1983,8,
1983-08-22,19.0,19.0,1,1983,8,
1983-08-29,12.0,12.0,1,1983,8,
1983-08-30,11.333333333333334,11.0,3,1983,8,
1983-08-31,15.666666666666666,12.0,3,1983,8,
1983-09-02,17.5,16.0,2,1983,9,
1983-09-03,19.0,19.0,2,1983,9,
1983-09-04,14.0,12.0,2,1983,9,
1983-09-05,12.0,12.0,2,1983,9,
1983-09-06,19.0,19.0,3,1983,9,
1983-09-07,9.0,9.0,1,1983,9,
1983-09-08,19.0,19.0,1,1983,9,
1983-09-10,17.5,16.0,2,1983,9,
1983-09-11,6.25,0.5,2,1983,9,
1983-09-12,12.0,12.0,1,1983,9,
1983-09-13,17.0,17.0,1,1983,9,
1983-09-14,14.25,7.0,4,1983,9,
1983-09-15,16.333333333333332,11.0,3,1983,9,
1983-09-16,14.0,9.0,2,1983,9,
1983-09-17,11.0,9.0,3,1983,9,
1983-09-19,15.5,12.0,2,1983,9,
1983-09-21,15.666666666666666,12.0,3,1983,9,
1983-09-22,14.666666666666666,12.0,3,1983,9,
1983-09-24,15.5,12.0,4,1983,9,
1983-10-04,12.0,12.0,1,1983,10,
1983-10-09,7.5,6.0,2,1983,10,
1983-10-10,6.0,6.0,1,1983,10,
1983-10-14,2.6666666666666665,1.0,3,1983,10,
1983-10-16,,,0,1983,10,
1983-10-20,1.0,1.0,1,1983,10,
1983-10-21,11.0,9.0,3,1983,10,
1983-10-23,13.333333333333334,9.0,3,1983,10,
1983-10-24,2.25,2.0,2,1983,10,
1983-10-31,6.5,1.0,2,1983,10,
1983-11-14,6.0,6.0,1,1983,11,1983.0
1983-11-20,16.0,16.0,1,1983,11,1983.0
1983-11-21,14.0,12.0,2,1983,11,1983.0
1983-11-24,14.0,12.0,2,1983,11,1983.0
1983-11-25,17.5,16.0,2,1983,11,1983.0
1983-11-29,12.0,12.0,1,1983,11,1983.0
1983-12-04,19.0,19.0,1,1983,12,1983.0
1983-12-08,19.0,19.0,1,1983,12,1983.0
1983-12-09,15.666666666666666,12.0,3,1983,12,1983.0
1983-12-10,9.0,9.0,1,1983,12,1983.0
1983-12-12,11.5,11.0,2,1983,12,1983.0
1983-12-13,12.0,12.0,1,1983,12,1983.0
1983-12-16,3.0,3.0,1,1983,12,1983.0
1983-12-17,4.5,3.0,2,1983,12,1983.0
1983-12-19,10.0,7.0,4,1983,12,1983.0
1983-12-20,12.0,12.0,1,1983,12,1983.0
1984-01-11,6.0,6.0,1,1984,1,1983.0
1984-01-12,5.333333333333333,5.0,3,1984,1,1983.0
1984-01-13,8.0,7.0,2,1984,1,1983.0
1984-01-19,1.25,1.25,1,1984,1,1983.0
1984-02-06,2.5,2.5,1,1984,2,1983.0
1984-02-07,1.5,1.5,1,1984,2,1983.0
1984-02-08,1.125,0.25,2,1984,2,1983.0
1984-02-10,11.0,11.0,1,1984,2,1983.0
1984-02-16,,,0,1984,2,1983.0
1984-02-24,1.0,1.0,2,1984,2,1983.0
1984-02-28,1.0,1.0,2,1984,2,1983.0
1984-03-01,2.5,2.5,1,1984,3,1983.0
1984-03-02,12.0,12.0,1,1984,3,1983.0
1984-03-03,10.0,7.0,3,1984,3,1983.0
1984-03-04,13.5,11.0,2,1984,3,1983.0
1984-03-06,9.0,9.0,1,1984,3,1983.0
1984-03-08,6.0,6.0,1,1984,3,1983.0
1984-03-09,6.5,6.0,2,1984,3,1983.0
1984-03-12,5.833333333333333,1.5,3,1984,3,1983.0
1984-03-27,2.25,2.0,2,1984,3,1983.0
1984-03-29,1.0,1.0,1,1984,3,1983.0
1984-03-30,3.0,3.0,1,1984,3,1983.0
1984-04-03,4.0,4.0,1,1984,4,
1984-04-04,12.0,5.0,3,1984,4,
1984-04-05,7.0,7.0,1,1984,4,
1984-04-06,10.0,5.0,4,1984,4,
1984-04-07,9.0,9.0,1,1984,4,
1984-04-10,6.0,6.0,1,1984,4,
1984-04-11,5.75,2.5,2,1984,4,
1984-04-12,2.75,1.0,3,1984,4,
1984-04-14,9.0,9.0,2,1984,4,
1984-04-15,9.0,9.0,1,1984,4,
1984-04-16,9.0,9.0,1,1984,4,
1984-04-17,9.0,9.0,1,1984,4,
1984-05-03,12.0,12.0,2,1984,5,
1984-05-06,17.0,16.0,3,1984,5,
1984-05-25,14.0,12.0,2,1984,5,
1984-05-30,12.0,12.0,1,1984,5,
1984-05-31,14.0,12.0,2,1984,5,
1984-06-01,19.0,19.0,1,1984,6,
1984-06-04,16.0,16.0,2,1984,6,
1984-06-05,12.0,12.0,2,1984,6,
1984-06-06,12.0,12.0,1,1984,6,
1984-06-08,12.0,12.0,1,1984,6,
1984-06-11,16.0,16.0,1,1984,6,
1984-06-12,6.0,6.0,1,1984,6,
1984-06-13,13.5,11.0,2,1984,6,
1984-06-14,16.0,16.0,1,1984,6,
1984-06-15,12.0,12.0,2,1984,6,
1984-06-20,16.0,16.0,1,1984,6,
1984-06-26,6.5,1.0,2,1984,6,
1984-06-27,12.0,12.0,1,1984,6,
1984-06-30,11.0,11.0,1,1984,6,
1984-07-03,16.0,16.0,1,1984,7,
1984-07-04,16.0,16.0,1,1984,7,
1984-07-05,16.0,16.0,1,1984,7,
1984-07-06,11.5,11.0,2,1984,7,
1984-07-07,17.0,16.0,2,1984,7,
1984-07-09,11.5,11.0,2,1984,7,
1984-07-10,12.0,12.0,1,1984,7,
1984-07-11,16.0,16.0,1,1984,7,
1984-07-12,10.0,9.0,2,1984,7,
1984-07-13,7.25,2.5,2,1984,7,
1984-07-18,12.0,12.0,1,1984,7,
1984-07-25,12.5,11.0,4,1984,7,
1984-07-26,12.0,12.0,1,1984,7,
1984-07-27,12.0,12.0,1,1984,7,
1984-07-31,16.0,16.0,1,1984,7,
1984-08-01,9.0,9.0,1,1984,8,
1984-08-03,14.0,12.0,2,1984,8,
1984-08-04,11.0,11.0,1,1984,8,
1984-08-06,16.0,16.0,1,1984,8,
1984-08-07,16.0,16.0,1,1984,8,
1984-08-08,14.0,12.0,2,1984,8,
1984-08-09,15.666666666666666,12.0,3,1984,8,
1984-08-10,16.0,16.0,1,1984,8,
1984-08-30,11.0,11.0,2,1984,8,
1984-09-05,9.0,9.0,1,1984,9,
1984-09-15,12.0,12.0,1,1984,9,
1984-09-30,11.0,11.0,1,1984,9,
1984-10-02,11.5,11.0,2,1984,10,
1984-10-03,14.0,12.0,2,1984,10,
1984-10-05,,,0,1984,10,
1984-10-06,9.0,9.0,1,1984,10,
1984-10-07,11.5,11.0,2,1984,10,
1984-10-09,11.0,11.0,1,1984,10,
1984-10-10,16.0,16.0,1,1984,10,
1984-10-11,16.0,16.0,2,1984,10,
1984-10-13,12.0,12.0,1,1984,10,
1984-10-14,9.0,9.0,2,1984,10,
1984-10-15,6.0,3.0,3,1984,10,
1984-10-16,6.0,5.0,3,1984,10,
1984-10-17,11.0,11.0,1,1984,10,
1984-10-18,10.0,9.0,2,1984,10,
1984-10-19,16.0,16.0,1,1984,10,
1984-10-21,1.125,1.0,2,1984,10,
1984-10-22,2.5,1.0,2,1984,10,
1984-10-24,0.44,0.38,2,1984,10,
1984-10-25,3.0,3.0,1,1984,10,
1984-10-26,6.0,6.0,1,1984,10,
1984-10-27,2.0,1.0,2,1984,10,
1984-10-28,1.0,1.0,1,1984,10,
1984-10-29,1.25,1.25,1,1984,10,
1984-10-30,2.625,1.25,2,1984,10,
1984-10-31,11.0,11.0,1,1984,10,
1984-11-01,2.5,2.5,1,1984,11,1984.0
1984-11-04,9.0,9.0,1,1984,11,1984.0
1984-11-05,12.0,12.0,1,1984,11,1984.0
1984-11-06,12.5,6.0,2,1984,11,1984.0
1984-11-07,12.0,12.0,1,1984,11,1984.0
1984-11-09,1.0,1.0,2,1984,11,1984.0
1984-11-10,5.0,5.0,1,1984,11,1984.0
1984-11-11,3.0,3.0,1,1984,11,1984.0
1984-11-12,5.0,5.0,1,1984,11,1984.0
1984-11-20,11.333333333333334,11.0,3,1984,11,1984.0
1984-11-21,9.0,9.0,1,1984,11,1984.0
1984-11-22,11.0,11.0,1,1984,11,1984.0
1984-11-23,12.0,12.0,1,1984,11,1984.0
1984-11-24,2.0,2.0,1,1984,11,1984.0
1984-11-26,1.0,1.0,1,1984,11,1984.0
1984-11-27,1.4166666666666667,1.0,3,1984,11,1984.0
1984-11-28,2.75,2.5,2,1984,11,1984.0
1984-11-30,11.0,11.0,1,1984,11,1984.0
1984-12-01,16.0,16.0,1,1984,12,1984.0
1984-12-03,12.0,12.0,1,1984,12,1984.0
1984-12-04,12.0,12.0,1,1984,12,1984.0
1984-12-06,8.166666666666666,1.5,3,1984,12,1984.0
1984-12-07,6.0,6.0,1,1984,12,1984.0
1984-12-09,0.5,0.5,1,1984,12,1984.0
1984-12-10,1.0,1.0,1,1984,12,1984.0
1984-12-12,1.75,1.5,2,1984,12,1984.0
1984-12-13,3.0,1.0,2,1984,12,1984.0
1984-12-14,6.0,6.0,1,1984,12,1984.0
1984-12-16,1.0,1.0,1,1984,12,1984.0
1984-12-20,1.0,1.0,1,1984,12,1984.0
1984-12-22,,,0,1984,12,1984.0
1984-12-23,4.5,3.0,2,1984,12,1984.0
1984-12-26,12.0,12.0,2,1984,12,1984.0
1984-12-28,13.5,11.0,2,1984,12,1984.0
1984-12-29,12.0,12.0,1,1984,12,1984.0
1985-01-02,12.0,12.0,1,1985,1,1984.0
1985-01-03,5.0,5.0,1,1985,1,1984.0
1985-01-22,,,0,1985,1,1984.0
1985-02-05,7.0,7.0,1,1985,2,1984.0
1985-02-07,1.25,1.25,1,1985,2,1984.0
1985-02-08,2.0,2.0,1,1985,2,1984.0
1985-02-15,1.5,1.5,1,1985,2,1984.0
1985-02-18,0.5,0.5,1,1985,2,1984.0
1985-02-19,2.0,1.0,2,1985,2,1984.0
1985-02-20,3.0,3.0,1,1985,2,1984.0
1985-02-21,5.0,5.0,1,1985,2,1984.0
1985-02-25,4.5,4.0,2,1985,2,1984.0
1985-02-26,,,0,1985,2,1984.0
1985-02-27,1.0,1.0,1,1985,2,1984.0
1985-03-01,2.6666666666666665,2.0,3,1985,3,1984.0
1985-03-02,5.5,5.0,2,1985,3,1984.0
1985-03-03,1.75,1.0,2,1985,3,1984.0
1985-03-04,1.0,1.0,2,1985,3,1984.0
1985-03-05,5.5,5.0,2,1985,3,1984.0
1985-03-06,6.0,6.0,1,1985,3,1984.0
1985-03-10,2.0,2.0,1,1985,3,1984.0
1985-03-17,3.1666666666666665,2.5,3,1985,3,1984.0
1985-03-23,5.0,4.0,2,1985,3,1984.0
1985-03-24,6.0,6.0,2,1985,3,1984.0
1985-03-25,12.0,12.0,1,1985,3,1984.0
1985-03-26,7.0,5.0,2,1985,3,1984.0
1985-03-29,12.0,12.0,1,1985,3,1984.0
1985-03-30,7.0,7.0,1,1985,3,1984.0
1985-04-05,9.0,9.0,1,1985,4,
1985-04-07,3.7,1.0,5,1985,4,
1985-04-08,2.25,1.25,3,1985,4,
1985-04-09,2.0,1.0,2,1985,4,
1985-04-15,8.0,7.0,2,1985,4,
1985-04-16,9.0,9.0,1,1985,4,
1985-04-19,4.5,4.0,2,1985,4,
1985-04-20,7.0,7.0,1,1985,4,
1985-04-24,4.125,1.25,2,1985,4,
1985-04-25,6.0,3.0,2,1985,4,
1985-04-26,7.0,7.0,1,1985,4,
1985-04-27,4.0,4.0,1,1985,4,
1985-05-01,5.0,5.0,1,1985,5,
1985-05-02,5.5,0.0,2,1985,5,
1985-05-05,9.0,9.0,1,1985,5,
1985-05-06,9.0,9.0,1,1985,5,
1985-05-07,14.666666666666666,12.0,3,1985,5,
1985-05-09,6.0,6.0,1,1985,5,
1985-05-10,13.333333333333334,12.0,3,1985,5,
1985-05-11,12.0,12.0,3,1985,5,
1985-05-15,11.0,11.0,1,1985,5,
1985-05-23,8.666666666666666,3.0,3,1985,5,
1985-05-24,19.0,19.0,1,1985,5,
1985-05-25,16.666666666666668,12.0,3,1985,5,
1985-05-26,6.0,5.0,2,1985,5,
1985-05-28,19.0,19.0,1,1985,5,
1985-05-29,6.0,6.0,1,1985,5,
1985-05-30,13.6,12.0,5,1985,5,
1985-06-03,11.0,11.0,1,1985,6,
1985-06-07,12.333333333333334,9.0,3,1985,6,
1985-06-08,12.0,12.0,1,1985,6,
1985-06-10,9.0,6.0,2,1985,6,
1985-06-12,16.0,16.0,2,1985,6,
1985-06-13,12.0,12.0,1,1985,6,
1985-06-26,17.5,16.0,2,1985,6,
1985-06-27,11.0,11.0,2,1985,6,
1985-07-01,14.5,12.0,2,1985,7,
1985-07-05,12.0,12.0,1,1985,7,
1985-07-07,19.0,19.0,1,1985,7,
1985-07-09,19.0,19.0,1,1985,7,
1985-07-10,12.0,12.0,1,1985,7,
1985-07-11,10.0,9.0,2,1985,7,
1985-07-13,12.666666666666666,11.0,3,1985,7,
1985-07-15,12.0,12.0,1,1985,7,
1985-07-16,14.0,11.0,2,1985,7,
1985-07-18,16.0,16.0,1,1985,7,
1985-07-19,12.0,12.0,1,1985,7,
1985-07-21,17.0,17.0,1,1985,7,
1985-07-22,12.0,12.0,1,1985,7,
1985-07-24,9.0,9.0,1,1985,7,
1985-07-25,1.0,1.0,1,1985,7,
1985-07-26,14.0,12.0,2,1985,7,
1985-07-27,12.0,12.0,1,1985,7,
1985-07-28,14.0,12.0,2,1985,7,
1985-07-29,16.0,16.0,1,1985,7,
1985-07-30,6.5,4.0,2,1985,7,
1985-07-31,11.5,7.0,2,1985,7,
1985-08-01,16.0,16.0,1,1985,8,
1985-08-03,16.0,16.0,1,1985,8,
1985-08-06,16.0,16.0,1,1985,8,
1985-08-07,11.5,11.0,2,1985,8,
1985-08-09,17.5,16.0,2,1985,8,
1985-08-12,,,0,1985,8,
1985-08-13,,,0,1985,8,
1985-08-14,12.75,11.0,4,1985,8,
1985-08-15,11.0,11.0,1,1985,8,
1985-08-19,12.0,12.0,1,1985,8,
1985-08-20,16.0,16.0,1,1985,8,
1985-08-25,12.0,12.0,1,1985,8,
1985-08-26,12.0,12.0,1,1985,8,
1985-08-27,12.0,12.0,1,1985,8,
1985-08-30,16.0,16.0,1,1985,8,
1985-09-02,16.0,16.0,1,1985,9,
1985-09-03,12.0,12.0,1,1985,9,
1985-09-06,11.0,11.0,1,1985,9,
1985-09-11,19.0,19.0,1,1985,9,
1985-09-14,12.0,12.0,1,1985,9,
1985-09-24,12.0,12.0,1,1985,9,
1985-09-25,6.0,6.0,1,1985,9,
1985-09-28,16.0,16.0,1,1985,9,
1985-10-07,9.0,6.0,2,1985,10,
1985-10-16,5.0,5.0,1,1985,10,
1985-10-26,5.0,4.0,2,1985,10,
1985-10-27,,,0,1985,10,
1985-10-30,4.0,4.0,1,1985,10,
1985-10-31,9.0,9.0,1,1985,10,
1985-11-06,6.0,6.0,1,1985,11,1985.0
1985-11-07,8.0,7.0,2,1985,11,1985.0
1985-11-08,13.333333333333334,7.0,3,1985,11,1985.0
1985-11-09,12.0,12.0,1,1985,11,1985.0
1985-11-10,19.0,19.0,1,1985,11,1985.0
1985-11-11,15.666666666666666,12.0,3,1985,11,1985.0
1985-11-14,16.0,16.0,1,1985,11,1985.0
1985-11-15,8.0,6.0,3,1985,11,1985.0
1985-11-16,6.0,6.0,1,1985,11,1985.0
1985-11-18,4.0,4.0,1,1985,11,1985.0
1985-11-19,7.0,7.0,2,1985,11,1985.0
1985-11-21,7.5,0.0,4,1985,11,1985.0
1985-11-23,11.0,11.0,2,1985,11,1985.0
1985-11-24,16.0,16.0,1,1985,11,1985.0
1985-11-27,15.666666666666666,12.0,3,1985,11,1985.0
1985-12-02,3.625,1.25,2,1985,12,1985.0
1985-12-03,0.75,0.5,2,1985,12,1985.0
1985-12-04,1.6875,0.5,4,1985,12,1985.0
1985-12-05,1.426,0.38,5,1985,12,1985.0
1985-12-06,1.375,1.25,2,1985,12,1985.0
1985-12-07,5.666666666666667,5.0,3,1985,12,1985.0
1985-12-09,6.0,5.0,2,1985,12,1985.0
1985-12-10,11.5,9.0,2,1985,12,1985.0
1985-12-11,11.0,7.0,4,1985,12,1985.0
1985-12-12,13.333333333333334,12.0,3,1985,12,1985.0
1985-12-13,11.5,11.0,2,1985,12,1985.0
1985-12-14,11.333333333333334,11.0,3,1985,12,1985.0
1985-12-16,19.0,19.0,2,1985,12,1985.0
1985-12-17,11.666666666666666,11.0,3,1985,12,1985.0
1985-12-19,1.0,1.0,1,1985,12,1985.0
1985-12-20,1.19,0.38,2,1985,12,1985.0
1985-12-21,6.0,6.0,1,1985,12,1985.0
1985-12-22,9.0,9.0,1,1985,12,1985.0
1985-12-23,3.5,2.5,3,1985,12,1985.0
1985-12-24,9.5,6.0,4,1985,12,1985.0
1985-12-25,16.0,16.0,4,1985,12,1985.0
1985-12-26,8.5,8.0,2,1985,12,1985.0
1985-12-27,0.6699999999999999,0.38,3,1985,12,1985.0
1985-12-28,0.38,0.38,2,1985,12,1985.0
1985-12-29,1.0,1.0,1,1985,12,1985.0
1985-12-31,4.666666666666667,3.0,3,1985,12,1985.0
1986-01-01,5.5,5.0,2,1986,1,1985.0
1986-01-04,6.75,2.5,2,1986,1,1985.0
1986-01-05,6.0,6.0,1,1986,1,1985.0
1986-01-07,4.75,3.0,4,1986,1,1985.0
1986-01-08,8.0,5.0,2,1986,1,1985.0
1986-01-09,14.333333333333334,12.0,3,1986,1,1985.0
1986-01-10,11.0,10.0,3,1986,1,1985.0
1986-01-11,13.25,9.0,4,1986,1,1985.0
1986-01-12,7.5,4.0,2,1986,1,1985.0
1986-01-13,1.0,1.0,3,1986,1,1985.0
1986-01-14,3.8333333333333335,2.5,3,1986,1,1985.0
1986-01-15,4.0,4.0,1,1986,1,1985.0
1986-01-16,1.0,1.0,1,1986,1,1985.0
1986-01-17,5.0,5.0,1,1986,1,1985.0
1986-01-18,9.0,9.0,1,1986,1,1985.0
1986-01-19,10.4,9.0,5,1986,1,1985.0
1986-01-20,2.1,0.5,5,1986,1,1985.0
1986-01-21,0.8766666666666666,0.38,3,1986,1,1985.0
1986-01-23,11.0,11.0,1,1986,1,1985.0
1986-01-24,14.0,12.0,2,1986,1,1985.0
1986-01-29,17.5,16.0,2,1986,1,1985.0
1986-02-12,12.666666666666666,11.0,3,1986,2,1985.0
1986-02-13,16.0,16.0,1,1986,2,1985.0
1986-02-14,12.0,12.0,1,1986,2,1985.0
1986-02-15,1.6666666666666667,1.0,3,1986,2,1985.0
1986-02-16,6.0,3.0,3,1986,2,1985.0
1986-02-26,5.0,4.0,2,1986,2,1985.0
1986-03-04,6.0,6.0,1,1986,3,1985.0
1986-03-06,5.0,5.0,1,1986,3,1985.0
1986-03-07,6.0,6.0,1,1986,3,1985.0
1986-03-08,6.0,6.0,1,1986,3,1985.0
1986-03-13,5.0,5.0,1,1986,3,1985.0
1986-03-14,1.25,1.25,1,1986,3,1985.0
1986-03-15,6.0,6.0,1,1986,3,1985.0
1986-03-16,3.0,3.0,1,1986,3,1985.0
1986-03-17,5.0,5.0,1,1986,3,1985.0
1986-03-19,11.0,11.0,1,1986,3,1985.0
1986-03-20,2.5,2.5,3,1986,3,1985.0
1986-03-21,,,0,1986,3,1985.0
1986-03-24,6.0,6.0,1,1986,3,1985.0
1986-03-25,11.0,11.0,1,1986,3,1985.0
1986-03-28,3.0,2.0,2,1986,3,1985.0
1986-03-30,1.0,1.0,1,1986,3,1985.0
1986-04-01,6.0,6.0,1,1986,4,
1986-04-05,4.0,4.0,1,1986,4,
1986-04-06,17.0,16.0,3,1986,4,
1986-04-08,12.0,12.0,3,1986,4,
1986-04-15,14.0,12.0,2,1986,4,
1986-04-16,5.0,5.0,1,1986,4,
1986-04-17,4.333333333333333,3.0,3,1986,4,
1986-04-20,9.0,9.0,1,1986,4,
1986-04-21,12.0,12.0,2,1986,4,
1986-04-23,11.666666666666666,11.0,3,1986,4,
1986-04-24,11.0,9.0,3,1986,4,
1986-04-25,16.0,16.0,1,1986,4,
1986-04-26,17.0,16.0,3,1986,4,
1986-04-27,12.0,12.0,1,1986,4,
1986-04-28,12.0,12.0,2,1986,4,
1986-04-29,10.0,9.0,4,1986,4,
1986-04-30,16.0,16.0,1,1986,4,
1986-05-01,12.5,9.0,2,1986,5,
1986-05-02,12.0,12.0,1,1986,5,
1986-05-04,8.5,6.0,2,1986,5,
1986-05-05,6.0,6.0,1,1986,5,
1986-05-06,9.0,9.0,1,1986,5,
1986-05-07,12.0,12.0,2,1986,5,
1986-05-08,9.5,7.0,2,1986,5,
1986-05-09,12.0,12.0,1,1986,5,
1986-05-20,12.0,12.0,1,1986,5,
1986-05-21,12.0,12.0,2,1986,5,
1986-05-23,12.0,12.0,1,1986,5,
1986-05-24,12.0,12.0,1,1986,5,
1986-05-25,7.0,7.0,1,1986,5,
1986-05-29,12.0,12.0,1,1986,5,
1986-06-09,16.0,16.0,1,1986,6,
1986-06-23,16.0,16.0,1,1986,6,
1986-06-25,12.0,12.0,1,1986,6,
1986-07-05,19.0,19.0,1,1986,7,
1986-07-06,14.0,12.0,2,1986,7,
1986-07-07,12.0,12.0,1,1986,7,
1986-07-08,12.0,12.0,1,1986,7,
1986-07-09,9.0,9.0,2,1986,7,
1986-07-10,16.0,16.0,1,1986,7,
1986-07-11,16.0,16.0,1,1986,7,
1986-07-12,16.0,16.0,2,1986,7,
1986-07-14,14.0,12.0,2,1986,7,
1986-07-15,12.0,12.0,1,1986,7,
1986-07-17,12.0,12.0,2,1986,7,
1986-07-18,16.0,16.0,1,1986,7,
1986-07-21,16.0,16.0,1,1986,7,
1986-07-23,12.0,12.0,1,1986,7,
1986-07-27,12.0,12.0,2,1986,7,
1986-07-29,9.0,9.0,1,1986,7,
1986-07-30,11.0,11.0,2,1986,7,
1986-07-31,7.0,7.0,1,1986,7,
1986-08-04,12.0,12.0,1,1986,8,
1986-08-07,12.0,12.0,1,1986,8,
1986-08-08,12.5,11.0,4,1986,8,
1986-08-09,12.0,12.0,1,1986,8,
1986-08-18,9.0,9.0,1,1986,8,
1986-08-20,12.0,12.0,1,1986,8,
1986-08-21,12.0,12.0,1,1986,8,
1986-08-22,12.0,12.0,1,1986,8,
1986-08-24,13.5,11.0,2,1986,8,
1986-08-25,13.5,11.0,2,1986,8,
1986-08-26,12.0,12.0,1,1986,8,
1986-08-29,11.666666666666666,7.0,3,1986,8,
1986-08-30,12.0,12.0,2,1986,8,
1986-09-01,12.0,12.0,1,1986,9,
1986-09-02,11.5,11.0,2,1986,9,
1986-09-05,16.0,16.0,1,1986,9,
1986-09-06,14.0,12.0,2,1986,9,
1986-09-08,9.333333333333334,5.0,3,1986,9,
1986-09-09,11.0,11.0,1,1986,9,
1986-09-17,19.0,19.0,1,1986,9,
1986-09-18,14.666666666666666,12.0,3,1986,9,
1986-09-21,12.0,12.0,1,1986,9,
1986-09-22,1.0,1.0,1,1986,9,
1986-09-24,12.0,12.0,1,1986,9,
1986-09-25,12.0,12.0,1,1986,9,
1986-09-26,12.5,11.0,4,1986,9,
1986-09-27,14.0,11.0,3,1986,9,
1986-09-28,15.5,12.0,2,1986,9,
1986-09-30,14.666666666666666,12.0,3,1986,9,
1986-10-01,16.0,16.0,1,1986,10,
1986-10-02,12.0,12.0,1,1986,10,
1986-10-03,14.0,12.0,2,1986,10,
1986-10-04,14.0,12.0,2,1986,10,
1986-10-06,12.0,12.0,1,1986,10,
1986-10-07,10.0,6.0,3,1986,10,
1986-10-08,4.0,4.0,1,1986,10,
1986-10-10,5.0,5.0,1,1986,10,
1986-10-11,,,0,1986,10,
1986-10-12,6.5,4.0,2,1986,10,
1986-10-13,6.333333333333333,4.0,3,1986,10,
1986-10-14,9.0,9.0,2,1986,10,
1986-10-17,8.5,6.0,2,1986,10,
1986-10-18,9.333333333333334,7.0,6,1986,10,
1986-10-19,14.75,11.0,4,1986,10,
1986-10-20,11.5,11.0,2,1986,10,
1986-10-21,6.0,6.0,1,1986,10,
1986-10-22,4.5,2.0,2,1986,10,
1986-10-23,7.333333333333333,4.0,3,1986,10,
1986-10-24,8.0,7.0,4,1986,10,
1986-10-25,9.0,9.0,2,1986,10,
1986-10-26,16.0,16.0,1,1986,10,
1986-10-28,9.0,9.0,1,1986,10,
1986-10-29,12.0,12.0,1,1986,10,
1986-10-30,15.0,11.0,2,1986,10,
1986-11-01,13.333333333333334,12.0,3,1986,11,1986.0
1986-11-03,9.0,4.0,4,1986,11,1986.0
1986-11-05,13.666666666666666,6.0,3,1986,11,1986.0
1986-11-06,12.0,12.0,2,1986,11,1986.0
1986-11-07,12.0,12.0,1,1986,11,1986.0
1986-11-08,2.5,2.5,1,1986,11,1986.0
1986-11-09,4.125,2.0,4,1986,11,1986.0
1986-11-10,1.44,0.38,2,1986,11,1986.0
1986-11-11,1.25,1.25,1,1986,11,1986.0
1986-11-13,5.0,5.0,3,1986,11,1986.0
1986-11-15,2.625,1.25,2,1986,11,1986.0
1986-11-16,3.75,2.5,2,1986,11,1986.0
1986-11-18,6.0,6.0,1,1986,11,1986.0
1986-11-19,7.333333333333333,4.0,3,1986,11,1986.0
1986-11-20,9.5,7.0,2,1986,11,1986.0
1986-11-21,5.0,5.0,1,1986,11,1986.0
1986-11-23,13.333333333333334,12.0,3,1986,11,1986.0
1986-11-24,4.65,1.25,5,1986,11,1986.0
1986-11-25,4.166666666666667,2.5,3,1986,11,1986.0
1986-11-26,2.0,1.5,2,1986,11,1986.0
1986-11-27,10.5,9.0,2,1986,11,1986.0
1986-11-28,7.666666666666667,5.0,3,1986,11,1986.0
1986-11-29,6.666666666666667,6.0,3,1986,11,1986.0
1986-11-30,1.0,1.0,2,1986,11,1986.0
1986-12-01,1.0,1.0,1,1986,12,1986.0
1986-12-02,0.6575,0.25,4,1986,12,1986.0
1986-12-03,1.375,1.0,4,1986,12,1986.0
1986-12-04,2.5,1.0,3,1986,12,1986.0
1986-12-05,1.44,0.38,4,1986,12,1986.0
1986-12-06,1.75,1.0,4,1986,12,1986.0
1986-12-07,3.25,2.5,2,1986,12,1986.0
1986-12-09,4.0,4.0,1,1986,12,1986.0
1986-12-10,7.666666666666667,5.0,3,1986,12,1986.0
1986-12-11,11.25,4.0,4,1986,12,1986.0
1986-12-13,11.0,11.0,1,1986,12,1986.0
1986-12-14,5.9,0.0,5,1986,12,1986.0
1986-12-17,12.0,12.0,1,1986,12,1986.0
1986-12-18,7.0,5.0,2,1986,12,1986.0
1986-12-19,8.4,4.0,5,1986,12,1986.0
1986-12-20,1.9375,0.25,4,1986,12,1986.0
1986-12-21,0.38,0.38,1,1986,12,1986.0
1986-12-22,2.0625,1.25,4,1986,12,1986.0
1986-12-23,5.75,5.0,4,1986,12,1986.0
1986-12-24,9.0,9.0,1,1986,12,1986.0
1986-12-25,6.75,3.0,4,1986,12,1986.0
1986-12-26,8.0,7.0,2,1986,12,1986.0
1986-12-27,3.125,1.25,2,1986,12,1986.0
1986-12-28,5.0,4.0,4,1986,12,1986.0
1986-12-29,7.5,6.0,2,1986,12,1986.0
1987-01-12,5.0,4.0,2,1987,1,1986.0
1987-01-14,1.625,1.25,2,1987,1,1986.0
1987-01-15,2.0,2.0,1,1987,1,1986.0
1987-01-16,9.0,6.0,2,1987,1,1986.0
1987-01-17,13.333333333333334,12.0,3,1987,1,1986.0
1987-01-19,11.5,11.0,2,1987,1,1986.0
1987-01-20,16.666666666666668,12.0,3,1987,1,1986.0
1987-01-22,9.333333333333334,9.0,3,1987,1,1986.0
1987-01-23,8.666666666666666,6.0,3,1987,1,1986.0
1987-01-25,5.0,5.0,1,1987,1,1986.0
1987-01-26,12.0,12.0,3,1987,1,1986.0
1987-01-27,2.0,1.0,2,1987,1,1986.0
1987-01-28,4.0,4.0,1,1987,1,1986.0
1987-01-29,2.0,2.0,1,1987,1,1986.0
1987-01-30,7.0,7.0,1,1987,1,1986.0
1987-01-31,,,0,1987,1,1986.0
1987-02-01,11.0,11.0,1,1987,2,1986.0
1987-02-04,1.19,0.38,2,1987,2,1986.0
1987-02-05,1.0,1.0,1,1987,2,1986.0
1987-02-08,4.833333333333333,1.5,3,1987,2,1986.0
1987-02-09,6.25,0.5,2,1987,2,1986.0
1987-02-10,1.0,1.0,1,1987,2,1986.0
1987-02-12,5.5,5.0,2,1987,2,1986.0
1987-02-13,4.5,3.0,2,1987,2,1986.0
1987-02-14,7.0,7.0,1,1987,2,1986.0
1987-02-15,3.0,3.0,1,1987,2,1986.0
1987-02-16,6.0,6.0,2,1987,2,1986.0
1987-02-17,8.5,6.0,2,1987,2,1986.0
1987-02-20,8.5,6.0,2,1987,2,1986.0
1987-02-21,10.0,7.0,3,1987,2,1986.0
1987-02-22,11.0,11.0,2,1987,2,1986.0
1987-02-23,12.5,9.0,2,1987,2,1986.0
1987-02-25,9.0,9.0,1,1987,2,1986.0
1987-03-02,11.333333333333334,9.0,3,1987,3,1986.0
1987-03-03,4.125,2.0,4,1987,3,1986.0
1987-03-04,2.625,1.0,4,1987,3,1986.0
1987-03-05,2.8333333333333335,1.0,6,1987,3,1986.0
1987-03-06,5.0,5.0,1,1987,3,1986.0
1987-03-07,7.333333333333333,6.0,3,1987,3,1986.0
1987-03-08,5.0,5.0,1,1987,3,1986.0
1987-03-10,12.166666666666666,11.0,6,1987,3,1986.0
1987-03-11,10.5,9.0,2,1987,3,1986.0
1987-03-12,8.5,1.0,2,1987,3,1986.0
1987-03-25,9.0,9.0,1,1987,3,1986.0
1987-04-04,5.0,4.0,2,1987,4,
1987-04-07,3.0,3.0,1,1987,4,
1987-04-10,5.0,5.0,1,1987,4,
1987-04-12,4.666666666666667,4.0,3,1987,4,
1987-04-13,1.0,1.0,1,1987,4,
1987-04-15,12.0,12.0,1,1987,4,
1987-04-17,8.0,5.0,3,1987,4,
1987-04-18,6.0,3.0,2,1987,4,
1987-04-19,8.75,6.0,4,1987,4,
1987-04-20,2.0,2.0,1,1987,4,
1987-04-21,4.0,4.0,1,1987,4,
1987-04-22,5.0,5.0,1,1987,4,
1987-04-23,1.0,1.0,1,1987,4,
1987-04-25,3.75,1.5,2,1987,4,
1987-04-26,1.0,1.0,1,1987,4,
1987-04-27,2.0,2.0,1,1987,4,
1987-04-29,7.0,7.0,1,1987,4,
1987-05-01,6.0,6.0,1,1987,5,
1987-05-02,1.625,1.25,2,1987,5,
1987-05-03,4.0,4.0,1,1987,5,
1987-05-05,11.0,11.0,1,1987,5,
1987-05-07,14.5,12.0,2,1987,5,
1987-05-08,12.0,12.0,1,1987,5,
1987-05-09,15.5,12.0,2,1987,5,
1987-05-10,10.0,9.0,2,1987,5,
1987-05-11,7.0,7.0,1,1987,5,
1987-05-13,16.0,16.0,1,1987,5,
1987-05-14,13.333333333333334,12.0,3,1987,5,
1987-05-15,16.0,16.0,1,1987,5,
1987-05-18,12.0,12.0,1,1987,5,
1987-05-21,12.0,12.0,1,1987,5,
1987-05-23,,,0,1987,5,
1987-05-26,12.0,12.0,1,1987,5,
1987-05-27,12.0,12.0,1,1987,5,
1987-05-29,14.0,12.0,2,1987,5,
1987-05-30,19.0,19.0,1,1987,5,
1987-05-31,1.0,1.0,1,1987,5,
1987-06-05,12.0,12.0,1,1987,6,
1987-06-09,19.0,19.0,1,1987,6,
1987-06-10,16.0,16.0,3,1987,6,
1987-07-02,16.0,16.0,1,1987,7,
1987-07-03,9.0,9.0,1,1987,7,
1987-07-06,12.0,12.0,1,1987,7,
1987-07-09,16.0,16.0,1,1987,7,
1987-07-10,14.0,12.0,2,1987,7,
1987-07-18,19.0,19.0,1,1987,7,
1987-07-19,15.0,14.0,2,1987,7,
1987-07-20,12.0,12.0,1,1987,7,
1987-07-26,16.0,16.0,1,1987,7,
1987-07-29,16.0,16.0,1,1987,7,
1987-08-02,19.0,19.0,1,1987,8,
1987-08-05,9.0,9.0,1,1987,8,
1987-08-07,12.0,12.0,1,1987,8,
1987-08-11,12.0,12.0,1,1987,8,
1987-08-15,12.0,12.0,1,1987,8,
1987-08-17,19.0,19.0,1,1987,8,
1987-08-18,10.0,9.0,2,1987,8,
1987-08-25,12.5,9.0,2,1987,8,
1987-09-16,9.0,9.0,1,1987,9,
1987-09-19,12.0,12.0,1,1987,9,
1987-09-20,12.0,12.0,1,1987,9,
1987-09-25,12.0,12.0,1,1987,9,
1987-09-27,12.0,12.0,1,1987,9,
1987-10-01,12.0,12.0,1,1987,10,
1987-11-04,3.0,3.0,2,1987,11,1987.0
1987-11-15,2.0,2.0,1,1987,11,1987.0
1987-11-23,6.0,6.0,1,1987,11,1987.0
1987-11-24,,,0,1987,11,1987.0
1987-11-25,19.0,19.0,1,1987,11,1987.0
1987-11-29,16.0,16.0,1,1987,11,1987.0
1987-12-01,7.5,3.0,2,1987,12,1987.0
1987-12-02,10.0,9.0,3,1987,12,1987.0
1987-12-03,12.0,12.0,2,1987,12,1987.0
1987-12-05,6.0,6.0,1,1987,12,1987.0
1987-12-06,3.0,1.0,3,1987,12,1987.0
1987-12-10,5.333333333333333,4.0,3,1987,12,1987.0
1987-12-11,12.0,12.0,1,1987,12,1987.0
1987-12-15,12.0,12.0,1,1987,12,1987.0
1987-12-16,9.0,9.0,1,1987,12,1987.0
1987-12-17,12.0,12.0,1,1987,12,1987.0
1987-12-19,,,0,1987,12,1987.0
1987-12-22,5.0,4.0,2,1987,12,1987.0
1987-12-23,3.5,3.0,2,1987,12,1987.0
1987-12-25,7.0,7.0,1,1987,12,1987.0
1987-12-26,7.0,7.0,1,1987,12,1987.0
1988-01-01,1.75,1.0,3,1988,1,1987.0
1988-01-03,3.0,3.0,2,1988,1,1987.0
1988-01-06,1.0,1.0,1,1988,1,1987.0
1988-01-07,1.0,1.0,1,1988,1,1987.0
1988-01-11,4.0,4.0,1,1988,1,1987.0
1988-01-13,0.38,0.38,1,1988,1,1987.0
1988-01-14,1.25,1.25,1,1988,1,1987.0
1988-01-15,10.5,9.0,2,1988,1,1987.0
1988-01-16,0.5,0.5,1,1988,1,1987.0
1988-01-17,2.0,2.0,1,1988,1,1987.0
1988-01-21,11.0,11.0,2,1988,1,1987.0
1988-01-22,11.0,11.0,1,1988,1,1987.0
1988-01-24,9.0,9.0,1,1988,1,1987.0
1988-01-27,4.0,4.0,1,1988,1,1987.0
1988-01-30,1.25,1.25,1,1988,1,1987.0
1988-02-01,8.5,5.0,2,1988,2,1987.0
1988-02-10,,,0,1988,2,1987.0
1988-02-21,6.0,6.0,1,1988,2,1987.0
1988-03-02,7.0,7.0,1,1988,3,1987.0
1988-03-07,6.0,6.0,1,1988,3,1987.0
1988-03-09,9.0,9.0,1,1988,3,1987.0
1988-03-30,12.0,12.0,1,1988,3,1987.0
1988-04-10,12.0,12.0,1,1988,4,
1988-04-14,8.0,8.0,1,1988,4,
1988-04-15,11.0,11.0,1,1988,4,
1988-04-24,12.0,12.0,1,1988,4,
1988-05-31,12.0,12.0,1,1988,5,
1988-06-04,15.5,12.0,2,1988,6,
1988-06-09,11.0,11.0,1,1988,6,
1988-06-15,12.0,12.0,1,1988,6,
1988-06-17,12.0,12.0,1,1988,6,
1988-06-18,12.0,12.0,1,1988,6,
1988-06-22,16.0,16.0,1,1988,6,
1988-06-27,12.0,12.0,1,1988,6,
1988-06-29,9.0,9.0,1,1988,6,
1988-07-01,12.0,12.0,1,1988,7,
1988-07-03,16.0,16.0,1,1988,7,
1988-08-03,11.0,11.0,1,1988,8,
1988-08-05,12.0,12.0,1,1988,8,
1988-08-06,12.0,12.0,2,1988,8,
1988-08-07,,,0,1988,8,
1988-08-08,11.0,11.0,1,1988,8,
1988-08-11,12.0,12.0,1,1988,8,
1988-08-20,12.0,12.0,1,1988,8,
1988-08-22,16.0,16.0,1,1988,8,
1988-08-23,12.0,12.0,1,1988,8,
1988-08-25,11.0,11.0,1,1988,8,
1988-08-28,16.0,16.0,1,1988,8,
1988-09-02,16.0,16.0,1,1988,9,
1988-09-03,9.0,6.0,2,1988,9,
1988-09-04,16.0,16.0,1,1988,9,
1988-09-06,16.0,16.0,1,1988,9,
1988-09-07,12.0,12.0,1,1988,9,
1988-09-08,11.0,11.0,1,1988,9,
1988-09-10,12.0,12.0,1,1988,9,
1988-09-17,16.0,16.0,1,1988,9,
1988-09-20,12.0,12.0,2,1988,9,
1988-09-27,11.0,11.0,1,1988,9,
1988-09-30,11.0,11.0,1,1988,9,
1988-10-01,16.0,16.0,1,1988,10,
1988-10-08,11.5,7.0,2,1988,10,
1988-10-10,12.0,12.0,2,1988,10,
1988-10-13,19.0,19.0,1,1988,10,
1988-10-14,6.0,6.0,1,1988,10,
1988-10-15,12.0,12.0,1,1988,10,
1988-10-16,11.0,11.0,1,1988,10,
1988-10-17,5.0,5.0,1,1988,10,
1988-10-20,11.0,11.0,2,1988,10,
1988-10-21,11.0,11.0,1,1988,10,
1988-10-24,12.0,12.0,1,1988,10,
1988-10-25,7.0,7.0,1,1988,10,
1988-10-26,12.0,12.0,1,1988,10,
1988-10-30,1.5,1.0,2,1988,10,
1988-11-02,12.0,12.0,1,1988,11,1988.0
1988-11-03,9.0,9.0,1,1988,11,1988.0
1988-11-05,6.333333333333333,1.0,3,1988,11,1988.0
1988-11-06,12.0,12.0,1,1988,11,1988.0
1988-11-08,12.0,12.0,1,1988,11,1988.0
1988-11-10,11.0,11.0,2,1988,11,1988.0
1988-11-14,1.0,1.0,1,1988,11,1988.0
1988-11-15,3.5,3.0,2,1988,11,1988.0
1988-11-21,9.0,9.0,1,1988,11,1988.0
1988-11-22,8.0,7.0,2,1988,11,1988.0
1988-11-25,9.0,6.0,2,1988,11,1988.0
1988-11-26,9.5,7.0,2,1988,11,1988.0
1988-11-27,12.0,12.0,1,1988,11,1988.0
1988-12-01,8.5,6.0,2,1988,12,1988.0
1988-12-02,9.0,9.0,1,1988,12,1988.0
1988-12-05,4.0,4.0,1,1988,12,1988.0
1988-12-14,12.0,12.0,1,1988,12,1988.0
1988-12-15,16.0,16.0,1,1988,12,1988.0
1988-12-27,0.38,0.38,1,1988,12,1988.0
1989-01-05,1.0,1.0,2,1989,1,1988.0
1989-01-08,9.0,9.0,1,1989,1,1988.0
1989-01-11,0.5,0.5,1,1989,1,1988.0
1989-01-12,0.5,0.5,2,1989,1,1988.0
1989-01-13,2.5,2.5,1,1989,1,1988.0
1989-01-14,3.0,3.0,1,1989,1,1988.0
1989-01-15,2.0,2.0,1,1989,1,1988.0
1989-01-17,1.25,1.0,2,1989,1,1988.0
1989-01-18,,,0,1989,1,1988.0
1989-01-19,3.0,3.0,1,1989,1,1988.0
1989-01-21,1.0,1.0,1,1989,1,1988.0
1989-01-23,2.5,2.5,1,1989,1,1988.0
1989-01-24,9.0,9.0,2,1989,1,1988.0
1989-01-30,4.0,4.0,1,1989,1,1988.0
1989-02-03,1.0,1.0,1,1989,2,1988.0
1989-02-06,1.0,1.0,2,1989,2,1988.0
1989-02-07,5.0,5.0,1,1989,2,1988.0
1989-02-14,0.38,0.38,1,1989,2,1988.0
1989-02-17,6.666666666666667,4.0,3,1989,2,1988.0
1989-02-19,1.0,1.0,1,1989,2,1988.0
1989-02-23,1.25,1.25,1,1989,2,1988.0
1989-02-24,5.0,5.0,1,1989,2,1988.0
1989-02-25,12.0,12.0,1,1989,2,1988.0
1989-03-03,9.0,9.0,1,1989,3,1988.0
1989-03-04,1.125,1.0,2,1989,3,1988.0
1989-03-05,1.0,1.0,1,1989,3,1988.0
1989-03-07,43.0,43.0,1,1989,3,1988.0
1989-03-08,16.0,16.0,1,1989,3,1988.0
1989-03-10,1.0,1.0,1,1989,3,1988.0
1989-03-13,5.0,5.0,1,1989,3,1988.0
1989-03-15,7.0,7.0,1,1989,3,1988.0
1989-03-18,9.0,9.0,1,1989,3,1988.0
1989-03-20,7.0,7.0,1,1989,3,1988.0
1989-03-22,12.0,12.0,1,1989,3,1988.0
1989-03-29,12.0,12.0,1,1989,3,1988.0
1989-04-01,1.25,1.25,1,1989,4,
1989-04-02,9.0,9.0,1,1989,4,
1989-04-03,6.0,6.0,1,1989,4,
1989-04-04,9.0,9.0,2,1989,4,
1989-04-07,17.0,17.0,1,1989,4,
1989-04-10,9.0,9.0,1,1989,4,
1989-04-13,14.0,12.0,2,1989,4,
1989-04-14,11.0,11.0,1,1989,4,
1989-04-15,9.0,9.0,1,1989,4,
1989-04-16,12.0,12.0,1,1989,4,
1989-04-18,12.0,12.0,2,1989,4,
1989-04-28,19.0,19.0,1,1989,4,
1989-04-30,34.0,34.0,1,1989,4,
1989-05-11,12.0,12.0,1,1989,5,
1989-05-13,16.0,16.0,1,1989,5,
1989-05-16,1.25,1.25,1,1989,5,
1989-05-23,16.0,16.0,1,1989,5,
1989-06-02,19.0,19.0,1,1989,6,
1989-06-08,12.0,12.0,1,1989,6,
1989-06-18,12.0,12.0,1,1989,6,
1989-06-19,11.0,11.0,1,1989,6,
1989-06-20,16.0,16.0,1,1989,6,
1989-06-23,11.0,11.0,1,1989,6,
1989-06-25,12.0,12.0,1,1989,6,
1989-08-26,12.0,12.0,1,1989,8,
1989-10-09,16.0,16.0,1,1989,10,
1989-10-14,7.0,7.0,1,1989,10,
1989-10-15,11.0,11.0,1,1989,10,
1989-10-17,9.0,9.0,1,1989,10,
1989-10-18,11.0,11.0,1,1989,10,
1989-10-20,1.0,1.0,1,1989,10,
1989-10-21,1.0,1.0,1,1989,10,
1989-12-21,2.5,2.5,1,1989,12,1989.0
1990-06-24,12.0,12.0,1,1990,6,
1990-07-05,16.0,16.0,1,1990,7,
1991-12-19,4.0,4.0,1,1991,12,1991.0
1992-02-13,1.5,1.5,1,1992,2,1991.0
1992-02-24,1.25,1.25,3,1992,2,1991.0
1992-02-29,2.0,2.0,1,1992,2,1991.0
1992-04-11,6.0,6.0,1,1992,4,
1992-12-03,3.0,3.0,1,1992,12,1992.0
1994-01-12,6.0,6.0,1,1994,1,1993.0
1994-01-13,7.0,7.0,1,1994,1,1993.0
1994-01-22,4.0,4.0,1,1994,1,1993.0
1994-02-03,1.0,1.0,1,1994,2,1993.0
1994-02-12,9.0,9.0,1,1994,2,1993.0
1994-02-14,12.0,12.0,1,1994,2,1993.0
1994-02-16,4.0,4.0,1,1994,2,1993.0
1994-02-28,6.0,6.0,1,1994,2,1993.0
1994-03-05,11.0,11.0,2,1994,3,1993.0
1994-03-09,7.0,7.0,1,1994,3,1993.0
1994-03-14,9.0,9.0,1,1994,3,1993.0
1994-03-29,12.0,12.0,1,1994,3,1993.0
1994-03-30,12.0,12.0,2,1994,3,1993.0
1994-04-02,5.0,5.0,1,1994,4,
1994-04-03,6.0,6.0,1,1994,4,
1994-04-04,12.0,12.0,1,1994,4,
1994-04-08,16.0,16.0,1,1994,4,
1994-04-09,12.0,12.0,1,1994,4,
1994-04-13,7.0,7.0,1,1994,4,
1994-04-19,12.0,12.0,1,1994,4,
1994-04-24,12.0,12.0,1,1994,4,
1994-05-18,12.0,12.0,1,1994,5,
1994-06-17,16.0,16.0,1,1994,6,
1994-07-03,12.0,12.0,1,1994,7,
1994-07-18,12.0,12.0,1,1994,7,
1994-08-22,12.0,12.0,1,1994,8,
1994-09-05,12.0,12.0,1,1994,9,
1994-09-11,12.0,12.0,1,1994,9,
1994-09-21,12.0,12.0,1,1994,9,
1994-10-11,12.0,12.0,1,1994,10,
1994-11-15,12.0,12.0,1,1994,11,1994.0
1994-12-17,7.0,7.0,1,1994,12,1994.0
1995-09-23,16.0,16.0,1,1995,9,
1995-10-19,7.0,7.0,1,1995,10,
1995-11-02,19.0,19.0,1,1995,11,1995.0
1995-11-06,2.5,2.5,1,1995,11,1995.0
1996-01-10,12.0,12.0,2,1996,1,1995.0
1996-01-15,12.0,12.0,1,1996,1,1995.0
1996-01-30,9.0,9.0,2,1996,1,1995.0
1996-03-20,12.0,12.0,1,1996,3,1995.0
1996-04-18,7.0,7.0,1,1996,4,
1996-05-28,5.0,5.0,1,1996,5,
1996-06-03,12.0,12.0,1,1996,6,
1996-06-25,12.0,12.0,1,1996,6,
1996-07-26,16.0,16.0,1,1996,7,
1996-08-04,12.0,12.0,1,1996,8,
1996-08-24,16.0,16.0,1,1996,8,
1996-09-05,7.0,7.0,1,1996,9,
1996-09-18,12.0,12.0,1,1996,9,
1996-10-02,12.0,12.0,1,1996,10,
1996-10-06,12.0,12.0,1,1996,10,
1996-10-16,1.0,1.0,2,1996,10,
1997-02-19,6.0,6.0,1,1997,2,1996.0
1997-02-21,0.5,0.5,1,1997,2,1996.0
1997-02-25,1.25,1.25,1,1997,2,1996.0
1997-09-13,11.0,11.0,1,1997,9,
1997-10-05,12.5,9.0,2,1997,10,
1997-12-13,1.25,1.25,1,1997,12,1997.0
1998-01-16,3.0,3.0,1,1998,1,1997.0
1998-01-17,2.5,2.5,1,1998,1,1997.0
1998-01-20,5.0,5.0,1,1998,1,1997.0
1998-01-25,6.0,6.0,1,1998,1,1997.0
1998-02-16,2.0,2.0,1,1998,2,1997.0
1998-03-09,1.0,1.0,1,1998,3,1997.0
1998-03-10,7.0,7.0,1,1998,3,1997.0
1998-03-17,5.0,5.0,1,1998,3,1997.0
1998-06-06,11.0,11.0,1,1998,6,
1998-08-26,9.0,9.0,1,1998,8,
1998-09-08,9.0,9.0,1,1998,9,
1998-09-22,12.0,12.0,1,1998,9,
1998-09-28,12.0,12.0,1,1998,9,
1998-09-30,12.0,12.0,1,1998,9,
1998-10-01,12.0,12.0,1,1998,10,
1998-10-02,14.0,12.0,2,1998,10,
1998-10-03,16.0,16.0,2,1998,10,
1998-10-04,12.0,12.0,1,1998,10,
1998-10-05,11.666666666666666,11.0,3,1998,10,
1998-10-06,12.0,12.0,2,1998,10,
1998-10-07,12.0,12.0,1,1998,10,
1998-10-08,11.4,9.0,5,1998,10,
1998-10-09,11.75,11.0,4,1998,10,
1998-10-10,11.5,11.0,2,1998,10,
1998-10-11,14.0,11.0,3,1998,10,
1998-10-12,12.0,12.0,1,1998,10,
1998-10-13,13.666666666666666,9.0,3,1998,10,
1998-10-14,12.0,12.0,2,1998,10,
1998-10-15,12.0,12.0,2,1998,10,
1998-10-16,6.0,6.0,1,1998,10,
1998-10-17,8.0,4.0,2,1998,10,
1998-10-19,0.9,0.5,5,1998,10,
1998-10-20,1.0,1.0,1,1998,10,
1998-10-21,1.5,1.0,3,1998,10,
1998-10-22,9.0,9.0,3,1998,10,
1998-10-23,12.0,12.0,2,1998,10,
1998-10-24,10.5,9.0,2,1998,10,
1998-10-25,9.0,7.0,2,1998,10,
1998-10-26,6.0,3.0,2,1998,10,
1998-10-27,2.0,0.0,2,1998,10,
1998-10-28,8.125,2.5,4,1998,10,
1998-10-29,13.333333333333334,12.0,3,1998,10,
1998-10-30,1.0,0.5,2,1998,10,
1998-11-01,4.0,4.0,2,1998,11,1998.0
1998-11-02,9.0,6.0,2,1998,11,1998.0
1998-11-05,7.0,7.0,1,1998,11,1998.0
1998-11-06,2.5,2.0,2,1998,11,1998.0
1998-11-10,12.0,12.0,1,1998,11,1998.0
1998-11-11,9.0,9.0,1,1998,11,1998.0
1998-11-12,2.5,2.0,2,1998,11,1998.0
1998-11-13,3.0,3.0,1,1998,11,1998.0
1998-11-14,6.0,6.0,1,1998,11,1998.0
1998-11-20,12.0,12.0,2,1998,11,1998.0
1998-11-23,6.0,6.0,1,1998,11,1998.0
1998-11-25,9.0,9.0,3,1998,11,1998.0
1998-11-26,8.5,5.0,2,1998,11,1998.0
1998-11-27,5.0,3.0,2,1998,11,1998.0
1998-11-29,9.0,9.0,1,1998,11,1998.0
1998-11-30,11.0,9.0,3,1998,11,1998.0
1998-12-02,12.0,12.0,1,1998,12,1998.0
1998-12-03,12.0,12.0,1,1998,12,1998.0
1998-12-04,7.5,3.0,2,1998,12,1998.0
1998-12-11,0.185,0.12,2,1998,12,1998.0
1998-12-12,0.38,0.38,1,1998,12,1998.0
1998-12-13,2.0,2.0,1,1998,12,1998.0
1998-12-14,5.5,5.0,2,1998,12,1998.0
1998-12-17,1.875,1.25,2,1998,12,1998.0
1998-12-21,12.0,12.0,2,1998,12,1998.0
1998-12-22,12.0,12.0,1,1998,12,1998.0
1998-12-26,9.0,9.0,1,1998,12,1998.0
1998-12-27,6.0,6.0,1,1998,12,1998.0
1998-12-28,6.5,4.0,2,1998,12,1998.0
1998-12-29,9.0,9.0,1,1998,12,1998.0
1998-12-31,6.75,1.5,2,1998,12,1998.0
1999-01-01,10.0,10.0,1,1999,1,1998.0
1999-01-02,9.0,9.0,1,1999,1,1998.0
1999-01-03,10.0,10.0,1,1999,1,1998.0
1999-01-04,14.0,9.0,2,1999,1,1998.0
1999-01-05,1.875,1.25,2,1999,1,1998.0
1999-01-06,2.3333333333333335,2.0,3,1999,1,1998.0
1999-01-07,6.0,6.0,1,1999,1,1998.0
1999-01-08,1.0,1.0,1,1999,1,1998.0
1999-01-11,9.666666666666666,7.0,3,1999,1,1998.0
1999-01-12,12.0,12.0,2,1999,1,1998.0
1999-01-13,12.0,12.0,1,1999,1,1998.0
1999-01-14,6.0,6.0,2,1999,1,1998.0
1999-01-15,12.0,12.0,2,1999,1,1998.0
1999-01-16,8.0,7.0,2,1999,1,1998.0
1999-01-17,11.0,11.0,1,1999,1,1998.0
1999-01-18,9.0,9.0,1,1999,1,1998.0
1999-01-21,12.0,12.0,5,1999,1,1998.0
1999-01-22,12.0,12.0,2,1999,1,1998.0
1999-01-24,11.0,11.0,1,1999,1,1998.0
1999-01-26,12.0,12.0,2,1999,1,1998.0
1999-01-27,9.0,9.0,2,1999,1,1998.0
1999-01-28,1.25,1.25,1,1999,1,1998.0
1999-01-29,12.0,12.0,2,1999,1,1998.0
1999-01-30,11.0,11.0,1,1999,1,1998.0
1999-01-31,10.0,9.0,4,1999,1,1998.0
1999-02-01,9.0,9.0,1,1999,2,1998.0
1999-02-05,10.5,9.0,2,1999,2,1998.0
1999-02-06,7.666666666666667,7.0,3,1999,2,1998.0
1999-02-09,1.75,1.5,2,1999,2,1998.0
1999-02-10,3.6666666666666665,3.0,3,1999,2,1998.0
1999-02-11,5.0,5.0,2,1999,2,1998.0
1999-02-12,6.0,6.0,1,1999,2,1998.0
1999-02-14,12.0,12.0,1,1999,2,1998.0
1999-02-15,9.0,9.0,1,1999,2,1998.0
1999-02-16,9.0,9.0,2,1999,2,1998.0
1999-03-03,12.0,12.0,1,1999,3,1998.0
1999-03-04,7.0,7.0,1,1999,3,1998.0
1999-03-05,6.5,4.0,2,1999,3,1998.0
1999-03-06,11.0,11.0,1,1999,3,1998.0
1999-03-07,9.666666666666666,6.0,3,1999,3,1998.0
1999-03-09,11.0,11.0,1,1999,3,1998.0
1999-03-10,9.0,9.0,1,1999,3,1998.0
1999-03-13,10.5,9.0,2,1999,3,1998.0
1999-03-18,5.5,5.0,2,1999,3,1998.0
1999-03-20,12.0,12.0,1,1999,3,1998.0
1999-03-22,5.5,5.0,2,1999,3,1998.0
1999-03-24,1.375,1.25,2,1999,3,1998.0
1999-03-25,2.5,2.5,1,1999,3,1998.0
1999-03-27,6.0,6.0,1,1999,3,1998.0
1999-03-28,4.0,4.0,1,1999,3,1998.0
1999-03-29,6.0,6.0,1,1999,3,1998.0
1999-03-30,9.0,7.0,2,1999,3,1998.0
1999-04-01,1.5,1.5,2,1999,4,
1999-04-02,2.0,2.0,1,1999,4,
1999-04-03,2.5,2.5,1,1999,4,
1999-04-04,5.0,3.0,3,1999,4,
1999-04-05,9.0,6.0,2,1999,4,
1999-04-07,1.25,1.25,2,1999,4,
1999-04-08,0.8333333333333334,0.5,3,1999,4,
1999-04-11,6.0,6.0,2,1999,4,
1999-04-12,9.5,7.0,2,1999,4,
1999-04-13,6.0,6.0,1,1999,4,
1999-04-14,9.0,9.0,1,1999,4,
1999-04-16,11.0,9.0,3,1999,4,
1999-04-19,9.0,9.0,1,1999,4,
1999-04-20,12.0,12.0,1,1999,4,
1999-04-21,12.0,12.0,1,1999,4,
1999-04-22,11.666666666666666,11.0,3,1999,4,
1999-04-24,9.0,9.0,1,1999,4,
1999-04-26,12.0,12.0,3,1999,4,
1999-04-27,12.0,12.0,1,1999,4,
1999-04-28,12.0,12.0,1,1999,4,
1999-04-29,12.0,12.0,2,1999,4,
1999-04-30,12.0,12.0,1,1999,4,
1999-05-02,12.0,12.0,1,1999,5,
1999-05-03,12.0,12.0,1,1999,5,
1999-05-04,12.0,12.0,2,1999,5,
1999-05-06,12.0,12.0,1,1999,5,
1999-05-07,12.0,12.0,1,1999,5,
1999-05-08,12.0,12.0,2,1999,5,
1999-05-10,12.0,12.0,1,1999,5,
1999-05-11,6.0,6.0,1,1999,5,
1999-05-12,12.0,12.0,3,1999,5,
1999-05-13,9.0,9.0,1,1999,5,
1999-05-14,9.0,9.0,1,1999,5,
1999-05-16,12.0,12.0,1,1999,5,
1999-05-17,12.0,12.0,2,1999,5,
1999-05-20,12.0,12.0,1,1999,5,
1999-05-24,12.0,12.0,1,1999,5,
1999-05-26,12.0,12.0,2,1999,5,
1999-05-27,12.0,12.0,1,1999,5,
1999-05-28,11.0,11.0,1,1999,5,
1999-05-29,11.0,11.0,1,1999,5,
1999-05-30,12.0,12.0,1,1999,5,
1999-06-02,12.0,12.0,2,1999,6,
1999-06-03,12.0,12.0,1,1999,6,
1999-06-05,9.0,6.0,2,1999,6,
1999-06-07,10.666666666666666,9.0,3,1999,6,
1999-06-09,12.0,12.0,1,1999,6,
1999-06-10,12.0,12.0,2,1999,6,
1999-06-11,12.0,12.0,2,1999,6,
1999-06-13,11.5,11.0,2,1999,6,
1999-06-14,9.0,9.0,1,1999,6,
1999-06-15,10.5,9.0,2,1999,6,
1999-06-16,12.0,12.0,1,1999,6,
1999-06-17,10.0,10.0,1,1999,6,
1999-06-18,11.0,9.0,3,1999,6,
1999-06-20,12.5,6.0,4,1999,6,
1999-06-21,12.0,12.0,1,1999,6,
1999-06-22,12.0,12.0,1,1999,6,
1999-06-23,12.0,12.0,1,1999,6,
1999-06-24,12.0,12.0,1,1999,6,
1999-06-25,12.0,12.0,1,1999,6,
1999-06-27,9.0,9.0,1,1999,6,
1999-06-28,12.0,12.0,1,1999,6,
1999-07-01,12.0,12.0,1,1999,7,
1999-07-02,12.0,12.0,2,1999,7,
1999-07-03,12.0,12.0,1,1999,7,
1999-07-05,12.0,12.0,2,1999,7,
1999-07-06,16.0,16.0,1,1999,7,
1999-07-08,11.5,11.0,2,1999,7,
1999-07-10,10.5,9.0,2,1999,7,
1999-07-11,12.0,12.0,3,1999,7,
1999-07-12,12.0,12.0,2,1999,7,
1999-07-13,12.0,12.0,1,1999,7,
1999-07-14,12.0,12.0,1,1999,7,
1999-07-15,10.5,9.0,2,1999,7,
1999-07-16,12.0,12.0,2,1999,7,
1999-07-19,12.0,12.0,3,1999,7,
1999-07-20,11.5,7.0,2,1999,7,
1999-07-21,12.0,12.0,1,1999,7,
1999-07-22,12.0,12.0,1,1999,7,
1999-07-23,11.0,11.0,2,1999,7,
1999-07-24,9.0,9.0,1,1999,7,
1999-07-25,9.0,9.0,1,1999,7,
1999-07-26,12.0,12.0,1,1999,7,
1999-07-27,9.0,9.0,2,1999,7,
1999-07-28,11.666666666666666,11.0,3,1999,7,
1999-07-30,12.0,12.0,1,1999,7,
1999-07-31,12.0,12.0,1,1999,7,
1999-08-02,12.0,12.0,2,1999,8,
1999-08-03,12.0,12.0,2,1999,8,
1999-08-04,6.0,6.0,1,1999,8,
1999-08-06,12.0,12.0,1,1999,8,
1999-08-07,11.0,11.0,1,1999,8,
1999-08-09,9.0,6.0,2,1999,8,
1999-08-10,12.0,12.0,2,1999,8,
1999-08-11,8.333333333333334,4.0,3,1999,8,
1999-08-12,11.0,11.0,1,1999,8,
1999-08-13,12.0,12.0,1,1999,8,
1999-08-14,10.5,9.0,2,1999,8,
1999-08-15,16.0,16.0,1,1999,8,
1999-08-16,6.0,6.0,1,1999,8,
1999-08-17,11.0,11.0,1,1999,8,
1999-08-18,12.0,12.0,1,1999,8,
1999-08-19,12.0,12.0,1,1999,8,
1999-08-20,12.0,12.0,1,1999,8,
1999-08-23,12.0,12.0,2,1999,8,
1999-08-24,12.0,12.0,2,1999,8,
1999-08-26,9.0,9.0,1,1999,8,
1999-08-27,11.0,11.0,1,1999,8,
1999-08-29,11.0,11.0,1,1999,8,
1999-08-30,12.0,12.0,1,1999,8,
1999-08-31,9.0,6.0,2,1999,8,
1999-09-02,9.0,9.0,1,1999,9,
1999-09-03,10.5,9.0,2,1999,9,
1999-09-04,12.0,12.0,1,1999,9,
1999-09-08,10.5,9.0,2,1999,9,
1999-09-09,12.0,12.0,3,1999,9,
1999-09-10,12.0,12.0,1,1999,9,
1999-09-11,12.0,12.0,1,1999,9,
1999-09-12,11.5,11.0,2,1999,9,
1999-09-14,13.5,12.0,2,1999,9,
1999-09-15,12.0,12.0,2,1999,9,
1999-09-16,12.0,12.0,2,1999,9,
1999-09-17,11.0,11.0,1,1999,9,
1999-09-18,12.0,12.0,2,1999,9,
1999-09-19,12.0,12.0,3,1999,9,
1999-09-21,9.5,7.0,2,1999,9,
1999-09-22,9.0,9.0,1,1999,9,
1999-09-24,12.0,12.0,2,1999,9,
1999-09-25,10.5,9.0,2,1999,9,
1999-09-26,12.0,12.0,1,1999,9,
1999-09-28,11.0,9.0,3,1999,9,
1999-09-29,12.0,12.0,1,1999,9,
1999-09-30,11.0,9.0,3,1999,9,
1999-10-01,11.2,9.0,5,1999,10,
1999-10-03,9.0,9.0,1,1999,10,
1999-10-05,9.0,6.0,2,1999,10,
1999-10-06,7.5,6.0,2,1999,10,
1999-10-07,12.0,12.0,3,1999,10,
1999-10-08,12.0,12.0,2,1999,10,
1999-10-09,10.5,9.0,2,1999,10,
1999-10-10,12.0,12.0,2,1999,10,
1999-10-12,7.0,7.0,2,1999,10,
1999-10-13,11.0,11.0,1,1999,10,
1999-10-14,10.0,9.0,4,1999,10,
1999-10-15,6.5,4.0,2,1999,10,
1999-10-16,4.0,4.0,1,1999,10,
1999-10-17,2.0,2.0,1,1999,10,
1999-10-18,9.0,9.0,2,1999,10,
1999-10-19,2.5,2.5,1,1999,10,
1999-10-20,4.5,2.0,3,1999,10,
1999-10-21,2.75,2.5,2,1999,10,
1999-10-22,5.0,3.0,3,1999,10,
1999-10-24,9.5,9.0,2,1999,10,
1999-10-25,6.833333333333333,2.5,3,1999,10,
1999-10-26,3.5,2.5,4,1999,10,
1999-10-28,7.25,5.0,4,1999,10,
1999-10-29,7.0,7.0,1,1999,10,
1999-10-30,9.0,9.0,1,1999,10,
1999-10-31,12.0,12.0,2,1999,10,
1999-11-01,12.0,12.0,1,1999,11,1999.0
1999-11-02,6.0,6.0,1,1999,11,1999.0
1999-11-05,12.0,12.0,2,1999,11,1999.0
1999-11-07,16.0,16.0,1,1999,11,1999.0
1999-11-08,12.0,12.0,2,1999,11,1999.0
1999-11-10,9.0,6.0,2,1999,11,1999.0
1999-11-13,3.75,1.5,2,1999,11,1999.0
1999-11-14,4.0,4.0,1,1999,11,1999.0
1999-12-03,9.0,9.0,1,1999,12,1999.0
1999-12-05,9.0,9.0,1,1999,12,1999.0
1999-12-06,2.0,2.0,1,1999,12,1999.0
1999-12-07,6.5,2.0,2,1999,12,1999.0
1999-12-08,8.5,6.0,2,1999,12,1999.0
1999-12-09,4.0,3.0,2,1999,12,1999.0
1999-12-10,3.0,0.5,3,1999,12,1999.0
1999-12-12,12.0,12.0,2,1999,12,1999.0
1999-12-13,1.25,1.25,1,1999,12,1999.0
1999-12-14,1.75,1.0,2,1999,12,1999.0
1999-12-15,1.625,1.25,2,1999,12,1999.0
1999-12-16,3.0,3.0,1,1999,12,1999.0
1999-12-17,9.0,6.0,2,1999,12,1999.0
1999-12-18,12.0,12.0,1,1999,12,1999.0
1999-12-21,9.0,9.0,1,1999,12,1999.0
1999-12-22,10.5,9.0,2,1999,12,1999.0
1999-12-23,6.0,6.0,1,1999,12,1999.0
1999-12-25,2.19,0.38,2,1999,12,1999.0
1999-12-27,0.12,0.12,1,1999,12,1999.0
1999-12-28,1.0,1.0,3,1999,12,1999.0
1999-12-31,8.0,7.0,2,1999,12,1999.0
2000-01-02,9.0,9.0,1,2000,1,1999.0
2000-01-03,12.0,12.0,1,2000,1,1999.0
2000-01-04,5.0,5.0,1,2000,1,1999.0
2000-01-05,6.0,6.0,1,2000,1,1999.0
2000-01-06,1.25,1.25,1,2000,1,1999.0
2000-01-07,1.25,1.25,2,2000,1,1999.0
2000-01-11,1.125,1.0,2,2000,1,1999.0
2000-01-12,4.0,4.0,1,2000,1,1999.0
2000-01-14,3.0,3.0,1,2000,1,1999.0
2000-01-16,7.0,7.0,1,2000,1,1999.0
2000-01-17,4.5,2.0,2,2000,1,1999.0
2000-01-19,12.0,12.0,1,2000,1,1999.0
2000-01-20,12.0,12.0,1,2000,1,1999.0
2000-01-21,12.0,12.0,3,2000,1,1999.0
2000-01-22,12.0,12.0,1,2000,1,1999.0
2000-01-24,12.0,12.0,1,2000,1,1999.0
2000-01-26,11.0,9.0,3,2000,1,1999.0
2000-01-27,9.666666666666666,9.0,3,2000,1,1999.0
2000-02-25,6.0,5.0,2,2000,2,1999.0
2000-02-26,0.5,0.5,1,2000,2,1999.0
2000-03-02,0.38,0.38,1,2000,3,1999.0
2000-03-06,1.0,1.0,1,2000,3,1999.0
2000-03-16,6.0,6.0,1,2000,3,1999.0
2000-03-17,5.0,5.0,1,2000,3,1999.0
2000-03-18,7.0,7.0,1,2000,3,1999.0
2000-03-22,12.0,12.0,1,2000,3,1999.0
2000-03-30,9.0,9.0,1,2000,3,1999.0
2000-04-01,2.5,2.5,1,2000,4,
2000-05-13,7.0,7.0,1,2000,5,
2000-05-15,7.0,7.0,1,2000,5,
2000-06-16,7.0,7.0,2,2000,6,
2000-07-31,7.0,7.0,1,2000,7,
2000-08-04,7.0,7.0,1,2000,8,
2000-08-08,7.0,7.0,1,2000,8,
2000-08-19,7.0,7.0,1,2000,8,
2000-08-22,7.0,7.0,1,2000,8,
2000-08-23,6.0,6.0,1,2000,8,
2000-08-24,7.0,7.0,1,2000,8,
2000-08-26,7.0,7.0,1,2000,8,
2000-08-27,8.0,7.0,2,2000,8,
2000-08-30,6.0,6.0,1,2000,8,
2000-09-06,7.0,7.0,1,2000,9,
2000-09-08,7.0,7.0,1,2000,9,
2000-09-15,6.0,6.0,1,2000,9,
2000-10-02,6.5,6.0,2,2000,10,
2000-10-03,7.0,7.0,1,2000,10,
2000-10-04,6.0,6.0,1,2000,10,
2000-10-05,5.5,5.0,2,2000,10,
2000-10-06,6.0,6.0,2,2000,10,
2000-10-07,7.0,3.0,3,2000,10,
2000-10-12,12.0,12.0,1,2000,10,
2000-11-04,9.0,9.0,1,2000,11,2000.0
2000-11-10,11.0,11.0,1,2000,11,2000.0
2000-11-15,1.0,1.0,1,2000,11,2000.0
2000-11-16,3.0,3.0,1,2000,11,2000.0
2000-11-20,5.0,4.0,2,2000,11,2000.0
2000-11-21,7.5,6.0,2,2000,11,2000.0
2000-11-28,1.25,1.25,2,2000,11,2000.0
2000-11-29,6.0,6.0,2,2000,11,2000.0
2000-12-04,6.0,6.0,2,2000,12,2000.0
2000-12-05,6.0,6.0,3,2000,12,2000.0
2000-12-06,6.0,6.0,1,2000,12,2000.0
2000-12-08,2.0,2.0,1,2000,12,2000.0
2000-12-10,2.0,1.0,2,2000,12,2000.0
2000-12-11,1.0,1.0,1,2000,12,2000.0
2000-12-12,2.125,1.25,2,2000,12,2000.0
2000-12-13,5.0,5.0,2,2000,12,2000.0
2000-12-14,1.5,1.5,1,2000,12,2000.0
2000-12-15,1.0,1.0,1,2000,12,2000.0
2000-12-20,6.0,6.0,2,2000,12,2000.0
2000-12-21,4.0,4.0,1,2000,12,2000.0
2000-12-22,6.0,6.0,3,2000,12,2000.0
2000-12-23,9.5,7.0,2,2000,12,2000.0
2000-12-24,6.0,6.0,1,2000,12,2000.0
2000-12-25,10.666666666666666,6.0,6,2000,12,2000.0
2000-12-26,6.0,6.0,5,2000,12,2000.0
2000-12-27,6.0,6.0,2,2000,12,2000.0
2000-12-28,6.0,6.0,6,2000,12,2000.0
2000-12-29,6.0,6.0,1,2000,12,2000.0
2000-12-30,6.0,6.0,4,2000,12,2000.0
2000-12-31,6.0,6.0,5,2000,12,2000.0
2001-01-01,6.0,6.0,3,2001,1,2000.0
2001-01-02,4.75,2.5,2,2001,1,2000.0
2001-01-03,1.0,1.0,1,2001,1,2000.0
2001-01-04,6.0,6.0,1,2001,1,2000.0
2001-01-05,8.0,6.0,2,2001,1,2000.0
2001-01-06,1.0,1.0,3,2001,1,2000.0
2001-01-07,2.5,2.5,1,2001,1,2000.0
2001-01-12,2.5,2.5,2,2001,1,2000.0
2001-01-14,5.05,1.25,5,2001,1,2000.0
2001-01-15,5.1,0.5,5,2001,1,2000.0
2001-01-16,6.25,6.0,4,2001,1,2000.0
2001-01-17,9.333333333333334,6.0,3,2001,1,2000.0
2001-01-18,6.0,6.0,1,2001,1,2000.0
2001-01-19,1.75,1.0,4,2001,1,2000.0
2001-01-20,1.0,1.0,2,2001,1,2000.0
2001-01-22,6.0,6.0,4,2001,1,2000.0
2001-01-23,5.0,5.0,1,2001,1,2000.0
2001-01-26,2.0,2.0,2,2001,1,2000.0
2001-01-27,4.75,2.5,2,2001,1,2000.0
2001-01-29,5.833333333333333,5.0,6,2001,1,2000.0
2001-01-30,4.625,1.25,6,2001,1,2000.0
2001-01-31,1.25,1.25,1,2001,1,2000.0
2001-02-01,6.166666666666667,6.0,6,2001,2,2000.0
2001-02-02,6.0,6.0,1,2001,2,2000.0
2001-02-03,,,0,2001,2,2000.0
2001-02-04,1.5,1.5,1,2001,2,2000.0
2001-02-06,10.09375,1.0,8,2001,2,2000.0
2001-02-07,28.5,1.0,2,2001,2,2000.0
2001-02-08,1.5,1.5,2,2001,2,2000.0
2001-02-09,1.0,1.0,2,2001,2,2000.0
2001-02-11,5.666666666666667,4.0,6,2001,2,2000.0
2001-02-12,3.0,2.5,3,2001,2,2000.0
2001-02-13,6.0,6.0,3,2001,2,2000.0
2001-02-14,5.0,5.0,1,2001,2,2000.0
2001-02-15,1.0,1.0,1,2001,2,2000.0
2001-02-16,1.25,1.25,4,2001,2,2000.0
2001-02-18,1.0,1.0,2,2001,2,2000.0
2001-02-19,1.1666666666666667,1.0,3,2001,2,2000.0
2001-02-20,6.0,6.0,1,2001,2,2000.0
2001-02-21,6.0,6.0,3,2001,2,2000.0
2001-02-22,6.0,6.0,1,2001,2,2000.0
2001-02-23,6.0,6.0,5,2001,2,2000.0
2001-02-24,4.25,2.5,4,2001,2,2000.0
2001-02-25,6.0,6.0,2,2001,2,2000.0
2001-02-26,6.0,6.0,3,2001,2,2000.0
2001-02-27,6.5,6.0,2,2001,2,2000.0
2001-02-28,7.0,3.0,4,2001,2,2000.0
2001-03-02,6.0,6.0,3,2001,3,2000.0
2001-03-03,4.75,1.0,4,2001,3,2000.0
2001-03-05,4.75,4.0,4,2001,3,2000.0
2001-03-06,6.0,6.0,4,2001,3,2000.0
2001-03-07,5.0,5.0,1,2001,3,2000.0
2001-03-08,6.0,6.0,3,2001,3,2000.0
2001-03-10,6.0,6.0,3,2001,3,2000.0
2001-03-11,9.0,6.0,2,2001,3,2000.0
2001-03-12,6.0,6.0,2,2001,3,2000.0
2001-03-13,6.0,6.0,3,2001,3,2000.0
2001-03-15,3.6666666666666665,2.0,3,2001,3,2000.0
2001-03-16,2.1666666666666665,2.0,3,2001,3,2000.0
2001-03-18,4.5,3.0,2,2001,3,2000.0
2001-03-20,6.2,6.0,5,2001,3,2000.0
2001-03-21,6.0,6.0,4,2001,3,2000.0
2001-03-22,7.0,7.0,1,2001,3,2000.0
2001-03-23,6.0,6.0,4,2001,3,2000.0
2001-03-26,4.0,4.0,1,2001,3,2000.0
2001-03-28,5.0,1.0,5,2001,3,2000.0
2001-03-30,5.333333333333333,4.0,3,2001,3,2000.0
2001-03-31,6.0,6.0,1,2001,3,2000.0
2001-04-01,1.0,1.0,1,2001,4,
2001-04-02,5.6,4.0,5,2001,4,
2001-04-05,6.0,6.0,1,2001,4,
2001-04-10,6.0,6.0,5,2001,4,
2001-04-11,6.25,6.0,4,2001,4,
2001-04-12,6.0,6.0,1,2001,4,
2001-04-14,6.0,6.0,1,2001,4,
2001-04-15,5.2,4.0,5,2001,4,
2001-04-16,6.5,6.0,2,2001,4,
2001-04-20,6.0,6.0,2,2001,4,
2001-04-25,6.0,6.0,1,2001,4,
2001-05-22,6.0,6.0,1,2001,5,
2001-05-24,12.0,12.0,1,2001,5,
2001-05-27,12.0,12.0,1,2001,5,
2001-05-28,6.0,6.0,1,2001,5,
2001-05-31,6.0,6.0,2,2001,5,
2001-06-03,6.0,6.0,1,2001,6,
2001-06-05,6.0,6.0,3,2001,6,
2001-06-06,6.0,6.0,2,2001,6,
2001-06-10,6.0,6.0,2,2001,6,
2001-06-12,12.0,12.0,1,2001,6,
2001-06-13,9.666666666666666,6.0,3,2001,6,
2001-06-14,9.333333333333334,6.0,3,2001,6,
2001-06-15,7.0,7.0,1,2001,6,
2001-06-17,8.0,6.0,3,2001,6,
2001-06-18,9.0,6.0,2,2001,6,
2001-06-21,16.0,16.0,1,2001,6,
2001-06-26,10.0,6.0,5,2001,6,
2001-06-29,12.0,12.0,1,2001,6,
2001-06-30,6.0,6.0,1,2001,6,
2001-07-01,6.0,6.0,1,2001,7,
2001-07-02,12.0,12.0,2,2001,7,
2001-07-03,6.0,6.0,2,2001,7,
2001-07-04,6.0,6.0,2,2001,7,
2001-07-05,6.0,6.0,2,2001,7,
2001-07-06,6.0,6.0,2,2001,7,
2001-07-09,6.0,6.0,1,2001,7,
2001-07-10,6.0,6.0,2,2001,7,
2001-07-11,6.0,6.0,2,2001,7,
2001-07-12,23.5,10.0,2,2001,7,
2001-07-13,6.0,6.0,1,2001,7,
2001-07-15,6.0,6.0,2,2001,7,
2001-07-17,9.0,6.0,2,2001,7,
2001-07-20,6.0,6.0,2,2001,7,
2001-07-21,6.07,6.0,3,2001,7,
2001-07-22,6.0,6.0,1,2001,7,
2001-07-23,8.0,6.0,3,2001,7,
2001-07-24,6.0,6.0,2,2001,7,
2001-07-25,6.5,6.0,2,2001,7,
2001-07-26,6.0,6.0,5,2001,7,
2001-07-27,6.0,6.0,2,2001,7,
2001-07-29,,,0,2001,7,
2001-07-30,6.0,6.0,1,2001,7,
2001-08-01,7.0,7.0,2,2001,8,
2001-08-02,12.25,7.0,4,2001,8,
2001-08-03,7.0,7.0,3,2001,8,
2001-08-04,7.0,7.0,1,2001,8,
2001-08-06,5.0,5.0,1,2001,8,
2001-08-07,7.0,7.0,6,2001,8,
2001-08-08,7.8,6.0,5,2001,8,
2001-08-09,7.0,7.0,1,2001,8,
2001-08-10,6.0,6.0,4,2001,8,
2001-08-12,6.5,6.0,2,2001,8,
2001-08-13,7.0,7.0,5,2001,8,
2001-08-14,6.428571428571429,3.0,7,2001,8,
2001-08-15,6.444444444444445,6.0,9,2001,8,
2001-08-17,7.4,7.0,5,2001,8,
2001-08-20,7.5,6.0,8,2001,8,
2001-08-21,6.5,6.0,4,2001,8,
2001-08-22,6.25,6.0,4,2001,8,
2001-08-23,12.0,12.0,1,2001,8,
2001-08-24,6.5,6.0,2,2001,8,
2001-08-25,6.333333333333333,6.0,3,2001,8,
2001-08-26,6.0,5.0,2,2001,8,
2001-08-27,6.333333333333333,6.0,3,2001,8,
2001-08-28,7.0,7.0,4,2001,8,
2001-08-29,6.5,6.0,4,2001,8,
2001-08-30,12.0,12.0,1,2001,8,
2001-08-31,7.0,3.0,6,2001,8,
2001-09-01,7.0,7.0,1,2001,9,
2001-09-02,7.0,7.0,3,2001,9,
2001-09-03,7.0,7.0,4,2001,9,
2001-09-04,7.166666666666667,4.0,6,2001,9,
2001-09-05,8.333333333333334,6.0,3,2001,9,
2001-09-06,7.0,7.0,3,2001,9,
2001-09-07,6.666666666666667,6.0,3,2001,9,
2001-09-09,6.0,6.0,2,2001,9,
2001-09-10,6.0,6.0,5,2001,9,
2001-09-11,7.0,7.0,4,2001,9,
2001-09-12,7.0,7.0,2,2001,9,
2001-09-13,7.0,7.0,2,2001,9,
2001-09-14,7.0,7.0,5,2001,9,
2001-09-15,7.0,7.0,2,2001,9,
2001-09-16,6.0,6.0,1,2001,9,
2001-09-17,7.0,6.0,12,2001,9,
2001-09-18,7.0,7.0,10,2001,9,
2001-09-19,6.0,6.0,4,2001,9,
2001-09-20,6.6,6.0,5,2001,9,
2001-09-21,7.0,7.0,1,2001,9,
2001-09-22,7.0,7.0,1,2001,9,
2001-09-24,6.0,6.0,3,2001,9,
2001-09-25,6.888888888888889,6.0,9,2001,9,
2001-09-26,7.0,7.0,5,2001,9,
2001-09-27,7.0,7.0,2,2001,9,
2001-09-28,6.5,6.0,6,2001,9,
2001-09-29,6.4,6.0,5,2001,9,
2001-09-30,6.0,6.0,5,2001,9,
2001-10-01,8.0,7.0,2,2001,10,
2001-10-02,7.166666666666667,6.0,6,2001,10,
2001-10-03,6.333333333333333,6.0,3,2001,10,
2001-10-05,2.6666666666666665,2.5,3,2001,10,
2001-10-06,6.0,6.0,1,2001,10,
2001-10-07,7.0,7.0,2,2001,10,
2001-10-08,6.0,6.0,6,2001,10,
2001-10-09,6.125,6.0,8,2001,10,
2001-10-10,5.25,3.0,4,2001,10,
2001-10-12,1.8333333333333333,1.25,3,2001,10,
2001-10-13,1.0,1.0,1,2001,10,
2001-10-14,6.0,6.0,1,2001,10,
2001-10-17,7.0,7.0,1,2001,10,
2001-10-18,6.5,6.0,2,2001,10,
2001-10-20,6.0,6.0,7,2001,10,
2001-10-22,2.125,2.0,4,2001,10,
2001-10-23,1.125,1.0,2,2001,10,
2001-10-24,1.5,1.0,2,2001,10,
2001-10-25,1.0,1.0,1,2001,10,
2001-10-26,1.65,1.0,5,2001,10,
2001-10-28,2.5,2.5,1,2001,10,
2001-10-29,1.0,1.0,4,2001,10,
2001-10-30,1.5625,1.0,4,2001,10,
2001-10-31,2.0,1.0,2,2001,10,
2001-11-01,1.0,1.0,1,2001,11,2001.0
2001-11-02,6.0,6.0,5,2001,11,2001.0
2001-11-06,6.0,6.0,6,2001,11,2001.0
2001-11-07,1.0833333333333333,1.0,3,2001,11,2001.0
2001-11-09,4.416666666666667,1.25,3,2001,11,2001.0
2001-11-10,5.0,5.0,1,2001,11,2001.0
2001-11-12,6.0,6.0,4,2001,11,2001.0
2001-11-13,4.5,2.5,3,2001,11,2001.0
2001-11-14,6.75,6.0,4,2001,11,2001.0
2001-11-16,6.0,6.0,5,2001,11,2001.0
2001-11-17,6.0,6.0,1,2001,11,2001.0
2001-11-18,,,0,2001,11,2001.0
2001-11-19,3.0833333333333335,1.25,3,2001,11,2001.0
2001-11-20,2.0,2.0,3,2001,11,2001.0
2001-11-21,5.1,2.5,5,2001,11,2001.0
2001-11-22,3.0833333333333335,1.25,3,2001,11,2001.0
2001-11-23,1.3125,1.0,4,2001,11,2001.0
2001-11-26,6.0,6.0,1,2001,11,2001.0
2001-11-27,6.0,6.0,2,2001,11,2001.0
2001-11-28,6.0,6.0,2,2001,11,2001.0
2001-11-30,6.0,6.0,2,2001,11,2001.0
2001-12-02,6.0,6.0,3,2001,12,2001.0
2001-12-03,6.0,6.0,1,2001,12,2001.0
2001-12-04,6.0,6.0,1,2001,12,2001.0
2001-12-05,2.5,2.0,2,2001,12,2001.0
2001-12-07,4.125,1.25,2,2001,12,2001.0
2001-12-08,6.0,6.0,1,2001,12,2001.0
2001-12-12,6.0,6.0,4,2001,12,2001.0
2001-12-13,6.0,6.0,3,2001,12,2001.0
2001-12-14,6.0,6.0,3,2001,12,2001.0
2001-12-15,6.0,6.0,5,2001,12,2001.0
2001-12-17,6.0,6.0,2,2001,12,2001.0
2001-12-18,6.0,6.0,2,2001,12,2001.0
2001-12-19,6.0,6.0,2,2001,12,2001.0
2001-12-20,6.0,6.0,3,2001,12,2001.0
2001-12-21,,,0,2001,12,2001.0
2001-12-22,6.0,6.0,4,2001,12,2001.0
2001-12-23,6.0,6.0,3,2001,12,2001.0
2001-12-24,6.0,6.0,3,2001,12,2001.0
2001-12-26,9.0,9.0,1,2001,12,2001.0
2001-12-27,6.0,6.0,2,2001,12,2001.0
2001-12-29,6.0,6.0,4,2001,12,2001.0
2001-12-30,6.0,6.0,1,2001,12,2001.0
2002-01-01,1.1666666666666667,1.0,3,2002,1,2001.0
2002-01-02,,,0,2002,1,2001.0
2002-01-06,6.0,6.0,3,2002,1,2001.0
2002-01-09,1.0,1.0,1,2002,1,2001.0
2002-01-10,,,0,2002,1,2001.0
2002-01-11,1.25,1.25,1,2002,1,2001.0
2002-01-13,1.25,1.0,5,2002,1,2001.0
2002-01-17,3.0,3.0,1,2002,1,2001.0
2002-01-18,6.0,6.0,3,2002,1,2001.0
2002-01-19,6.0,6.0,1,2002,1,2001.0
2002-01-20,1.0,1.0,1,2002,1,2001.0
2002-01-24,1.0,1.0,1,2002,1,2001.0
2002-01-25,1.125,1.0,2,2002,1,2001.0
2002-01-28,1.0833333333333333,1.0,3,2002,1,2001.0
2002-02-01,1.0,1.0,1,2002,2,2001.0
2002-02-03,1.0,1.0,3,2002,2,2001.0
2002-02-09,6.0,6.0,1,2002,2,2001.0
2002-02-12,1.0,1.0,1,2002,2,2001.0
2002-02-13,,,0,2002,2,2001.0
2002-02-17,6.0,6.0,1,2002,2,2001.0
2002-02-20,6.0,6.0,1,2002,2,2001.0
2002-02-24,6.0,6.0,1,2002,2,2001.0
2002-03-11,7.0,7.0,1,2002,3,2001.0
2002-03-14,7.0,7.0,1,2002,3,2001.0
2002-03-16,6.0,6.0,2,2002,3,2001.0
2002-03-22,2.0,2.0,1,2002,3,2001.0
2002-03-23,1.25,1.25,1,2002,3,2001.0
2002-03-30,6.0,6.0,1,2002,3,2001.0
2002-03-31,6.0,6.0,1,2002,3,2001.0
2002-04-03,1.25,1.25,1,2002,4,
2002-04-05,6.0,6.0,1,2002,4,
2002-04-07,6.0,6.0,1,2002,4,
2002-04-10,6.0,6.0,3,2002,4,
2002-04-12,7.0,7.0,1,2002,4,
2002-04-15,6.333333333333333,6.0,3,2002,4,
2002-04-16,7.0,7.0,1,2002,4,
2002-04-20,7.0,7.0,1,2002,4,
2002-05-01,1.25,1.25,1,2002,5,
2002-05-02,,,0,2002,5,
2002-05-04,7.0,7.0,1,2002,5,
2002-05-05,6.0,6.0,1,2002,5,
2002-05-06,6.5,6.0,2,2002,5,
2002-05-07,6.0,6.0,2,2002,5,
2002-05-09,6.0,6.0,2,2002,5,
2002-05-10,6.0,6.0,6,2002,5,
2002-05-11,6.0,6.0,2,2002,5,
2002-05-14,,,0,2002,5,
2002-05-15,6.0,6.0,4,2002,5,
2002-05-16,6.25,6.0,4,2002,5,
2002-05-18,6.6,6.0,5,2002,5,
2002-05-19,,,0,2002,5,
2002-05-20,6.0,6.0,2,2002,5,
2002-05-21,6.0,6.0,2,2002,5,
2002-05-23,7.0,7.0,1,2002,5,
2002-05-24,6.0,6.0,3,2002,5,
2002-05-25,6.0,6.0,1,2002,5,
2002-05-26,7.0,7.0,2,2002,5,
2002-05-30,12.0,12.0,1,2002,5,
2002-06-01,6.0,6.0,1,2002,6,
2002-06-02,7.0,7.0,2,2002,6,
2002-06-03,6.0,6.0,2,2002,6,
2002-06-04,8.4,6.0,5,2002,6,
2002-06-05,16.0,16.0,1,2002,6,
2002-06-06,9.0,9.0,1,2002,6,
2002-06-08,6.0,6.0,3,2002,6,
2002-06-09,7.0,7.0,1,2002,6,
2002-06-11,6.0,6.0,5,2002,6,
2002-06-12,6.0,6.0,2,2002,6,
2002-06-14,8.0,7.0,2,2002,6,
2002-06-15,6.0,6.0,1,2002,6,
2002-06-19,7.5,6.0,2,2002,6,
2002-06-20,7.0,7.0,1,2002,6,
2002-06-21,10.0,9.0,2,2002,6,
2002-06-22,6.0,6.0,3,2002,6,
2002-06-23,16.0,16.0,1,2002,6,
2002-06-25,12.0,12.0,1,2002,6,
2002-06-26,8.333333333333334,6.0,6,2002,6,
2002-06-27,9.5,7.0,2,2002,6,
2002-06-28,7.0,7.0,3,2002,6,
2002-06-29,12.0,12.0,1,2002,6,
2002-06-30,10.0,6.0,3,2002,6,
2002-07-01,6.25,6.0,4,2002,7,
2002-07-02,9.0,6.0,2,2002,7,
2002-07-04,6.0,6.0,1,2002,7,
2002-07-05,12.0,12.0,1,2002,7,
2002-07-06,12.0,12.0,1,2002,7,
2002-07-07,7.0,7.0,1,2002,7,
2002-07-09,12.0,12.0,1,2002,7,
2002-07-10,7.0,7.0,1,2002,7,
2002-07-12,11.0,11.0,1,2002,7,
2002-07-14,6.333333333333333,6.0,3,2002,7,
2002-07-15,7.0,7.0,1,2002,7,
2002-07-18,7.0,7.0,2,2002,7,
2002-07-19,6.0,6.0,2,2002,7,
2002-07-23,7.0,7.0,2,2002,7,
2002-07-24,6.333333333333333,6.0,3,2002,7,
2002-07-25,6.5,6.0,2,2002,7,
2002-07-27,10.333333333333334,7.0,3,2002,7,
2002-07-28,10.0,7.0,3,2002,7,
2002-07-29,7.0,7.0,1,2002,7,
2002-07-30,6.0,5.0,2,2002,7,
2002-07-31,6.0,6.0,1,2002,7,
2002-08-01,12.0,12.0,2,2002,8,
2002-08-02,9.0,9.0,1,2002,8,
2002-08-03,6.0,6.0,2,2002,8,
2002-08-04,6.666666666666667,6.0,3,2002,8,
2002-08-07,9.0,6.0,3,2002,8,
2002-08-08,7.0,7.0,1,2002,8,
2002-08-09,9.5,7.0,2,2002,8,
2002-08-10,9.5,7.0,2,2002,8,
2002-08-11,6.666666666666667,6.0,3,2002,8,
2002-08-12,6.0,6.0,3,2002,8,
2002-08-13,7.0,7.0,4,2002,8,
2002-08-14,12.0,12.0,1,2002,8,
2002-08-16,7.0,7.0,1,2002,8,
2002-08-18,7.0,7.0,1,2002,8,
2002-08-19,6.5,6.0,2,2002,8,
2002-08-20,7.0,7.0,4,2002,8,
2002-08-21,8.666666666666666,7.0,3,2002,8,
2002-08-23,5.0,5.0,1,2002,8,
2002-08-25,8.0,5.0,3,2002,8,
2002-08-26,6.75,6.0,4,2002,8,
2002-08-27,6.666666666666667,6.0,3,2002,8,
2002-08-28,7.0,7.0,1,2002,8,
2002-08-29,12.0,12.0,1,2002,8,
2002-08-30,12.0,12.0,1,2002,8,
2002-08-31,6.666666666666667,6.0,3,2002,8,
2002-09-01,9.5,7.0,2,2002,9,
2002-09-02,6.0,6.0,3,2002,9,
2002-09-05,7.0,7.0,2,2002,9,
2002-09-07,7.0,7.0,1,2002,9,
2002-09-08,7.0,7.0,2,2002,9,
2002-09-10,7.0,7.0,2,2002,9,
2002-09-11,6.0,6.0,3,2002,9,
2002-09-12,6.0,6.0,3,2002,9,
2002-09-13,6.333333333333333,6.0,3,2002,9,
2002-09-14,7.0,7.0,2,2002,9,
2002-09-15,7.0,7.0,2,2002,9,
2002-09-16,6.4,6.0,5,2002,9,
2002-09-21,7.0,7.0,3,2002,9,
2002-09-26,6.0,6.0,1,2002,9,
2002-09-27,6.0,6.0,1,2002,9,
2002-10-02,7.0,7.0,2,2002,10,
2002-10-04,6.0,6.0,1,2002,10,
2002-10-05,6.0,6.0,1,2002,10,
2002-10-07,6.5,6.0,2,2002,10,
2002-10-11,6.0,6.0,2,2002,10,
2002-10-14,6.0,6.0,1,2002,10,
2002-10-16,6.0,6.0,4,2002,10,
2002-10-20,6.0,6.0,1,2002,10,
2002-10-25,,,0,2002,10,
2002-10-29,4.0,1.0,2,2002,10,
2002-10-30,6.0,6.0,1,2002,10,
2002-11-16,6.0,6.0,1,2002,11,2002.0
2002-11-19,6.0,6.0,1,2002,11,2002.0
2003-01-16,0.5,0.5,1,2003,1,2002.0
2003-01-17,0.25,0.25,1,2003,1,2002.0
2003-01-19,4.0,4.0,3,2003,1,2002.0
2003-01-20,12.0,12.0,1,2003,1,2002.0
2003-01-21,9.0,9.0,1,2003,1,2002.0
2003-01-24,5.0,4.0,3,2003,1,2002.0
2003-01-28,6.0,3.0,2,2003,1,2002.0
2003-01-29,3.0,3.0,2,2003,1,2002.0
2003-01-30,7.0,7.0,1,2003,1,2002.0
2003-01-31,3.0,3.0,1,2003,1,2002.0
2003-02-01,9.0,9.0,1,2003,2,2002.0
2003-02-02,8.07,6.21,3,2003,2,2002.0
2003-02-03,5.0,5.0,1,2003,2,2002.0
2003-02-05,1.0,1.0,1,2003,2,2002.0
2003-02-07,6.21,6.21,1,2003,2,2002.0
2003-02-15,5.0,5.0,1,2003,2,2002.0
2003-02-16,3.865,3.73,2,2003,2,2002.0
2003-03-23,3.15,2.49,4,2003,3,2002.0
2003-03-24,9.0,9.0,1,2003,3,2002.0
2003-03-26,1.12,1.0,2,2003,3,2002.0
2003-04-03,6.0,6.0,1,2003,4,
2003-04-04,6.21,6.21,1,2003,4,
2003-04-05,9.0,9.0,1,2003,4,
2003-04-07,12.0,12.0,1,2003,4,
2003-04-10,4.66,3.11,2,2003,4,
2003-04-15,6.105,6.0,2,2003,4,
2003-04-16,7.0,7.0,1,2003,4,
2003-04-17,6.21,6.21,1,2003,4,
2003-04-18,6.21,6.21,1,2003,4,
2003-04-21,6.21,6.21,2,2003,4,
2003-04-22,6.21,6.21,2,2003,4,
2003-04-25,6.21,6.21,3,2003,4,
2003-04-26,6.21,6.21,4,2003,4,
2003-04-27,2.49,2.49,1,2003,4,
2003-05-01,6.21,6.21,1,2003,5,
2003-05-03,6.21,6.21,3,2003,5,
2003-05-05,6.21,6.21,2,2003,5,
2003-05-09,5.9,4.97,4,2003,5,
2003-05-10,6.21,6.21,1,2003,5,
2003-05-12,6.21,6.21,2,2003,5,
2003-05-13,6.21,6.21,3,2003,5,
2003-05-15,7.168000000000001,6.21,5,2003,5,
2003-05-16,12.0,12.0,1,2003,5,
2003-05-18,11.0,11.0,2,2003,5,
2003-05-19,6.21,6.21,4,2003,5,
2003-05-20,12.0,12.0,2,2003,5,
2003-05-22,6.21,6.21,3,2003,5,
2003-05-23,7.605,6.21,2,2003,5,
2003-05-24,5.55875,1.0,8,2003,5,
2003-05-25,6.21,6.21,1,2003,5,
2003-05-26,16.0,16.0,1,2003,5,
2003-05-27,6.21,6.21,3,2003,5,
2003-05-28,6.884,6.0,5,2003,5,
2003-05-29,7.0371428571428565,6.21,7,2003,5,
2003-05-30,6.21,6.21,1,2003,5,
2003-06-01,6.684,6.21,5,2003,6,
2003-06-02,6.473333333333334,6.21,3,2003,6,
2003-06-03,9.0,6.0,3,2003,6,
2003-06-04,6.21,6.21,1,2003,6,
2003-06-06,6.21,6.21,1,2003,6,
2003-06-07,7.605,6.21,2,2003,6,
2003-06-08,6.7825,6.0,8,2003,6,
2003-06-09,7.6575,6.21,4,2003,6,
2003-06-11,6.21,6.21,1,2003,6,
2003-06-12,2.49,2.49,1,2003,6,
2003-06-15,6.473333333333334,6.21,3,2003,6,
2003-06-16,6.21,6.21,1,2003,6,
2003-06-17,6.21,6.21,2,2003,6,
2003-06-18,8.271666666666667,6.21,6,2003,6,
2003-06-19,7.5,6.0,2,2003,6,
2003-06-20,7.605,6.21,2,2003,6,
2003-06-22,7.140000000000001,6.21,3,2003,6,
2003-06-23,7.605,6.21,2,2003,6,
2003-06-24,8.3025,6.21,4,2003,6,
2003-06-25,7.140000000000001,6.21,3,2003,6,
2003-06-26,6.605,6.21,4,2003,6,
2003-06-27,6.21,6.21,1,2003,6,
2003-06-28,8.14,6.21,3,2003,6,
2003-06-29,9.105,6.21,2,2003,6,
2003-07-01,12.0,12.0,1,2003,7,
2003-07-03,6.105,6.0,2,2003,7,
2003-07-04,6.21,6.21,2,2003,7,
2003-07-06,6.21,6.21,2,2003,7,
2003-07-08,8.07,6.21,3,2003,7,
2003-07-10,6.855,6.0,4,2003,7,
2003-07-11,9.0,9.0,1,2003,7,
2003-07-12,6.21,6.21,5,2003,7,
2003-07-13,6.21,6.21,4,2003,7,
2003-07-14,6.605,6.21,2,2003,7,
2003-07-16,7.0,7.0,1,2003,7,
2003-07-17,7.605,6.21,2,2003,7,
2003-07-18,7.8066666666666675,6.21,3,2003,7,
2003-07-19,6.322857142857143,6.21,7,2003,7,
2003-07-20,7.605,6.21,2,2003,7,
2003-07-21,7.657500000000001,6.21,4,2003,7,
2003-07-22,6.21,6.21,2,2003,7,
2003-07-23,6.21,6.21,4,2003,7,
2003-07-24,7.0,7.0,2,2003,7,
2003-07-25,6.736666666666667,6.21,3,2003,7,
2003-07-26,6.21,6.21,2,2003,7,
2003-07-27,6.21,6.21,1,2003,7,
2003-07-28,6.21,6.21,6,2003,7,
2003-07-30,7.0,7.0,1,2003,7,
2003-07-31,6.21,6.21,1,2003,7,
2003-08-01,7.4075,6.21,4,2003,8,
2003-08-03,6.21,6.21,1,2003,8,
2003-08-05,6.605,6.21,2,2003,8,
2003-08-06,6.21,6.21,1,2003,8,
2003-08-07,7.973333333333334,6.21,6,2003,8,
2003-08-09,7.0,7.0,1,2003,8,
2003-08-10,6.21,6.21,4,2003,8,
2003-08-11,6.0,6.0,1,2003,8,
2003-08-12,6.605,6.21,2,2003,8,
2003-08-13,6.0,6.0,1,2003,8,
2003-08-14,7.0,7.0,1,2003,8,
2003-08-15,9.105,6.21,2,2003,8,
2003-08-16,7.605,6.21,2,2003,8,
2003-08-17,6.21,6.21,3,2003,8,
2003-08-18,6.21,6.21,1,2003,8,
2003-08-20,8.14,6.21,3,2003,8,
2003-08-21,7.140000000000001,6.21,3,2003,8,
2003-08-22,6.768000000000001,6.21,5,2003,8,
2003-08-24,12.0,12.0,1,2003,8,
2003-08-25,6.736666666666667,6.21,3,2003,8,
2003-08-26,6.21,6.21,3,2003,8,
2003-08-27,4.97,3.73,2,2003,8,
2003-09-03,6.21,6.21,1,2003,9,
2003-09-05,6.21,6.21,1,2003,9,
2003-09-24,5.0,5.0,1,2003,9,
2003-09-28,7.0,7.0,1,2003,9,
2003-09-30,6.21,6.21,1,2003,9,
2003-10-11,6.21,6.21,2,2003,10,
2003-10-21,6.105,6.0,2,2003,10,
2003-10-22,6.21,6.21,1,2003,10,
2003-11-01,6.21,6.21,2,2003,11,2003.0
2003-11-09,6.21,6.21,2,2003,11,2003.0
2003-11-15,5.796666666666667,4.97,3,2003,11,2003.0
2003-11-16,6.21,6.21,1,2003,11,2003.0
2003-11-22,4.97,4.97,1,2003,11,2003.0
2003-11-30,3.73,3.73,2,2003,11,2003.0
2003-12-03,6.21,6.21,2,2003,12,2003.0
2003-12-18,6.21,6.21,2,2003,12,2003.0
2003-12-19,0.93,0.93,1,2003,12,2003.0
2003-12-21,3.11,3.11,1,2003,12,2003.0
2003-12-22,3.73,3.73,1,2003,12,2003.0
2003-12-26,2.1740000000000004,1.86,5,2003,12,2003.0
2004-01-01,6.0,6.0,4,2004,1,2003.0
2004-01-05,6.0,6.0,1,2004,1,2003.0
2004-01-08,1.0,0.5,3,2004,1,2003.0
2004-01-10,2.25,2.0,2,2004,1,2003.0
2004-01-13,1.25,1.25,3,2004,1,2003.0
2004-01-14,0.75,0.5,4,2004,1,2003.0
2004-01-16,4.0,4.0,1,2004,1,2003.0
2004-01-18,4.6,3.0,5,2004,1,2003.0
2004-01-19,6.0,6.0,1,2004,1,2003.0
2004-01-20,5.333333333333333,2.0,6,2004,1,2003.0
2004-01-21,2.0,2.0,1,2004,1,2003.0
2004-01-26,6.0,6.0,3,2004,1,2003.0
2004-02-01,6.0,6.0,1,2004,2,2003.0
2004-02-02,6.0,6.0,2,2004,2,2003.0
2004-02-03,,,0,2004,2,2003.0
2004-02-04,1.5,1.0,3,2004,2,2003.0
2004-02-07,1.0,1.0,2,2004,2,2003.0
2004-02-10,6.0,6.0,1,2004,2,2003.0
2004-02-11,6.0,6.0,3,2004,2,2003.0
2004-02-14,6.0,6.0,4,2004,2,2003.0
2004-02-19,6.0,6.0,1,2004,2,2003.0
2004-02-20,2.0,2.0,1,2004,2,2003.0
2004-02-21,1.0,1.0,4,2004,2,2003.0
2004-02-25,5.75,5.0,4,2004,2,2003.0
2004-02-26,3.9,2.5,5,2004,2,2003.0
2004-02-28,6.0,6.0,3,2004,2,2003.0
2004-03-02,6.0,6.0,1,2004,3,2003.0
2004-03-04,0.25,0.25,1,2004,3,2003.0
2004-03-06,3.0,2.5,4,2004,3,2003.0
2004-03-07,0.5,0.5,1,2004,3,2003.0
2004-03-11,1.15,1.0,5,2004,3,2003.0
2004-03-12,1.125,1.0,2,2004,3,2003.0
2004-03-13,6.0,6.0,1,2004,3,2003.0
2004-03-14,5.0,5.0,1,2004,3,2003.0
2004-03-16,1.5625,1.25,4,2004,3,2003.0
2004-03-17,1.0,1.0,1,2004,3,2003.0
2004-03-18,3.75,1.25,3,2004,3,2003.0
2004-03-19,6.0,6.0,1,2004,3,2003.0
2004-03-21,1.25,1.0,4,2004,3,2003.0
2004-03-22,1.25,1.25,4,2004,3,2003.0
2004-03-23,2.5,2.5,3,2004,3,2003.0
2004-04-09,6.0,6.0,4,2004,4,
2004-04-19,6.0,6.0,1,2004,4,
2004-04-26,6.0,6.0,1,2004,4,
2004-04-28,7.0,7.0,2,2004,4,
2004-04-29,6.0,6.0,1,2004,4,
2004-04-30,6.0,6.0,1,2004,4,
2004-05-09,6.0,6.0,1,2004,5,
2004-05-11,6.0,6.0,1,2004,5,
2004-05-15,6.0,6.0,1,2004,5,
2004-05-17,11.666666666666666,11.0,3,2004,5,
2004-05-18,6.5,6.0,2,2004,5,
2004-05-19,6.0,6.0,1,2004,5,
2004-05-20,9.0,9.0,2,2004,5,
2004-05-23,6.0,6.0,1,2004,5,
2004-05-24,9.0,9.0,1,2004,5,
2004-05-25,6.0,6.0,2,2004,5,
2004-05-26,6.0,6.0,1,2004,5,
2004-05-28,8.5,7.0,4,2004,5,
2004-05-29,6.0,6.0,3,2004,5,
2004-05-30,4.8759999999999994,0.38,5,2004,5,
2004-05-31,6.333333333333333,6.0,3,2004,5,
2004-06-01,8.6,6.0,5,2004,6,
2004-06-02,8.0,6.0,7,2004,6,
2004-06-03,5.5,2.5,5,2004,6,
2004-06-04,6.166666666666667,6.0,6,2004,6,
2004-06-05,7.0,6.0,6,2004,6,
2004-06-06,7.2,6.0,5,2004,6,
2004-06-07,8.0,6.0,10,2004,6,
2004-06-08,8.0,6.0,3,2004,6,
2004-06-09,7.5,6.0,4,2004,6,
2004-06-10,8.666666666666666,6.0,3,2004,6,
2004-06-11,9.4,6.0,5,2004,6,
2004-06-12,8.6,6.0,5,2004,6,
2004-06-13,6.0,6.0,4,2004,6,
2004-06-14,11.0,11.0,1,2004,6,
2004-06-15,9.25,6.0,4,2004,6,
2004-06-16,12.0,12.0,1,2004,6,
2004-06-17,8.8,7.0,5,2004,6,
2004-06-18,8.333333333333334,6.0,3,2004,6,
2004-06-19,7.142857142857143,6.0,7,2004,6,
2004-06-21,6.5,6.0,2,2004,6,
2004-06-22,7.875,6.0,8,2004,6,
2004-06-23,8.222222222222221,6.0,9,2004,6,
2004-06-24,7.4,6.0,5,2004,6,
2004-06-25,7.0,7.0,1,2004,6,
2004-06-26,7.0,6.0,3,2004,6,
2004-06-28,9.0,9.0,1,2004,6,
2004-06-29,7.0,7.0,1,2004,6,
2004-06-30,7.0,7.0,1,2004,6,
2004-07-03,8.0,6.0,4,2004,7,
2004-07-04,6.0,6.0,1,2004,7,
2004-07-06,8.0,7.0,2,2004,7,
2004-07-07,8.333333333333334,7.0,3,2004,7,
2004-07-08,8.666666666666666,7.0,3,2004,7,
2004-07-09,8.5,6.0,2,2004,7,
2004-07-10,7.8,6.0,5,2004,7,
2004-07-11,7.0,7.0,6,2004,7,
2004-07-12,7.0,7.0,1,2004,7,
2004-07-13,8.0,6.0,4,2004,7,
2004-07-14,7.0,7.0,3,2004,7,
2004-07-15,8.0,6.0,3,2004,7,
2004-07-16,6.0,6.0,2,2004,7,
2004-07-17,7.5,6.0,2,2004,7,
2004-07-18,8.4,7.0,5,2004,7,
2004-07-19,7.0,5.0,2,2004,7,
2004-07-20,7.333333333333333,6.0,3,2004,7,
2004-07-21,7.666666666666667,7.0,6,2004,7,
2004-07-22,5.25,3.0,4,2004,7,
2004-07-23,7.0,7.0,3,2004,7,
2004-07-24,7.0,7.0,4,2004,7,
2004-07-25,6.5,6.0,2,2004,7,
2004-07-27,7.0,7.0,2,2004,7,
2004-07-28,8.0,7.0,4,2004,7,
2004-07-29,9.5,7.0,2,2004,7,
2004-07-30,8.666666666666666,7.0,3,2004,7,
2004-07-31,7.666666666666667,6.0,6,2004,7,
2004-08-01,7.333333333333333,6.0,3,2004,8,
2004-08-02,7.0,6.0,4,2004,8,
2004-08-03,7.5,6.0,4,2004,8,
2004-08-04,7.5,7.0,4,2004,8,
2004-08-05,7.333333333333333,6.0,3,2004,8,
2004-08-06,6.0,6.0,1,2004,8,
2004-08-07,9.8,7.0,5,2004,8,
2004-08-08,5.0,5.0,2,2004,8,
2004-08-09,7.0,7.0,1,2004,8,
2004-08-10,7.0,7.0,1,2004,8,
2004-08-11,7.333333333333333,6.0,3,2004,8,
2004-08-12,9.8,7.0,5,2004,8,
2004-08-13,7.0,7.0,3,2004,8,
2004-08-14,8.0,7.0,2,2004,8,
2004-08-15,6.0,5.0,4,2004,8,
2004-08-16,7.0,7.0,2,2004,8,
2004-08-17,9.5,7.0,2,2004,8,
2004-08-18,7.666666666666667,5.0,6,2004,8,
2004-08-19,7.0,6.0,5,2004,8,
2004-08-20,7.0,7.0,3,2004,8,
2004-08-22,4.4,3.0,5,2004,8,
2004-08-23,6.333333333333333,6.0,3,2004,8,
2004-08-24,6.0,6.0,1,2004,8,
2004-08-25,7.0,7.0,1,2004,8,
2004-08-26,5.4,2.0,5,2004,8,
2004-08-27,7.333333333333333,6.0,3,2004,8,
2004-08-28,6.0,6.0,2,2004,8,
2004-08-29,7.0,7.0,1,2004,8,
2004-08-30,6.0,6.0,4,2004,8,
2004-08-31,6.0,6.0,5,2004,8,
2004-09-01,7.0,7.0,3,2004,9,
2004-09-02,7.666666666666667,7.0,6,2004,9,
2004-09-03,6.0,6.0,1,2004,9,
2004-09-04,7.0,6.0,5,2004,9,
2004-09-05,7.0,6.0,4,2004,9,
2004-09-06,7.0,7.0,2,2004,9,
2004-09-07,6.333333333333333,6.0,3,2004,9,
2004-09-08,7.0,7.0,1,2004,9,
2004-09-09,6.75,6.0,4,2004,9,
2004-09-10,6.25,6.0,4,2004,9,
2004-09-11,8.25,6.0,4,2004,9,
2004-09-12,7.5,6.0,2,2004,9,
2004-09-13,6.75,6.0,4,2004,9,
2004-09-15,6.5,5.0,6,2004,9,
2004-09-16,7.333333333333333,6.0,3,2004,9,
2004-09-17,7.428571428571429,6.0,7,2004,9,
2004-09-18,7.0,7.0,1,2004,9,
2004-09-19,7.0,7.0,1,2004,9,
2004-09-20,10.0,6.0,3,2004,9,
2004-09-22,7.333333333333333,6.0,3,2004,9,
2004-09-23,6.833333333333333,6.0,6,2004,9,
2004-09-24,8.666666666666666,7.0,3,2004,9,
2004-09-25,7.833333333333333,6.0,6,2004,9,
2004-09-26,6.333333333333333,6.0,3,2004,9,
2004-09-27,7.0,7.0,1,2004,9,
2004-09-28,6.333333333333333,6.0,3,2004,9,
2004-09-29,11.0,11.0,1,2004,9,
2004-09-30,12.0,12.0,1,2004,9,
2004-10-01,6.666666666666667,6.0,3,2004,10,
2004-10-02,6.333333333333333,6.0,3,2004,10,
2004-10-03,7.0,7.0,1,2004,10,
2004-10-04,,,0,2004,10,
2004-10-05,9.0,7.0,2,2004,10,
2004-10-06,5.0,5.0,1,2004,10,
2004-10-07,7.666666666666667,6.0,3,2004,10,
2004-10-08,5.0,4.0,3,2004,10,
2004-10-09,6.0,6.0,1,2004,10,
2004-10-10,6.666666666666667,6.0,3,2004,10,
2004-10-11,6.0,6.0,1,2004,10,
2004-10-12,5.666666666666667,3.0,3,2004,10,
2004-10-13,7.0,7.0,2,2004,10,
2004-10-15,9.0,6.0,4,2004,10,
2004-10-16,4.0,4.0,2,2004,10,
2004-10-17,10.0,6.0,3,2004,10,
2004-10-18,8.0,6.0,3,2004,10,
2004-10-19,2.75,2.5,2,2004,10,
2004-10-20,3.5,2.0,4,2004,10,
2004-10-21,2.75,1.5,6,2004,10,
2004-10-22,2.125,2.0,4,2004,10,
2004-10-23,6.333333333333333,6.0,3,2004,10,
2004-10-24,5.5,4.0,2,2004,10,
2004-10-25,4.0,4.0,1,2004,10,
2004-10-26,6.0,6.0,1,2004,10,
2004-10-27,6.0,6.0,1,2004,10,
2004-10-28,5.5,5.0,4,2004,10,
2004-10-29,9.0,6.0,5,2004,10,
2004-10-30,8.5,6.0,4,2004,10,
2004-10-31,5.5,5.0,2,2004,10,
2004-11-01,6.0,6.0,2,2004,11,2004.0
2004-11-03,3.5,2.5,3,2004,11,2004.0
2004-11-04,7.0,6.0,6,2004,11,2004.0
2004-11-05,5.5,5.0,2,2004,11,2004.0
2004-11-06,6.0,6.0,1,2004,11,2004.0
2004-11-08,6.0,6.0,1,2004,11,2004.0
2004-11-09,5.875,1.25,6,2004,11,2004.0
2004-11-10,6.75,6.0,4,2004,11,2004.0
2004-11-11,7.666666666666667,6.0,3,2004,11,2004.0
2004-11-15,7.0,6.0,3,2004,11,2004.0
2004-11-16,6.0,6.0,1,2004,11,2004.0
2004-11-19,0.5,0.5,1,2004,11,2004.0
2004-11-20,2.25,1.5,2,2004,11,2004.0
2004-11-21,2.5,2.0,4,2004,11,2004.0
2004-11-24,1.0,1.0,1,2004,11,2004.0
2004-11-25,2.1666666666666665,2.0,3,2004,11,2004.0
2004-11-26,6.0,6.0,3,2004,11,2004.0
2004-11-27,6.0,6.0,3,2004,11,2004.0
2004-11-28,0.69,0.38,2,2004,11,2004.0
2004-11-30,6.0,6.0,3,2004,11,2004.0
2004-12-02,1.4166666666666667,1.0,3,2004,12,2004.0
2004-12-03,0.8333333333333334,0.5,3,2004,12,2004.0
2004-12-05,2.5,2.5,1,2004,12,2004.0
2004-12-06,7.5,6.0,2,2004,12,2004.0
2004-12-07,4.0,3.0,3,2004,12,2004.0
2004-12-08,7.0,7.0,2,2004,12,2004.0
2004-12-09,5.333333333333333,4.0,3,2004,12,2004.0
2004-12-10,6.0,6.0,4,2004,12,2004.0
2004-12-11,3.625,1.25,4,2004,12,2004.0
2004-12-12,6.0,6.0,2,2004,12,2004.0
2004-12-13,6.5,6.0,2,2004,12,2004.0
2004-12-14,7.0,6.0,3,2004,12,2004.0
2004-12-15,5.0,4.0,5,2004,12,2004.0
2004-12-17,0.5,0.5,1,2004,12,2004.0
2004-12-18,4.375,2.5,4,2004,12,2004.0
2004-12-19,7.0,7.0,1,2004,12,2004.0
2004-12-20,6.0,6.0,1,2004,12,2004.0
2004-12-21,,,0,2004,12,2004.0
2004-12-22,6.0,6.0,2,2004,12,2004.0
2004-12-23,6.0,6.0,1,2004,12,2004.0
2004-12-24,7.5,6.0,2,2004,12,2004.0
2004-12-25,6.0,6.0,1,2004,12,2004.0
2004-12-27,2.5,2.0,2,2004,12,2004.0
2004-12-28,3.0,3.0,3,2004,12,2004.0
2004-12-29,3.0,3.0,1,2004,12,2004.0
2004-12-30,4.5,4.0,2,2004,12,2004.0
2004-12-31,2.5,2.5,1,2004,12,2004.0
2005-01-01,7.0,6.0,3,2005,1,2004.0
2005-01-02,3.25,2.5,2,2005,1,2004.0
2005-01-03,0.6666666666666666,0.0,3,2005,1,2004.0
2005-01-04,1.0,1.0,1,2005,1,2004.0
2005-01-07,0.12,0.12,2,2005,1,2004.0
2005-01-08,1.0,1.0,3,2005,1,2004.0
2005-01-09,1.0,1.0,1,2005,1,2004.0
2005-01-10,0.20666666666666667,0.12,3,2005,1,2004.0
2005-01-11,1.0,1.0,3,2005,1,2004.0
2005-01-13,1.25,1.25,1,2005,1,2004.0
2005-01-14,4.0,4.0,2,2005,1,2004.0
2005-01-15,6.0,6.0,1,2005,1,2004.0
2005-01-18,3.6666666666666665,2.0,3,2005,1,2004.0
2005-01-19,3.0,2.5,3,2005,1,2004.0
2005-01-20,6.0,6.0,2,2005,1,2004.0
2005-01-21,5.0,4.0,2,2005,1,2004.0
2005-01-22,4.0,4.0,3,2005,1,2004.0
2005-01-23,1.25,1.25,1,2005,1,2004.0
2005-01-24,5.0,5.0,5,2005,1,2004.0
2005-01-25,6.0,6.0,2,2005,1,2004.0
2005-01-26,5.5,4.0,2,2005,1,2004.0
2005-01-28,6.6,6.0,5,2005,1,2004.0
2005-01-29,6.0,6.0,2,2005,1,2004.0
2005-01-30,5.333333333333333,5.0,3,2005,1,2004.0
2005-02-01,2.0,2.0,1,2005,2,2004.0
2005-02-03,5.0,5.0,2,2005,2,2004.0
2005-02-04,5.0,5.0,1,2005,2,2004.0
2005-02-06,3.9166666666666665,2.5,6,2005,2,2004.0
2005-02-07,3.6666666666666665,1.0,3,2005,2,2004.0
2005-02-09,2.5,2.5,1,2005,2,2004.0
2005-02-10,2.0,1.5,2,2005,2,2004.0
2005-02-11,1.5,1.5,1,2005,2,2004.0
2005-02-12,4.0,4.0,1,2005,2,2004.0
2005-02-13,1.0,1.0,3,2005,2,2004.0
2005-02-14,1.0625,1.0,4,2005,2,2004.0
2005-02-15,3.0,3.0,1,2005,2,2004.0
2005-02-16,6.0,6.0,1,2005,2,2004.0
2005-02-17,6.666666666666667,6.0,6,2005,2,2004.0
2005-02-18,6.0,6.0,2,2005,2,2004.0
2005-02-19,5.666666666666667,5.0,3,2005,2,2004.0
2005-02-21,3.1666666666666665,2.5,3,2005,2,2004.0
2005-02-22,2.0,2.0,3,2005,2,2004.0
2005-02-23,3.0,3.0,1,2005,2,2004.0
2005-02-26,3.6666666666666665,2.5,6,2005,2,2004.0
2005-03-10,4.0,4.0,1,2005,3,2004.0
2005-03-21,7.0,7.0,1,2005,3,2004.0
2005-03-24,4.0,4.0,1,2005,3,2004.0
2005-03-29,6.0,5.0,6,2005,3,2004.0
2005-03-30,6.0,6.0,1,2005,3,2004.0
2005-03-31,6.0,6.0,1,2005,3,2004.0
2005-04-04,1.25,1.25,1,2005,4,
2005-04-09,6.0,6.0,3,2005,4,
2005-04-13,5.0,4.0,2,2005,4,
2005-04-14,3.8333333333333335,2.5,3,2005,4,
2005-04-15,9.0,9.0,1,2005,4,
2005-04-16,6.0,6.0,1,2005,4,
2005-04-18,6.0,6.0,1,2005,4,
2005-04-19,6.0,6.0,1,2005,4,
2005-04-21,6.0,6.0,1,2005,4,
2005-04-22,6.0,6.0,1,2005,4,
2005-04-24,6.0,6.0,1,2005,4,
2005-04-25,2.5,1.25,3,2005,4,
2005-04-26,6.0,6.0,1,2005,4,
2005-04-27,7.0,7.0,1,2005,4,
2005-04-28,4.333333333333333,4.0,3,2005,4,
2005-04-29,6.0,6.0,1,2005,4,
2005-04-30,7.0,7.0,1,2005,4,
2005-05-01,6.0,6.0,2,2005,5,
2005-05-06,5.0,5.0,1,2005,5,
2005-05-07,10.333333333333334,7.0,3,2005,5,
2005-05-08,7.0,7.0,3,2005,5,
2005-05-09,9.0,6.0,3,2005,5,
2005-05-11,6.0,6.0,3,2005,5,
2005-05-12,1.75,1.0,2,2005,5,
2005-05-13,6.0,5.0,2,2005,5,
2005-05-14,6.0,6.0,1,2005,5,
2005-05-15,6.5,6.0,4,2005,5,
2005-05-16,6.0,6.0,1,2005,5,
2005-05-17,6.0,6.0,2,2005,5,
2005-05-19,3.875,2.5,4,2005,5,
2005-05-21,6.0,6.0,1,2005,5,
2005-05-22,6.5,6.0,2,2005,5,
2005-05-23,6.5,6.0,2,2005,5,
2005-05-24,8.25,6.0,4,2005,5,
2005-05-25,6.0,6.0,5,2005,5,
2005-05-26,11.0,11.0,1,2005,5,
2005-05-27,6.333333333333333,6.0,3,2005,5,
2005-05-28,7.333333333333333,6.0,3,2005,5,
2005-05-29,6.5,6.0,2,2005,5,
2005-05-30,7.0,7.0,1,2005,5,
2005-06-01,6.0,6.0,2,2005,6,
2005-06-02,7.6,6.0,5,2005,6,
2005-06-04,6.333333333333333,6.0,3,2005,6,
2005-06-05,7.2,6.0,5,2005,6,
2005-06-06,7.0,6.0,3,2005,6,
2005-06-07,6.166666666666667,6.0,6,2005,6,
2005-06-08,5.5,5.0,4,2005,6,
2005-06-10,6.8,6.0,5,2005,6,
2005-06-12,7.0,7.0,6,2005,6,
2005-06-13,7.0,7.0,4,2005,6,
2005-06-14,6.833333333333333,6.0,6,2005,6,
2005-06-15,6.0,6.0,3,2005,6,
2005-06-16,6.25,6.0,4,2005,6,
2005-06-17,9.0,9.0,1,2005,6,
2005-06-18,7.0,7.0,1,2005,6,
2005-06-19,6.8,6.0,5,2005,6,
2005-06-20,6.166666666666667,6.0,6,2005,6,
2005-06-21,6.0,6.0,2,2005,6,
2005-06-22,8.0,6.0,3,2005,6,
2005-06-23,6.25,6.0,4,2005,6,
2005-06-24,6.333333333333333,6.0,3,2005,6,
2005-06-25,6.0,6.0,3,2005,6,
2005-06-26,6.333333333333333,6.0,3,2005,6,
2005-06-27,6.666666666666667,6.0,3,2005,6,
2005-06-28,4.0,3.0,4,2005,6,
2005-07-01,8.0,7.0,2,2005,7,
2005-07-02,6.333333333333333,6.0,3,2005,7,
2005-07-03,6.5,6.0,4,2005,7,
2005-07-04,6.0,6.0,2,2005,7,
2005-07-06,7.2,6.0,5,2005,7,
2005-07-07,6.0,6.0,1,2005,7,
2005-07-08,6.5,6.0,2,2005,7,
2005-07-10,7.0,7.0,1,2005,7,
2005-07-11,7.0,7.0,1,2005,7,
2005-07-12,7.0,7.0,3,2005,7,
2005-07-18,6.5,5.0,4,2005,7,
2005-07-19,7.0,6.0,3,2005,7,
2005-07-20,6.0,6.0,1,2005,7,
2005-07-21,6.75,6.0,4,2005,7,
2005-07-22,6.571428571428571,6.0,7,2005,7,
2005-07-23,6.25,6.0,4,2005,7,
2005-07-25,6.5,6.0,2,2005,7,
2005-07-26,6.5,6.0,4,2005,7,
2005-07-27,6.6,6.0,5,2005,7,
2005-07-28,7.0,7.0,4,2005,7,
2005-07-29,7.0,7.0,1,2005,7,
2005-07-30,5.0,5.0,3,2005,7,
2005-07-31,6.5,5.0,8,2005,7,
2005-08-02,6.666666666666667,6.0,3,2005,8,
2005-08-03,7.4,7.0,5,2005,8,
2005-08-04,6.0,6.0,2,2005,8,
2005-08-05,9.0,9.0,1,2005,8,
2005-08-06,6.333333333333333,6.0,3,2005,8,
2005-08-07,6.75,6.0,4,2005,8,
2005-08-08,7.0,7.0,2,2005,8,
2005-08-09,7.333333333333333,6.0,3,2005,8,
2005-08-10,6.6,6.0,5,2005,8,
2005-08-11,6.428571428571429,3.0,7,2005,8,
2005-08-12,6.833333333333333,6.0,6,2005,8,
2005-08-13,7.0,7.0,1,2005,8,
2005-08-15,7.333333333333333,6.0,3,2005,8,
2005-08-16,6.333333333333333,4.0,6,2005,8,
2005-08-17,7.4,7.0,5,2005,8,
2005-08-18,6.666666666666667,6.0,3,2005,8,
2005-08-19,7.0,7.0,1,2005,8,
2005-08-20,6.0,6.0,2,2005,8,
2005-08-21,7.8,6.0,5,2005,8,
2005-08-23,7.0,7.0,3,2005,8,
2005-08-24,6.75,6.0,4,2005,8,
2005-08-25,5.666666666666667,4.0,3,2005,8,
2005-08-26,7.0,7.0,1,2005,8,
2005-08-27,6.833333333333333,6.0,6,2005,8,
2005-08-28,5.5,5.0,2,2005,8,
2005-08-29,6.0,6.0,3,2005,8,
2005-08-30,6.0,6.0,1,2005,8,
2005-08-31,7.0,7.0,5,2005,8,
2005-09-01,7.0,7.0,3,2005,9,
2005-09-02,6.0,6.0,2,2005,9,
2005-09-03,5.0,5.0,1,2005,9,
2005-09-04,7.0,7.0,2,2005,9,
2005-09-05,7.5,7.0,4,2005,9,
2005-09-06,6.666666666666667,6.0,3,2005,9,
2005-09-09,6.5,6.0,2,2005,9,
2005-09-11,7.0,7.0,1,2005,9,
2005-09-12,7.0,7.0,1,2005,9,
2005-09-15,7.0,7.0,1,2005,9,
2005-09-16,6.0,6.0,1,2005,9,
2005-09-17,6.75,6.0,4,2005,9,
2005-09-19,7.0,7.0,1,2005,9,
2005-09-21,7.0,7.0,1,2005,9,
2005-09-22,6.0,6.0,1,2005,9,
2005-09-23,6.0,6.0,2,2005,9,
2005-09-24,7.0,7.0,2,2005,9,
2005-09-25,6.0,6.0,1,2005,9,
2005-09-26,6.666666666666667,6.0,3,2005,9,
2005-09-27,6.0,6.0,1,2005,9,
2005-09-29,6.0,6.0,1,2005,9,
2005-10-02,7.0,7.0,1,2005,10,
2005-10-03,7.0,7.0,2,2005,10,
2005-10-04,6.0,6.0,1,2005,10,
2005-10-05,6.0,6.0,1,2005,10,
2005-10-08,8.0,7.0,2,2005,10,
2005-10-11,6.0,6.0,3,2005,10,
2005-10-12,6.0,6.0,1,2005,10,
2005-10-13,7.0,7.0,2,2005,10,
2005-10-16,6.0,6.0,1,2005,10,
2005-10-17,0.25,0.25,1,2005,10,
2005-10-18,2.0833333333333335,1.25,3,2005,10,
2005-10-19,7.0,7.0,1,2005,10,
2005-10-20,6.0,6.0,1,2005,10,
2005-10-21,5.0,4.0,2,2005,10,
2005-10-23,6.0,6.0,3,2005,10,
2005-10-24,6.0,6.0,1,2005,10,
2005-10-25,,,0,2005,10,
2005-10-26,2.1,1.25,5,2005,10,
2005-10-27,3.75,2.5,2,2005,10,
2005-10-29,6.0,6.0,1,2005,10,
2005-10-30,2.0,2.0,1,2005,10,
2005-10-31,1.875,1.25,2,2005,10,
2005-11-01,3.25,2.5,2,2005,11,2005.0
2005-11-02,6.0,6.0,1,2005,11,2005.0
2005-11-03,5.0,5.0,1,2005,11,2005.0
2005-11-04,6.0,6.0,1,2005,11,2005.0
2005-11-08,3.5,3.0,4,2005,11,2005.0
2005-11-09,3.0625,1.25,4,2005,11,2005.0
2005-11-10,1.3125,1.0,4,2005,11,2005.0
2005-11-11,0.9,0.5,5,2005,11,2005.0
2005-11-12,1.2,0.5,5,2005,11,2005.0
2005-11-13,2.5357142857142856,1.0,7,2005,11,2005.0
2005-11-14,4.8,3.0,5,2005,11,2005.0
2005-11-15,6.5,6.0,2,2005,11,2005.0
2005-11-16,4.375,1.5,4,2005,11,2005.0
2005-11-17,3.6666666666666665,3.0,3,2005,11,2005.0
2005-11-18,6.0,5.0,3,2005,11,2005.0
2005-11-19,7.5,6.0,4,2005,11,2005.0
2005-11-20,6.0,6.0,2,2005,11,2005.0
2005-11-21,2.8,1.0,5,2005,11,2005.0
2005-11-23,1.625,1.0,4,2005,11,2005.0
2005-11-24,3.9,1.5,5,2005,11,2005.0
2005-11-26,5.0,4.0,3,2005,11,2005.0
2005-11-27,3.25,1.0,4,2005,11,2005.0
2005-11-28,5.666666666666667,5.0,3,2005,11,2005.0
2005-11-29,4.833333333333333,1.0,6,2005,11,2005.0
2005-11-30,6.0,6.0,3,2005,11,2005.0
2005-12-01,5.4,3.0,5,2005,12,2005.0
2005-12-02,6.0,6.0,4,2005,12,2005.0
2005-12-03,6.0,6.0,14,2005,12,2005.0
2005-12-04,6.0,6.0,8,2005,12,2005.0
2005-12-05,1.5555555555555556,1.0,9,2005,12,2005.0
2005-12-06,5.75,5.0,4,2005,12,2005.0
2005-12-07,4.6,4.0,5,2005,12,2005.0
2005-12-08,4.75,4.0,4,2005,12,2005.0
2005-12-09,6.0,6.0,3,2005,12,2005.0
2005-12-10,5.5,5.0,2,2005,12,2005.0
2005-12-11,4.666666666666667,2.0,3,2005,12,2005.0
2005-12-12,7.2,6.0,5,2005,12,2005.0
2005-12-13,4.333333333333333,4.0,3,2005,12,2005.0
2005-12-14,5.8,5.0,5,2005,12,2005.0
2005-12-15,6.0,6.0,1,2005,12,2005.0
2005-12-17,4.5625,0.25,4,2005,12,2005.0
2005-12-18,5.0,4.0,3,2005,12,2005.0
2005-12-19,9.0,9.0,1,2005,12,2005.0
2005-12-20,7.0,6.0,3,2005,12,2005.0
2005-12-21,6.0,6.0,3,2005,12,2005.0
2005-12-22,7.5,6.0,4,2005,12,2005.0
2005-12-23,5.0,5.0,1,2005,12,2005.0
2005-12-25,5.0,4.0,2,2005,12,2005.0
2005-12-26,,,0,2005,12,2005.0
2005-12-27,2.6,1.5,5,2005,12,2005.0
2005-12-28,3.6666666666666665,3.0,3,2005,12,2005.0
2005-12-29,2.5,2.5,1,2005,12,2005.0
2005-12-30,3.5,1.0,2,2005,12,2005.0
2005-12-31,6.0,6.0,3,2005,12,2005.0
2006-01-01,6.0,6.0,2,2006,1,2005.0
2006-01-02,6.0,6.0,1,2006,1,2005.0
2006-01-03,6.0,6.0,1,2006,1,2005.0
2006-01-05,6.0,6.0,5,2006,1,2005.0
2006-01-06,5.555555555555555,2.0,9,2006,1,2005.0
2006-01-07,8.0,6.0,3,2006,1,2005.0
2006-01-09,2.5,2.5,1,2006,1,2005.0
2006-01-12,6.0,6.0,5,2006,1,2005.0
2006-01-15,6.0,6.0,2,2006,1,2005.0
2006-01-17,5.0,4.0,2,2006,1,2005.0
2006-01-20,4.0,4.0,2,2006,1,2005.0
2006-01-21,3.0,3.0,3,2006,1,2005.0
2006-01-22,3.5,3.0,2,2006,1,2005.0
2006-01-29,0.5,0.5,1,2006,1,2005.0
2006-01-30,1.0,1.0,2,2006,1,2005.0
2006-01-31,1.0,1.0,1,2006,1,2005.0
2006-02-01,5.0,5.0,1,2006,2,2005.0
2006-02-04,4.75,4.0,4,2006,2,2005.0
2006-02-05,2.5833333333333335,1.25,3,2006,2,2005.0
2006-02-06,4.0,4.0,1,2006,2,2005.0
2006-02-07,6.0,6.0,2,2006,2,2005.0
2006-02-08,6.0,6.0,2,2006,2,2005.0
2006-02-10,2.0,2.0,2,2006,2,2005.0
2006-02-11,2.75,2.5,2,2006,2,2005.0
2006-02-12,6.0,6.0,5,2006,2,2005.0
2006-02-15,6.0,6.0,1,2006,2,2005.0
2006-02-16,3.0,3.0,1,2006,2,2005.0
2006-02-17,5.0,5.0,1,2006,2,2005.0
2006-02-19,6.0,6.0,4,2006,2,2005.0
2006-02-20,4.5,3.0,2,2006,2,2005.0
2006-02-21,6.0,6.0,1,2006,2,2005.0
2006-02-22,5.0,4.0,2,2006,2,2005.0
2006-02-23,4.666666666666667,3.0,3,2006,2,2005.0
2006-02-24,6.0,6.0,3,2006,2,2005.0
2006-02-25,6.0,6.0,3,2006,2,2005.0
2006-02-26,1.25,1.25,1,2006,2,2005.0
2006-02-28,2.0,2.0,1,2006,2,2005.0
2006-03-02,5.666666666666667,4.0,6,2006,3,2005.0
2006-03-03,3.75,2.5,2,2006,3,2005.0
2006-03-04,5.666666666666667,5.0,3,2006,3,2005.0
2006-03-05,3.25,1.0,4,2006,3,2005.0
2006-03-06,3.625,1.25,2,2006,3,2005.0
2006-03-07,6.0,6.0,2,2006,3,2005.0
2006-03-08,1.04875,0.38,8,2006,3,2005.0
2006-03-09,0.875,0.5,2,2006,3,2005.0
2006-03-10,0.3125,0.25,4,2006,3,2005.0
2006-03-11,0.5,0.5,1,2006,3,2005.0
2006-03-12,5.0,5.0,1,2006,3,2005.0
2006-03-13,5.333333333333333,5.0,3,2006,3,2005.0
2006-03-14,5.0,5.0,1,2006,3,2005.0
2006-03-15,4.5,4.0,2,2006,3,2005.0
2006-03-16,6.0,6.0,1,2006,3,2005.0
2006-03-17,6.0,6.0,4,2006,3,2005.0
2006-03-18,5.5,5.0,2,2006,3,2005.0
2006-03-19,5.5,5.0,2,2006,3,2005.0
2006-03-20,3.5,3.0,2,2006,3,2005.0
2006-03-21,4.0,4.0,1,2006,3,2005.0
2006-03-22,2.5,2.5,1,2006,3,2005.0
2006-03-24,6.0,6.0,1,2006,3,2005.0
2006-03-25,5.0,5.0,1,2006,3,2005.0
2006-03-26,1.25,1.25,1,2006,3,2005.0
2006-03-27,6.0,6.0,5,2006,3,2005.0
2006-03-28,3.6666666666666665,3.0,3,2006,3,2005.0
2006-03-29,1.6666666666666667,1.0,3,2006,3,2005.0
2006-03-30,1.0,1.0,3,2006,3,2005.0
2006-03-31,6.0,6.0,1,2006,3,2005.0
2006-04-01,6.0,6.0,1,2006,4,
2006-04-02,1.3214285714285714,0.5,7,2006,4,
2006-04-03,2.0,2.0,2,2006,4,
2006-04-04,3.8,3.0,5,2006,4,
2006-04-06,4.4,2.5,5,2006,4,
2006-04-07,1.8333333333333333,1.0,6,2006,4,
2006-04-08,6.333333333333333,6.0,3,2006,4,
2006-04-09,6.0,6.0,4,2006,4,
2006-04-10,4.75,2.5,6,2006,4,
2006-04-11,4.666666666666667,4.0,3,2006,4,
2006-04-12,1.9166666666666667,1.25,3,2006,4,
2006-04-13,4.5,4.0,2,2006,4,
2006-04-14,5.6,4.0,5,2006,4,
2006-04-15,6.75,6.0,8,2006,4,
2006-04-16,2.125,2.0,4,2006,4,
2006-04-17,0.75,0.5,2,2006,4,
2006-04-18,1.7,1.0,5,2006,4,
2006-04-19,3.5,2.0,5,2006,4,
2006-04-20,6.0,6.0,5,2006,4,
2006-04-22,6.0,6.0,4,2006,4,
2006-04-23,6.0,6.0,2,2006,4,
2006-04-24,5.0,4.0,4,2006,4,
2006-04-25,6.0,6.0,1,2006,4,
2006-04-27,6.0,6.0,3,2006,4,
2006-04-28,5.0,4.0,4,2006,4,
2006-04-29,6.0,6.0,1,2006,4,
2006-04-30,9.0,9.0,1,2006,4,
2006-05-02,4.5,1.5,3,2006,5,
2006-05-03,7.5,6.0,10,2006,5,
2006-05-04,6.888888888888889,6.0,9,2006,5,
2006-05-05,6.0,6.0,6,2006,5,
2006-05-06,6.5,6.0,4,2006,5,
2006-05-07,6.5,6.0,6,2006,5,
2006-05-08,6.555555555555555,6.0,9,2006,5,
2006-05-09,6.6,6.0,5,2006,5,
2006-05-10,6.333333333333333,6.0,6,2006,5,
2006-05-11,4.9,2.0,5,2006,5,
2006-05-12,5.125,2.0,8,2006,5,
2006-05-13,4.0,4.0,3,2006,5,
2006-05-14,6.6,6.0,5,2006,5,
2006-05-15,6.4,6.0,5,2006,5,
2006-05-16,6.2,6.0,5,2006,5,
2006-05-17,7.6,6.0,5,2006,5,
2006-05-18,6.0,6.0,4,2006,5,
2006-05-19,6.0,4.0,6,2006,5,
2006-05-20,7.0,6.0,5,2006,5,
2006-05-21,6.375,6.0,8,2006,5,
2006-05-22,5.571428571428571,3.0,7,2006,5,
2006-05-23,6.166666666666667,6.0,6,2006,5,
2006-05-24,6.0,6.0,2,2006,5,
2006-05-25,5.4375,2.5,8,2006,5,
2006-05-26,6.818181818181818,6.0,11,2006,5,
2006-05-27,7.181818181818182,6.0,11,2006,5,
2006-05-28,6.0,6.0,4,2006,5,
2006-05-29,9.0,7.0,5,2006,5,
2006-05-30,6.111111111111111,6.0,9,2006,5,
2006-05-31,6.2,6.0,5,2006,5,
2006-06-01,7.166666666666667,6.0,6,2006,6,
2006-06-02,6.375,6.0,8,2006,6,
2006-06-03,9.0,9.0,1,2006,6,
2006-06-04,6.0,6.0,1,2006,6,
2006-06-05,6.8,6.0,5,2006,6,
2006-06-06,7.9,6.0,10,2006,6,
2006-06-07,6.125,6.0,8,2006,6,
2006-06-08,7.2,6.0,5,2006,6,
2006-06-09,6.0,6.0,5,2006,6,
2006-06-10,6.0,6.0,6,2006,6,
2006-06-11,6.0,5.0,9,2006,6,
2006-06-12,6.428571428571429,6.0,7,2006,6,
2006-06-13,5.333333333333333,4.0,3,2006,6,
2006-06-14,6.666666666666667,6.0,3,2006,6,
2006-06-15,6.166666666666667,6.0,6,2006,6,
2006-06-16,6.333333333333333,6.0,9,2006,6,
2006-06-17,6.75,6.0,4,2006,6,
2006-06-18,6.0,6.0,1,2006,6,
2006-06-20,6.0,6.0,4,2006,6,
2006-06-21,6.4,6.0,5,2006,6,
2006-06-22,6.571428571428571,5.0,7,2006,6,
2006-06-23,5.714285714285714,4.0,7,2006,6,
2006-06-24,6.0,6.0,1,2006,6,
2006-06-25,6.8,6.0,5,2006,6,
2006-06-26,6.285714285714286,4.0,7,2006,6,
2006-06-27,7.428571428571429,6.0,7,2006,6,
2006-06-28,6.333333333333333,6.0,3,2006,6,
2006-06-29,6.0,6.0,1,2006,6,
2006-07-02,8.0,6.0,3,2006,7,
2006-07-03,7.333333333333333,6.0,3,2006,7,
2006-07-04,7.428571428571429,6.0,7,2006,7,
2006-07-05,6.928571428571429,1.5,7,2006,7,
2006-07-06,6.666666666666667,6.0,6,2006,7,
2006-07-07,7.0,6.0,4,2006,7,
2006-07-08,6.0,5.0,2,2006,7,
2006-07-09,6.666666666666667,6.0,6,2006,7,
2006-07-10,7.5,6.0,8,2006,7,
2006-07-11,5.666666666666667,4.0,6,2006,7,
2006-07-12,6.166666666666667,4.0,6,2006,7,
2006-07-13,6.857142857142857,6.0,7,2006,7,
2006-07-14,8.25,7.0,4,2006,7,
2006-07-15,7.8,2.0,5,2006,7,
2006-07-16,7.0,6.0,6,2006,7,
2006-07-17,6.428571428571429,6.0,7,2006,7,
2006-07-18,6.0,3.0,7,2006,7,
2006-07-19,7.0,7.0,2,2006,7,
2006-07-20,6.555555555555555,3.0,9,2006,7,
2006-07-21,7.6,6.0,5,2006,7,
2006-07-22,7.5,6.0,4,2006,7,
2006-07-23,6.25,5.0,4,2006,7,
2006-07-24,6.4,5.0,5,2006,7,
2006-07-25,7.0,6.0,7,2006,7,
2006-07-26,7.4,7.0,5,2006,7,
2006-07-27,7.166666666666667,6.0,6,2006,7,
2006-07-28,7.0,6.0,6,2006,7,
2006-07-29,8.0,6.0,5,2006,7,
2006-07-30,7.5,6.0,8,2006,7,
2006-07-31,8.142857142857142,6.0,7,2006,7,
2006-08-01,6.0,6.0,3,2006,8,
2006-08-02,6.5,5.0,4,2006,8,
2006-08-03,6.5,6.0,4,2006,8,
2006-08-04,9.25,6.0,4,2006,8,
2006-08-05,9.0,7.0,4,2006,8,
2006-08-06,8.0,6.0,3,2006,8,
2006-08-07,7.222222222222222,7.0,9,2006,8,
2006-08-08,7.4,7.0,5,2006,8,
2006-09-05,7.0,7.0,1,2006,9,
2006-09-06,7.25,6.0,4,2006,9,
2006-09-07,5.0,5.0,1,2006,9,
2006-09-08,4.5,3.0,2,2006,9,
2006-09-12,5.0,4.0,2,2006,9,
2006-09-13,6.0,6.0,1,2006,9,
2006-09-14,7.0,7.0,1,2006,9,
2006-09-16,7.5,7.0,4,2006,9,
2006-09-17,12.0,12.0,2,2006,9,
2006-09-18,6.333333333333333,6.0,3,2006,9,
2006-09-20,7.333333333333333,6.0,3,2006,9,
2006-09-21,7.2,6.0,5,2006,9,
2006-09-22,8.142857142857142,5.0,7,2006,9,
2006-09-23,6.0,6.0,1,2006,9,
2006-09-24,8.666666666666666,7.0,3,2006,9,
2006-09-25,6.833333333333333,4.0,6,2006,9,
2006-09-26,5.5,5.0,2,2006,9,
2006-09-27,7.666666666666667,6.0,3,2006,9,
2006-09-28,6.8,4.0,5,2006,9,
2006-09-29,4.5,3.0,4,2006,9,
2006-09-30,6.625,5.0,8,2006,9,
2006-10-01,5.0,3.0,6,2006,10,
2006-10-02,5.714285714285714,4.0,7,2006,10,
2006-10-03,7.285714285714286,6.0,7,2006,10,
2006-10-04,6.333333333333333,5.0,9,2006,10,
2006-10-05,7.166666666666667,6.0,6,2006,10,
2006-10-06,7.25,6.0,4,2006,10,
2006-10-07,6.0,6.0,3,2006,10,
2006-10-08,6.0,6.0,2,2006,10,
2006-10-09,7.25,5.0,4,2006,10,
2006-10-10,7.0,6.0,3,2006,10,
2006-10-11,7.4,6.0,5,2006,10,
2006-10-12,7.0,6.0,6,2006,10,
2006-10-13,6.5,6.0,2,2006,10,
2006-10-14,4.833333333333333,3.0,6,2006,10,
2006-10-15,2.75,1.5,2,2006,10,
2006-10-16,7.0,7.0,1,2006,10,
2006-10-17,5.75,3.0,8,2006,10,
2006-10-18,6.0,6.0,4,2006,10,
2006-10-19,5.583333333333333,2.5,6,2006,10,
2006-10-20,6.0,6.0,1,2006,10,
2006-10-23,6.0,6.0,3,2006,10,
2006-10-24,5.5,5.0,4,2006,10,
2006-10-25,5.0,4.0,2,2006,10,
2006-10-26,6.75,6.0,4,2006,10,
2006-10-27,5.5,5.0,2,2006,10,
2006-10-28,4.25,2.5,6,2006,10,
2006-10-29,5.25,1.5,6,2006,10,
2006-10-30,4.5,2.5,3,2006,10,
2006-10-31,7.125,6.0,8,2006,10,
2006-11-01,7.25,6.0,8,2006,11,2006.0
2006-11-02,7.333333333333333,4.0,6,2006,11,2006.0
2006-11-03,7.0,6.0,3,2006,11,2006.0
2006-11-04,6.0,6.0,4,2006,11,2006.0
2006-11-07,3.0,2.0,4,2006,11,2006.0
2006-11-08,1.25,1.0,5,2006,11,2006.0
2006-11-09,4.0,4.0,1,2006,11,2006.0
2006-11-10,1.176,0.38,10,2006,11,2006.0
2006-11-11,1.4090909090909092,1.0,11,2006,11,2006.0
2006-11-12,7.2,6.0,5,2006,11,2006.0
2006-11-13,3.25,1.0,7,2006,11,2006.0
2006-11-14,4.5,2.0,11,2006,11,2006.0
2006-11-15,6.0,6.0,2,2006,11,2006.0
2006-11-16,1.0,0.5,5,2006,11,2006.0
2006-11-17,1.0,1.0,5,2006,11,2006.0
2006-11-18,3.7,0.5,5,2006,11,2006.0
2006-11-19,1.75,1.25,3,2006,11,2006.0
2006-11-20,1.84375,1.0,8,2006,11,2006.0
2006-11-21,1.5625,1.0,4,2006,11,2006.0
2006-11-22,3.0277777777777777,1.25,9,2006,11,2006.0
2006-11-23,5.666666666666667,2.0,3,2006,11,2006.0
2006-11-24,7.0,6.0,6,2006,11,2006.0
2006-11-25,6.6,6.0,5,2006,11,2006.0
2006-11-26,8.4,6.0,5,2006,11,2006.0
2006-11-27,6.0,6.0,2,2006,11,2006.0
2006-11-28,6.375,5.0,8,2006,11,2006.0
2006-11-29,6.333333333333333,6.0,3,2006,11,2006.0
2006-11-30,6.0,6.0,1,2006,11,2006.0
2006-12-01,1.25,1.25,5,2006,12,2006.0
2006-12-02,1.25,1.25,1,2006,12,2006.0
2006-12-03,2.8333333333333335,2.5,6,2006,12,2006.0
2006-12-04,5.714285714285714,4.0,7,2006,12,2006.0
2006-12-05,1.90625,1.0,8,2006,12,2006.0
2006-12-06,1.5,1.0,6,2006,12,2006.0
2006-12-07,1.0,1.0,4,2006,12,2006.0
2006-12-08,3.15,1.25,5,2006,12,2006.0
2006-12-09,6.6,6.0,5,2006,12,2006.0
2006-12-10,6.0,6.0,3,2006,12,2006.0
2006-12-11,0.5433333333333333,0.25,3,2006,12,2006.0
2006-12-12,0.38,0.38,1,2006,12,2006.0
2006-12-13,2.0833333333333335,1.25,3,2006,12,2006.0
2006-12-14,5.428571428571429,4.0,7,2006,12,2006.0
2006-12-15,2.5,2.5,1,2006,12,2006.0
2006-12-18,5.75,5.0,4,2006,12,2006.0
2006-12-19,4.666666666666667,4.0,3,2006,12,2006.0
2006-12-20,6.5,6.0,2,2006,12,2006.0
2006-12-21,1.25,1.25,1,2006,12,2006.0
2006-12-22,4.6,4.0,5,2006,12,2006.0
2006-12-23,5.333333333333333,5.0,3,2006,12,2006.0
2006-12-26,6.0,6.0,6,2006,12,2006.0
2006-12-27,6.25,6.0,4,2006,12,2006.0
2006-12-28,2.3449999999999998,0.38,4,2006,12,2006.0
2006-12-29,4.666666666666667,4.0,3,2006,12,2006.0
2006-12-30,1.0,1.0,1,2006,12,2006.0
2006-12-31,2.5,2.5,1,2006,12,2006.0
2007-01-01,0.8333333333333334,0.5,3,2007,1,2006.0
2007-01-02,0.3333333333333333,0.25,3,2007,1,2006.0
2007-01-03,0.33666666666666667,0.25,3,2007,1,2006.0
2007-01-04,2.0,2.0,1,2007,1,2006.0
2007-01-06,0.12,0.12,2,2007,1,2006.0
2007-01-07,1.125,1.0,2,2007,1,2006.0
2007-01-08,0.625,0.25,2,2007,1,2006.0
2007-01-09,0.875,0.5,2,2007,1,2006.0
2007-01-10,1.5,1.5,2,2007,1,2006.0
2007-01-12,0.5,0.5,1,2007,1,2006.0
2007-01-13,0.345,0.25,4,2007,1,2006.0
2007-01-14,2.5,2.5,1,2007,1,2006.0
2007-01-17,0.69,0.38,2,2007,1,2006.0
2007-01-18,1.0,1.0,1,2007,1,2006.0
2007-01-20,2.0,2.0,1,2007,1,2006.0
2007-01-22,1.0,1.0,2,2007,1,2006.0
2007-01-23,1.5,1.0,4,2007,1,2006.0
2007-01-24,6.0,6.0,1,2007,1,2006.0
2007-01-25,6.0,6.0,3,2007,1,2006.0
2007-01-26,6.0,6.0,1,2007,1,2006.0
2007-01-28,6.0,6.0,2,2007,1,2006.0
2007-01-29,6.0,6.0,1,2007,1,2006.0
2007-01-30,4.0,4.0,1,2007,1,2006.0
2007-01-31,3.0,3.0,1,2007,1,2006.0
2007-02-01,3.0,3.0,1,2007,2,2006.0
2007-02-03,6.0,6.0,4,2007,2,2006.0
2007-02-07,4.375,2.5,4,2007,2,2006.0
2007-02-08,6.0,6.0,1,2007,2,2006.0
2007-02-11,6.0,6.0,2,2007,2,2006.0
2007-02-12,2.5,2.5,1,2007,2,2006.0
2007-02-13,5.0,5.0,1,2007,2,2006.0
2007-02-14,3.625,1.25,2,2007,2,2006.0
2007-02-19,2.0,2.0,1,2007,2,2006.0
2007-02-21,6.0,6.0,2,2007,2,2006.0
2007-02-23,2.0,2.0,1,2007,2,2006.0
2007-02-25,6.0,6.0,1,2007,2,2006.0
2007-02-27,1.5,1.5,1,2007,2,2006.0
2007-03-01,3.75,2.5,2,2007,3,2006.0
2007-03-04,0.6666666666666666,0.5,3,2007,3,2006.0
2007-03-05,1.96,0.38,3,2007,3,2006.0
2007-03-06,2.0,2.0,1,2007,3,2006.0
2007-03-08,6.0,6.0,2,2007,3,2006.0
2007-03-09,12.0,12.0,1,2007,3,2006.0
2007-03-13,6.0,6.0,1,2007,3,2006.0
2007-03-15,2.5,2.5,1,2007,3,2006.0
2007-03-20,6.0,6.0,1,2007,3,2006.0
2007-03-21,3.0,3.0,1,2007,3,2006.0
2007-03-25,1.25,1.25,1,2007,3,2006.0
2007-04-22,6.0,6.0,2,2007,4,
2007-05-07,7.0,7.0,1,2007,5,
2007-05-12,3.5,2.5,3,2007,5,
2007-05-18,6.0,6.0,1,2007,5,
2007-05-20,6.5,6.0,2,2007,5,
2007-05-21,6.0,6.0,3,2007,5,
2007-05-22,6.166666666666667,6.0,6,2007,5,
2007-05-23,6.5,6.0,2,2007,5,
2007-05-27,6.666666666666667,6.0,3,2007,5,
2007-05-28,6.0,6.0,3,2007,5,
2007-05-29,7.0,7.0,1,2007,5,
2007-05-31,6.333333333333333,6.0,3,2007,5,
2007-06-01,5.75,5.0,4,2007,6,
2007-06-02,6.4,6.0,5,2007,6,
2007-06-03,4.0,4.0,1,2007,6,
2007-06-05,,,0,2007,6,
2007-06-06,7.0,7.0,3,2007,6,
2007-06-07,6.0,6.0,5,2007,6,
2007-06-09,7.0,7.0,2,2007,6,
2007-06-14,6.0,6.0,2,2007,6,
2007-06-16,6.0,6.0,5,2007,6,
2007-06-17,6.0,6.0,5,2007,6,
2007-06-19,6.0,6.0,1,2007,6,
2007-06-21,7.0,7.0,2,2007,6,
2007-06-24,6.0,6.0,7,2007,6,
2007-06-26,6.666666666666667,6.0,3,2007,6,
2007-06-27,6.8,6.0,5,2007,6,
2007-06-29,6.0,6.0,1,2007,6,
2007-07-01,6.5,6.0,6,2007,7,
2007-07-02,6.0,5.0,2,2007,7,
2007-07-03,9.0,9.0,1,2007,7,
2007-07-04,6.0,6.0,7,2007,7,
2007-07-06,6.2,6.0,5,2007,7,
2007-07-07,6.5,6.0,2,2007,7,
2007-07-11,6.166666666666667,6.0,6,2007,7,
2007-07-12,6.0,6.0,3,2007,7,
2007-07-13,7.0,7.0,1,2007,7,
2007-07-14,7.0,7.0,2,2007,7,
2007-07-15,6.0,6.0,4,2007,7,
2007-07-16,5.416666666666667,3.0,12,2007,7,
2007-07-17,6.333333333333333,6.0,3,2007,7,
2007-07-18,5.0,4.0,5,2007,7,
2007-07-19,6.0,6.0,2,2007,7,
2007-07-20,6.0,6.0,2,2007,7,
2007-07-21,6.6,6.0,5,2007,7,
2007-07-24,6.0,6.0,3,2007,7,
2007-07-26,6.8,6.0,10,2007,7,
2007-07-27,6.857142857142857,6.0,7,2007,7,
2007-07-28,6.0,6.0,1,2007,7,
2007-07-29,7.0,7.0,7,2007,7,
2007-07-31,7.0,7.0,8,2007,7,
2007-08-01,6.4,5.0,5,2007,8,
2007-08-02,6.0,6.0,2,2007,8,
2007-08-03,6.333333333333333,6.0,3,2007,8,
2007-10-26,4.0,4.0,1,2007,10,
2008-01-08,6.0,6.0,1,2008,1,2007.0
2008-01-10,6.0,6.0,1,2008,1,2007.0
2008-01-12,3.0,3.0,1,2008,1,2007.0
2008-01-15,1.0,1.0,4,2008,1,2007.0
2008-01-16,1.0,1.0,4,2008,1,2007.0
2008-01-17,3.125,1.0,8,2008,1,2007.0
2008-01-18,6.0,5.0,2,2008,1,2007.0
2008-01-19,6.0,6.0,1,2008,1,2007.0
2008-01-21,3.8333333333333335,3.0,6,2008,1,2007.0
2008-01-22,4.666666666666667,3.0,6,2008,1,2007.0
2008-01-23,2.25,1.0,4,2008,1,2007.0
2008-01-24,4.7,2.5,5,2008,1,2007.0
2008-01-25,6.0,6.0,5,2008,1,2007.0
2008-01-26,4.0,4.0,4,2008,1,2007.0
2008-01-28,0.345,0.25,4,2008,1,2007.0
2008-01-29,1.05,1.0,5,2008,1,2007.0
2008-01-30,2.0625,1.25,4,2008,1,2007.0
2008-01-31,1.2083333333333333,0.25,6,2008,1,2007.0
2008-02-01,0.85,0.12,5,2008,2,2007.0
2008-02-02,1.71875,0.5,8,2008,2,2007.0
2008-02-03,2.0118181818181817,0.38,11,2008,2,2007.0
2008-02-04,3.4545454545454546,2.5,11,2008,2,2007.0
2008-02-05,5.833333333333333,5.0,6,2008,2,2007.0
2008-02-07,5.777777777777778,5.0,9,2008,2,2007.0
2008-02-08,3.9375,1.25,4,2008,2,2007.0
2008-02-09,2.2,1.0,5,2008,2,2007.0
2008-02-10,5.75,5.0,8,2008,2,2007.0
2008-02-11,6.0,6.0,8,2008,2,2007.0
2008-02-12,5.833333333333333,5.0,6,2008,2,2007.0
2008-02-13,1.5416666666666667,1.0,6,2008,2,2007.0
2008-02-14,,,0,2008,2,2007.0
2008-02-16,1.125,1.0,2,2008,2,2007.0
2008-02-17,2.65,2.0,10,2008,2,2007.0
2008-02-18,2.625,2.5,4,2008,2,2007.0
2008-02-19,1.6666666666666667,1.0,3,2008,2,2007.0
2008-02-20,0.45916666666666667,0.12,12,2008,2,2007.0
2008-02-21,,,0,2008,2,2007.0
2008-02-22,1.0227272727272727,0.25,11,2008,2,2007.0
2008-02-23,2.675,1.25,10,2008,2,2007.0
2008-02-24,6.0,6.0,8,2008,2,2007.0
2008-02-25,2.409090909090909,1.0,11,2008,2,2007.0
2008-02-26,0.22111111111111112,0.12,9,2008,2,2007.0
2008-02-27,1.8571428571428572,1.0,7,2008,2,2007.0
2008-02-28,3.5833333333333335,2.5,6,2008,2,2007.0
2008-02-29,5.25,5.0,4,2008,2,2007.0
2008-03-01,6.0,6.0,5,2008,3,2007.0
2008-03-02,5.666666666666667,5.0,3,2008,3,2007.0
2008-03-03,0.4375,0.12,4,2008,3,2007.0
2008-03-04,3.4285714285714284,2.5,7,2008,3,2007.0
2008-03-05,3.875,3.0,8,2008,3,2007.0
2008-03-06,3.6,1.5,5,2008,3,2007.0
2008-03-07,6.0,6.0,2,2008,3,2007.0
2008-03-08,4.75,3.0,4,2008,3,2007.0
2008-03-09,6.0,6.0,2,2008,3,2007.0
2008-03-10,5.0,4.0,3,2008,3,2007.0
2008-03-11,6.0,6.0,1,2008,3,2007.0
2008-03-12,3.0,3.0,1,2008,3,2007.0
2008-03-13,3.75,3.0,8,2008,3,2007.0
2008-03-14,1.49,0.25,11,2008,3,2007.0
2008-03-15,1.6136363636363635,1.0,11,2008,3,2007.0
2008-03-16,3.0,2.0,4,2008,3,2007.0
2008-03-17,6.0,6.0,12,2008,3,2007.0
2008-03-18,6.0,6.0,5,2008,3,2007.0
2008-03-19,6.0,6.0,7,2008,3,2007.0
2008-03-20,4.181818181818182,2.5,11,2008,3,2007.0
2008-03-21,3.75,3.0,8,2008,3,2007.0
2008-03-22,4.666666666666667,2.0,3,2008,3,2007.0
2008-03-23,6.333333333333333,6.0,3,2008,3,2007.0
2008-03-24,5.083333333333333,2.5,6,2008,3,2007.0
2008-03-25,5.3,2.5,5,2008,3,2007.0
2008-03-26,5.333333333333333,4.0,9,2008,3,2007.0
2008-03-29,6.0,6.0,4,2008,3,2007.0
2008-03-30,4.0,4.0,5,2008,3,2007.0
2008-03-31,1.8,1.0,5,2008,3,2007.0
2008-04-01,1.5,1.0,2,2008,4,
2008-04-02,3.4,2.5,5,2008,4,
2008-04-03,5.0,5.0,3,2008,4,
2008-04-04,3.8,2.5,5,2008,4,
2008-04-05,5.833333333333333,5.0,6,2008,4,
2008-04-06,5.5,4.0,4,2008,4,
2008-04-07,3.8333333333333335,2.5,6,2008,4,
2008-04-08,2.5625,1.0,4,2008,4,
2008-04-09,2.6666666666666665,2.5,3,2008,4,
2008-04-10,3.0833333333333335,1.25,3,2008,4,
2008-04-11,3.6666666666666665,3.0,3,2008,4,
2008-04-12,3.066666666666667,2.0,15,2008,4,
2008-04-13,5.666666666666667,4.0,12,2008,4,
2008-04-14,5.571428571428571,4.0,7,2008,4,
2008-04-15,6.0,6.0,8,2008,4,
2008-04-16,5.454545454545454,3.0,11,2008,4,
2008-04-17,4.21875,2.5,16,2008,4,
2008-04-18,5.0,4.0,10,2008,4,
2008-04-19,6.083333333333333,6.0,12,2008,4,
2008-04-20,5.333333333333333,3.0,9,2008,4,
2008-04-21,5.9,5.0,10,2008,4,
2008-04-22,7.466666666666667,4.0,15,2008,4,
2008-04-23,6.0,4.0,9,2008,4,
2008-04-24,6.230769230769231,6.0,13,2008,4,
2008-04-25,6.125,6.0,8,2008,4,
2008-04-26,6.384615384615385,5.0,13,2008,4,
2008-04-27,6.2,6.0,10,2008,4,
2008-04-28,4.5,3.0,2,2008,4,
2008-04-29,4.5,4.0,2,2008,4,
2008-04-30,6.1,6.0,10,2008,4,
2008-05-01,5.933333333333334,5.0,15,2008,5,
2008-05-02,5.6875,4.0,16,2008,5,
2008-05-03,5.9,4.0,10,2008,5,
2008-05-04,5.916666666666667,5.0,12,2008,5,
2008-05-05,6.0,6.0,14,2008,5,
2008-05-06,6.0,6.0,6,2008,5,
2008-05-07,6.25,6.0,16,2008,5,
2008-05-08,6.125,6.0,8,2008,5,
2008-05-09,6.181818181818182,6.0,11,2008,5,
2008-05-10,6.0,6.0,2,2008,5,
2008-05-11,6.0,6.0,2,2008,5,
2008-05-12,6.25,6.0,16,2008,5,
2008-05-13,5.357142857142857,2.5,7,2008,5,
2008-05-14,6.333333333333333,6.0,6,2008,5,
2008-05-16,6.0,6.0,1,2008,5,
2008-05-21,6.666666666666667,6.0,3,2008,5,
2008-05-22,6.0,6.0,2,2008,5,
2008-05-23,6.0,6.0,1,2008,5,
2008-06-02,6.333333333333333,6.0,6,2008,6,
2008-06-03,6.428571428571429,6.0,7,2008,6,
2008-06-04,6.0,6.0,11,2008,6,
2008-06-05,6.444444444444445,6.0,9,2008,6,
2008-06-06,6.444444444444445,6.0,9,2008,6,
2008-06-07,6.75,6.0,4,2008,6,
2008-06-08,4.333333333333333,1.0,3,2008,6,
2008-06-09,6.0,6.0,1,2008,6,
2008-06-10,6.125,6.0,8,2008,6,
2008-06-11,6.363636363636363,6.0,11,2008,6,
2008-06-12,6.111111111111111,6.0,9,2008,6,
2008-06-13,4.222222222222222,0.5,9,2008,6,
2008-06-14,6.0,6.0,5,2008,6,
2008-06-15,6.0,6.0,1,2008,6,
2008-06-17,6.0,6.0,1,2008,6,
2008-06-22,7.0,7.0,1,2008,6,
2008-06-25,6.0,6.0,1,2008,6,
2008-06-27,6.0,6.0,1,2008,6,
2008-06-30,6.0,6.0,2,2008,6,
2008-07-01,6.5,6.0,2,2008,7,
2008-07-02,6.0,6.0,1,2008,7,
2008-07-05,6.0,6.0,1,2008,7,
2008-07-07,6.7,6.0,10,2008,7,
2008-07-08,6.0,6.0,2,2008,7,
2008-07-10,7.0,7.0,2,2008,7,
2008-07-11,6.0,6.0,1,2008,7,
2008-07-12,6.0,6.0,1,2008,7,
2008-07-16,6.857142857142857,6.0,7,2008,7,
2008-07-17,6.4,6.0,5,2008,7,
2008-07-18,6.6,6.0,5,2008,7,
2008-07-19,4.166666666666667,2.5,3,2008,7,
2008-07-20,7.0,7.0,1,2008,7,
2008-07-22,6.0,6.0,4,2008,7,
2008-07-25,5.0,5.0,1,2008,7,
2008-07-28,4.0,4.0,1,2008,7,
2008-07-30,6.333333333333333,6.0,3,2008,7,
2008-07-31,5.5,4.0,2,2008,7,
2008-08-01,6.857142857142857,6.0,7,2008,8,
2008-08-02,6.4,4.0,5,2008,8,
2008-08-03,6.666666666666667,6.0,3,2008,8,
2008-08-04,6.5,6.0,2,2008,8,
2008-08-05,6.0,6.0,6,2008,8,
2008-08-06,6.5,6.0,8,2008,8,
2008-08-08,6.0,6.0,5,2008,8,
2008-08-09,6.0,6.0,1,2008,8,
2008-08-10,7.0,7.0,2,2008,8,
2008-08-11,5.666666666666667,3.0,6,2008,8,
2008-08-12,7.0,7.0,1,2008,8,
2008-08-13,6.6,5.0,5,2008,8,
2008-08-15,5.666666666666667,4.0,3,2008,8,
2008-08-16,6.75,6.0,8,2008,8,
2008-08-17,6.75,6.0,4,2008,8,
2008-08-18,5.0,5.0,1,2008,8,
2008-08-20,5.5,2.5,3,2008,8,
2008-08-21,5.25,4.0,4,2008,8,
2008-08-23,6.6,6.0,5,2008,8,
2008-08-24,5.75,4.0,4,2008,8,
2008-08-25,6.666666666666667,6.0,9,2008,8,
2008-08-26,6.5,6.0,6,2008,8,
2008-08-27,7.0,7.0,1,2008,8,
2008-08-28,6.5,6.0,2,2008,8,
2008-08-29,7.0,7.0,2,2008,8,
2008-08-31,7.0,7.0,1,2008,8,
2008-09-01,6.0,6.0,4,2008,9,
2008-09-02,7.0,7.0,1,2008,9,
2008-09-03,6.0,6.0,1,2008,9,
2008-09-05,6.2,6.0,5,2008,9,
2008-09-06,6.5,6.0,12,2008,9,
2008-09-07,4.666666666666667,2.0,3,2008,9,
2008-09-08,7.0,7.0,4,2008,9,
2008-09-09,6.333333333333333,6.0,3,2008,9,
2008-10-11,6.555555555555555,6.0,9,2008,10,
2008-10-12,6.0,4.0,11,2008,10,
2008-10-13,6.0,6.0,1,2008,10,
2008-10-15,6.0,6.0,1,2008,10,
2008-10-16,6.5,5.0,4,2008,10,
2008-10-17,5.833333333333333,4.0,12,2008,10,
2008-10-18,4.40625,1.25,8,2008,10,
2008-10-19,4.0,4.0,2,2008,10,
2008-10-20,5.857142857142857,5.0,7,2008,10,
2008-10-21,4.909090909090909,2.0,11,2008,10,
2008-10-22,1.875,1.25,10,2008,10,
2008-10-23,1.4583333333333333,1.25,6,2008,10,
2008-10-24,2.5555555555555554,2.0,9,2008,10,
2008-10-25,3.857142857142857,3.0,7,2008,10,
2008-10-27,9.285714285714286,4.0,7,2008,10,
2008-10-28,5.461538461538462,4.0,13,2008,10,
2008-10-29,5.0,4.0,4,2008,10,
2008-10-30,3.9166666666666665,2.5,12,2008,10,
2008-10-31,3.5454545454545454,3.0,11,2008,10,
2008-11-01,2.7777777777777777,1.25,9,2008,11,2008.0
2008-11-02,2.875,1.0,6,2008,11,2008.0
2008-11-03,2.875,2.5,4,2008,11,2008.0
2008-11-04,2.361111111111111,1.25,9,2008,11,2008.0
2008-11-06,5.0,5.0,2,2008,11,2008.0
2008-11-07,3.9375,1.5,8,2008,11,2008.0
2008-11-10,4.5,4.0,6,2008,11,2008.0
2008-11-11,2.9375,1.0,8,2008,11,2008.0
2008-11-12,3.0,2.0,11,2008,11,2008.0
2008-11-13,1.0833333333333333,1.0,3,2008,11,2008.0
2008-11-14,1.348888888888889,0.38,9,2008,11,2008.0
2008-11-15,1.53125,1.0,8,2008,11,2008.0
2008-11-16,2.625,1.0,12,2008,11,2008.0
2008-11-17,1.625,1.25,6,2008,11,2008.0
2008-11-18,3.909090909090909,2.5,11,2008,11,2008.0
2008-11-19,4.2,3.0,10,2008,11,2008.0
2008-11-20,5.125,4.0,8,2008,11,2008.0
2008-11-21,6.0,6.0,9,2008,11,2008.0
2008-11-22,6.0,6.0,8,2008,11,2008.0
2008-11-23,6.0,6.0,5,2008,11,2008.0
2008-11-24,5.7,4.0,10,2008,11,2008.0
2008-11-25,4.166666666666667,3.0,6,2008,11,2008.0
2008-11-26,5.4,4.0,15,2008,11,2008.0
2008-11-27,4.9375,2.0,8,2008,11,2008.0
2008-11-28,5.166666666666667,4.0,6,2008,11,2008.0
2008-11-29,3.2857142857142856,1.0,7,2008,11,2008.0
2008-11-30,4.75,4.0,8,2008,11,2008.0
2008-12-01,5.2,4.0,5,2008,12,2008.0
2008-12-02,4.375,1.25,6,2008,12,2008.0
2008-12-03,2.75,1.0,4,2008,12,2008.0
2008-12-04,4.285714285714286,3.0,7,2008,12,2008.0
2008-12-05,4.6,4.0,10,2008,12,2008.0
2008-12-06,5.5,5.0,2,2008,12,2008.0
2008-12-07,4.333333333333333,4.0,6,2008,12,2008.0
2008-12-08,4.5,4.0,6,2008,12,2008.0
2008-12-09,3.875,2.0,8,2008,12,2008.0
2008-12-10,5.5,5.0,2,2008,12,2008.0
2008-12-11,4.166666666666667,1.0,9,2008,12,2008.0
2008-12-12,8.666666666666666,5.0,9,2008,12,2008.0
2008-12-13,5.923076923076923,5.0,13,2008,12,2008.0
2008-12-15,5.333333333333333,4.0,3,2008,12,2008.0
2008-12-16,5.25,5.0,4,2008,12,2008.0
2008-12-17,5.615384615384615,5.0,13,2008,12,2008.0
2008-12-18,6.0,6.0,2,2008,12,2008.0
2008-12-19,2.25,2.0,4,2008,12,2008.0
2008-12-20,1.4375,1.0,4,2008,12,2008.0
2008-12-21,5.2,4.0,5,2008,12,2008.0
2008-12-22,1.125,1.0,4,2008,12,2008.0
2008-12-23,1.3519999999999999,0.38,5,2008,12,2008.0
2008-12-24,0.8766666666666666,0.38,6,2008,12,2008.0
2008-12-25,2.75,0.5,2,2008,12,2008.0
2008-12-27,2.1666666666666665,2.0,3,2008,12,2008.0
2008-12-28,5.833333333333333,5.0,6,2008,12,2008.0
2008-12-29,1.35,1.0,5,2008,12,2008.0
2008-12-30,2.8333333333333335,2.0,6,2008,12,2008.0
2008-12-31,6.0,6.0,1,2008,12,2008.0
2009-01-01,5.0,5.0,2,2009,1,2008.0
2009-01-02,2.3333333333333335,1.0,3,2009,1,2008.0
2009-01-03,6.9,0.5,5,2009,1,2008.0
2009-01-04,4.0,1.0,4,2009,1,2008.0
2009-01-05,6.0,6.0,8,2009,1,2008.0
2009-01-06,4.5,3.0,2,2009,1,2008.0
2009-01-07,5.4375,1.5,8,2009,1,2008.0
2009-01-08,6.0,6.0,5,2009,1,2008.0
2009-01-09,5.071428571428571,2.5,7,2009,1,2008.0
2009-01-10,5.6,4.0,5,2009,1,2008.0
2009-01-11,2.95,1.25,5,2009,1,2008.0
2009-01-12,3.5625,0.5,12,2009,1,2008.0
2009-01-13,8.625,4.0,8,2009,1,2008.0
2009-01-20,2.2,1.0,5,2009,1,2008.0
2009-01-22,5.2,4.0,5,2009,1,2008.0
2009-01-23,3.3333333333333335,1.5,15,2009,1,2008.0
2009-01-24,2.625,1.25,6,2009,1,2008.0
2009-01-25,4.625,4.0,8,2009,1,2008.0
2009-01-26,2.65625,1.0,8,2009,1,2008.0
2009-01-27,3.9464285714285716,1.0,14,2009,1,2008.0
2009-01-28,4.833333333333333,4.0,12,2009,1,2008.0
2009-01-30,5.083333333333333,2.5,6,2009,1,2008.0
2009-01-31,5.166666666666667,5.0,6,2009,1,2008.0
2009-02-01,5.590909090909091,1.5,11,2009,2,2008.0
2009-02-02,10.375,2.5,4,2009,2,2008.0
2009-02-03,4.375,3.0,8,2009,2,2008.0
2009-02-04,6.0,6.0,5,2009,2,2008.0
2009-02-05,5.8,5.0,15,2009,2,2008.0
2009-02-06,5.3076923076923075,1.0,13,2009,2,2008.0
2009-02-07,5.384615384615385,4.0,13,2009,2,2008.0
2009-02-08,5.153846153846154,1.0,13,2009,2,2008.0
2009-02-09,5.0,4.0,11,2009,2,2008.0
2009-02-10,1.642,0.38,15,2009,2,2008.0
2009-02-11,0.298,0.12,10,2009,2,2008.0
2009-02-12,3.0425,0.25,12,2009,2,2008.0
2009-02-13,1.5086666666666666,0.38,15,2009,2,2008.0
2009-02-14,4.571428571428571,2.5,14,2009,2,2008.0
2009-02-15,4.2,4.0,10,2009,2,2008.0
2009-02-16,4.538461538461538,3.0,13,2009,2,2008.0
2009-02-17,3.25,2.0,10,2009,2,2008.0
2009-02-18,2.125,1.25,10,2009,2,2008.0
2009-02-19,3.9444444444444446,2.5,9,2009,2,2008.0
2009-02-20,3.65,2.0,10,2009,2,2008.0
2009-02-21,1.625,0.5,12,2009,2,2008.0
2009-02-22,1.2833333333333334,1.0,15,2009,2,2008.0
2009-02-23,3.7,1.0,15,2009,2,2008.0
2009-02-24,2.075,1.0,10,2009,2,2008.0
2009-02-25,4.875,3.0,16,2009,2,2008.0
2009-02-26,5.125,4.0,8,2009,2,2008.0
2009-02-27,4.0,2.5,10,2009,2,2008.0
2009-02-28,2.014375,0.12,16,2009,2,2008.0
2009-03-01,3.878,0.38,10,2009,3,2008.0
2009-03-02,1.5,1.0,3,2009,3,2008.0
2009-03-03,3.0833333333333335,1.0,6,2009,3,2008.0
2009-03-04,2.8125,1.0,12,2009,3,2008.0
2009-03-05,3.375,1.0,14,2009,3,2008.0
2009-03-06,3.1153846153846154,1.25,13,2009,3,2008.0
2009-03-07,4.681818181818182,2.5,11,2009,3,2008.0
2009-03-08,6.0,6.0,11,2009,3,2008.0
2009-03-09,2.576923076923077,2.0,13,2009,3,2008.0
2009-03-10,1.221111111111111,0.12,9,2009,3,2008.0
2009-03-12,2.625,1.5,8,2009,3,2008.0
2009-03-13,2.9375,1.25,12,2009,3,2008.0
2009-03-14,2.607142857142857,2.0,14,2009,3,2008.0
2009-03-15,1.5681818181818181,1.0,11,2009,3,2008.0
2009-03-16,5.53125,2.0,16,2009,3,2008.0
2009-03-17,5.533333333333333,4.0,15,2009,3,2008.0
2009-03-18,5.041666666666667,1.25,12,2009,3,2008.0
2009-03-19,5.375,4.0,16,2009,3,2008.0
2009-03-20,5.428571428571429,2.0,14,2009,3,2008.0
2009-03-21,5.857142857142857,5.0,7,2009,3,2008.0
2009-03-22,6.0,6.0,12,2009,3,2008.0
2009-03-23,6.6923076923076925,6.0,13,2009,3,2008.0
2009-03-24,5.6,4.0,15,2009,3,2008.0
2009-03-25,1.2006666666666665,0.38,15,2009,3,2008.0
2009-03-26,1.9375,1.25,12,2009,3,2008.0
2009-03-27,1.4375,1.0,4,2009,3,2008.0
2009-03-28,2.5681818181818183,1.25,11,2009,3,2008.0
2009-03-29,2.671875,1.0,16,2009,3,2008.0
2009-03-30,2.4615384615384617,1.25,13,2009,3,2008.0
2009-03-31,3.0,2.0,11,2009,3,2008.0
2009-04-01,4.25,1.0,8,2009,4,
2009-04-02,4.3088235294117645,1.25,17,2009,4,
2009-04-03,5.568181818181818,0.25,11,2009,4,
2009-04-04,7.571428571428571,2.0,7,2009,4,
2009-04-05,6.0,6.0,6,2009,4,
2009-04-06,6.0,6.0,4,2009,4,
2009-04-07,5.383333333333334,1.25,15,2009,4,
2009-04-08,6.0,6.0,8,2009,4,
2009-04-09,6.0,6.0,11,2009,4,
2009-04-10,6.0,6.0,14,2009,4,
2009-04-11,6.0,6.0,8,2009,4,
2009-04-12,6.333333333333333,6.0,6,2009,4,
2009-04-13,5.928571428571429,5.0,14,2009,4,
2009-04-14,6.0,6.0,1,2009,4,
2009-04-15,6.5,6.0,2,2009,4,
2009-04-16,6.0,6.0,14,2009,4,
2009-04-17,6.266666666666667,6.0,15,2009,4,
2009-04-18,6.0,6.0,11,2009,4,
2009-04-19,6.0,6.0,5,2009,4,
2009-04-20,5.875,5.0,8,2009,4,
2009-04-21,6.466666666666667,6.0,15,2009,4,
2009-04-22,6.291818181818181,6.0,11,2009,4,
2009-04-23,6.0,6.0,13,2009,4,
2009-04-24,6.142857142857143,6.0,7,2009,4,
2009-04-25,6.25,5.0,8,2009,4,
2009-04-27,4.0,4.0,3,2009,4,
2009-04-28,5.666666666666667,5.0,6,2009,4,
2009-04-29,6.0,6.0,6,2009,4,
2009-04-30,6.428571428571429,6.0,7,2009,4,
2009-05-01,6.0,6.0,3,2009,5,
2009-05-02,5.75,4.0,8,2009,5,
2009-05-03,5.75,4.0,8,2009,5,
2009-05-04,5.5,4.0,4,2009,5,
2009-05-05,6.166666666666667,6.0,6,2009,5,
2009-05-06,5.7,4.0,10,2009,5,
2009-05-07,6.75,6.0,4,2009,5,
2009-05-08,5.0,3.0,3,2009,5,
2009-05-09,5.5,5.0,6,2009,5,
2009-05-10,5.923076923076923,5.0,13,2009,5,
2009-05-11,5.6,4.0,10,2009,5,
2009-05-12,4.7727272727272725,2.0,11,2009,5,
2009-05-13,4.666666666666667,4.0,6,2009,5,
2009-05-14,6.0,6.0,5,2009,5,
2009-05-15,6.285714285714286,6.0,7,2009,5,
2009-05-16,5.7272727272727275,4.0,11,2009,5,
2009-05-17,6.0,6.0,3,2009,5,
2009-05-18,6.125,6.0,8,2009,5,
2009-05-19,5.346153846153846,2.0,13,2009,5,
2009-05-20,4.133333333333334,1.25,15,2009,5,
2009-05-21,3.0535714285714284,1.25,14,2009,5,
2009-05-22,5.453125,0.25,16,2009,5,
2009-05-23,5.823529411764706,4.0,17,2009,5,
2009-05-24,5.866666666666666,5.0,15,2009,5,
2009-05-25,6.0625,5.0,16,2009,5,
2009-05-26,4.588235294117647,4.0,17,2009,5,
2009-05-27,5.833333333333333,5.0,18,2009,5,
2009-05-28,6.363636363636363,6.0,11,2009,5,
2009-06-01,5.214285714285714,2.5,7,2009,6,
2009-06-02,5.815789473684211,2.5,19,2009,6,
2009-06-03,6.071428571428571,2.5,21,2009,6,
2009-06-04,6.181818181818182,4.0,22,2009,6,
2009-06-05,6.25,6.0,24,2009,6,
2009-06-06,6.2727272727272725,6.0,22,2009,6,
2009-06-07,6.136363636363637,5.0,22,2009,6,
2009-06-08,6.15,4.0,20,2009,6,
2009-06-09,6.5,6.0,12,2009,6,
2009-06-10,5.4,2.0,20,2009,6,
2009-06-11,6.434782608695652,6.0,23,2009,6,
2009-06-12,6.166666666666667,2.5,21,2009,6,
2009-06-13,6.105263157894737,5.0,19,2009,6,
2009-06-14,5.8,1.0,15,2009,6,
2009-06-15,5.760416666666667,0.25,24,2009,6,
2009-06-16,6.176470588235294,4.0,17,2009,6,
2009-06-17,6.2727272727272725,6.0,22,2009,6,
2009-06-18,6.2,6.0,20,2009,6,
2009-06-19,6.3,5.0,20,2009,6,
2009-06-20,6.0,4.0,16,2009,6,
2009-06-21,6.533333333333333,6.0,15,2009,6,
2009-06-22,6.166666666666667,6.0,24,2009,6,
2009-06-23,5.869047619047619,0.25,21,2009,6,
2009-06-24,6.2,5.0,15,2009,6,
2009-06-25,5.697368421052632,0.25,19,2009,6,
2009-06-26,5.6,1.0,15,2009,6,
2009-06-27,6.117647058823529,6.0,17,2009,6,
2009-06-28,6.3,6.0,20,2009,6,
2009-06-29,6.105263157894737,6.0,19,2009,6,
2009-06-30,6.315789473684211,4.0,19,2009,6,
2009-07-01,6.15,6.0,20,2009,7,
2009-07-02,6.294117647058823,6.0,17,2009,7,
2009-07-03,6.277777777777778,6.0,18,2009,7,
2009-07-04,6.222222222222222,4.0,18,2009,7,
2009-07-05,6.0,6.0,19,2009,7,
2009-07-06,6.411764705882353,5.0,17,2009,7,
2009-07-07,5.904761904761905,5.0,21,2009,7,
2009-07-08,6.428571428571429,6.0,14,2009,7,
2009-07-09,6.0,1.0,17,2009,7,
2009-07-10,6.0,3.0,18,2009,7,
2009-07-11,6.454545454545454,6.0,22,2009,7,
2009-07-12,6.125,1.5,20,2009,7,
2009-07-13,5.733333333333333,3.0,15,2009,7,
2009-07-14,6.2727272727272725,5.0,22,2009,7,
2009-07-15,6.2272727272727275,3.0,22,2009,7,
2009-07-16,6.571428571428571,5.0,21,2009,7,
2009-07-17,6.222222222222222,5.0,18,2009,7,
2009-07-18,6.5,5.0,16,2009,7,
2009-07-19,6.5,6.0,18,2009,7,
2009-07-20,5.857142857142857,3.0,14,2009,7,
2009-07-21,6.043478260869565,5.0,23,2009,7,
2009-07-22,6.416666666666667,6.0,24,2009,7,
2009-07-23,6.5,6.0,20,2009,7,
2009-07-24,6.294117647058823,6.0,17,2009,7,
2009-07-25,5.7,5.0,10,2009,7,
2009-07-26,5.666666666666667,4.0,18,2009,7,
2009-07-27,5.886363636363637,1.5,22,2009,7,
2009-07-28,5.85,3.0,20,2009,7,
2009-07-29,6.4375,6.0,16,2009,7,
2009-07-30,6.0,4.0,10,2009,7,
2009-07-31,6.545454545454546,6.0,11,2009,7,
2009-08-01,6.555555555555555,5.0,18,2009,8,
2009-08-02,6.6,6.0,10,2009,8,
2009-08-03,6.0,4.0,11,2009,8,
2009-08-04,5.928571428571429,4.0,14,2009,8,
2009-08-05,6.3125,4.0,16,2009,8,
2009-08-06,6.2727272727272725,4.0,11,2009,8,
2009-08-07,6.5,6.0,12,2009,8,
2009-08-08,6.25,6.0,12,2009,8,
2009-08-09,5.894736842105263,3.0,19,2009,8,
2009-08-10,6.45,5.0,20,2009,8,
2009-08-11,6.166666666666667,4.0,12,2009,8,
2009-08-12,6.466666666666667,5.0,15,2009,8,
2009-08-13,5.933333333333334,4.0,15,2009,8,
2009-08-14,6.5,5.0,14,2009,8,
2009-08-15,6.0,4.0,14,2009,8,
2009-08-16,6.428571428571429,6.0,21,2009,8,
2009-08-17,6.0,3.0,18,2009,8,
2009-08-18,6.238095238095238,5.0,21,2009,8,
2009-08-19,6.2,4.0,20,2009,8,
2009-08-20,6.583333333333333,5.0,12,2009,8,
2009-08-21,6.5,5.0,10,2009,8,
2009-08-22,6.444444444444445,6.0,18,2009,8,
2009-08-23,6.55,6.0,20,2009,8,
2009-08-24,6.538461538461538,6.0,13,2009,8,
2009-08-25,6.315789473684211,5.0,19,2009,8,
2009-08-26,5.861111111111111,1.5,18,2009,8,
2009-08-27,6.470588235294118,6.0,17,2009,8,
2009-08-28,4.352941176470588,3.0,17,2009,8,
2009-08-29,6.105263157894737,4.0,19,2009,8,
2009-08-30,6.6923076923076925,6.0,13,2009,8,
2009-08-31,6.75,6.0,4,2009,8,
2009-09-01,6.666666666666667,6.0,6,2009,9,
2009-09-02,6.8,6.0,15,2009,9,
2009-09-03,6.5,6.0,4,2009,9,
2009-09-04,6.181818181818182,3.0,11,2009,9,
2009-09-05,6.357142857142857,6.0,14,2009,9,
2009-09-06,5.785714285714286,0.0,14,2009,9,
2009-09-07,6.3,6.0,20,2009,9,
2009-09-08,6.176470588235294,5.0,17,2009,9,
2009-09-09,6.176470588235294,5.0,17,2009,9,
2009-09-10,6.333333333333333,6.0,15,2009,9,
2009-09-11,6.083333333333333,4.0,12,2009,9,
2009-09-12,6.611111111111111,5.0,18,2009,9,
2009-09-13,6.214285714285714,6.0,14,2009,9,
2009-09-14,5.333333333333333,2.0,9,2009,9,
2009-09-15,6.833333333333333,6.0,6,2009,9,
2009-09-16,6.444444444444445,6.0,9,2009,9,
2009-09-17,6.333333333333333,6.0,9,2009,9,
2009-09-18,6.0,6.0,1,2009,9,
2009-09-19,5.5,5.0,6,2009,9,
2009-09-20,6.0,5.0,4,2009,9,
2009-09-21,7.0,7.0,1,2009,9,
2009-09-22,4.5,4.0,2,2009,9,
2009-09-23,5.875,5.0,8,2009,9,
2009-09-24,6.0,6.0,4,2009,9,
2009-09-25,6.071428571428571,6.0,14,2009,9,
2009-09-26,6.230769230769231,6.0,13,2009,9,
2009-09-27,6.333333333333333,6.0,12,2009,9,
2009-09-28,5.133333333333334,3.0,15,2009,9,
2009-09-29,6.0,4.0,11,2009,9,
2009-09-30,5.75,5.0,4,2009,9,
2009-10-01,4.214285714285714,2.5,7,2009,10,
2009-10-02,2.338235294117647,1.25,17,2009,10,
2009-10-03,3.340909090909091,2.5,22,2009,10,
2009-10-04,5.666666666666667,4.0,18,2009,10,
2009-10-05,5.147058823529412,1.5,17,2009,10,
2009-10-06,5.75,5.0,16,2009,10,
2009-10-07,5.714285714285714,5.0,14,2009,10,
2009-10-08,6.285714285714286,6.0,21,2009,10,
2009-10-09,6.090909090909091,6.0,11,2009,10,
2009-10-10,5.846153846153846,4.0,13,2009,10,
2009-10-11,7.0,3.0,16,2009,10,
2009-10-12,5.714285714285714,4.0,14,2009,10,
2009-10-13,6.153846153846154,5.0,13,2009,10,
2009-10-14,6.411764705882353,4.0,17,2009,10,
2009-10-15,5.433333333333334,1.5,15,2009,10,
2009-10-16,5.105263157894737,2.5,19,2009,10,
2009-10-17,5.694444444444445,2.0,18,2009,10,
2009-10-18,5.75,4.0,20,2009,10,
2009-10-19,6.0,4.0,15,2009,10,
2009-10-20,6.117647058823529,4.0,17,2009,10,
2009-10-21,6.4,6.0,10,2009,10,
2009-10-22,5.8125,3.0,16,2009,10,
2009-10-23,5.809523809523809,4.0,21,2009,10,
2009-10-24,6.277777777777778,5.0,18,2009,10,
2009-10-25,6.111111111111111,5.0,18,2009,10,
2009-10-26,5.933333333333334,4.0,15,2009,10,
2009-10-27,6.0625,5.0,16,2009,10,
2009-10-28,5.4375,4.0,16,2009,10,
2009-10-29,6.055555555555555,4.0,18,2009,10,
2009-10-30,6.277777777777778,5.0,18,2009,10,
2009-10-31,4.466666666666667,3.0,15,2009,10,
2009-11-01,5.421052631578948,3.0,19,2009,11,2009.0
2009-11-02,5.875,4.0,16,2009,11,2009.0
2009-11-03,5.9375,5.0,16,2009,11,2009.0
2009-11-04,5.357142857142857,3.0,14,2009,11,2009.0
2009-11-05,5.0476190476190474,2.0,21,2009,11,2009.0
2009-11-06,5.111111111111111,1.0,18,2009,11,2009.0
2009-11-07,5.233333333333333,2.5,15,2009,11,2009.0
2009-11-08,4.361111111111111,1.25,9,2009,11,2009.0
2009-11-09,5.375,2.5,16,2009,11,2009.0
2009-11-10,4.4,4.0,5,2009,11,2009.0
2009-11-11,4.25,3.0,4,2009,11,2009.0
2009-11-12,3.361111111111111,1.0,9,2009,11,2009.0
2009-11-13,2.4375,1.25,4,2009,11,2009.0
2009-11-14,4.2,3.0,5,2009,11,2009.0
2009-11-15,2.5,1.0,4,2009,11,2009.0
2009-11-16,1.7142857142857142,0.5,7,2009,11,2009.0
2009-11-17,1.3333333333333333,0.5,9,2009,11,2009.0
2009-11-18,1.176,0.38,5,2009,11,2009.0
2009-11-19,2.65625,1.0,16,2009,11,2009.0
2009-11-20,2.517857142857143,1.25,14,2009,11,2009.0
2009-11-21,3.8,2.0,15,2009,11,2009.0
2009-11-22,2.3676470588235294,0.5,17,2009,11,2009.0
2009-11-23,2.8125,1.25,20,2009,11,2009.0
2009-11-24,4.625,4.0,8,2009,11,2009.0
2009-11-25,1.1666666666666667,1.0,9,2009,11,2009.0
2009-11-26,1.7045454545454546,1.0,11,2009,11,2009.0
2009-11-27,2.104444444444445,0.38,18,2009,11,2009.0
2009-11-28,1.25,1.0,20,2009,11,2009.0
2009-11-29,2.1842105263157894,1.0,19,2009,11,2009.0
2009-11-30,2.1184210526315788,1.0,19,2009,11,2009.0
2009-12-01,3.764705882352941,2.5,17,2009,12,2009.0
2009-12-02,4.611111111111111,3.0,18,2009,12,2009.0
2009-12-03,5.095238095238095,3.0,21,2009,12,2009.0
2009-12-04,3.515625,1.25,16,2009,12,2009.0
2009-12-05,4.425,1.0,20,2009,12,2009.0
2009-12-06,5.9375,5.0,16,2009,12,2009.0
2009-12-07,6.0,6.0,11,2009,12,2009.0
2009-12-08,2.4285714285714284,1.0,7,2009,12,2009.0
2009-12-09,1.5,1.0,3,2009,12,2009.0
2009-12-10,6.0,6.0,2,2009,12,2009.0
2009-12-17,6.0,6.0,2,2009,12,2009.0
2009-12-21,5.0,4.0,2,2009,12,2009.0
2009-12-22,6.0,6.0,4,2009,12,2009.0
2009-12-24,3.0,3.0,3,2009,12,2009.0
2009-12-27,6.0,6.0,2,2009,12,2009.0
2009-12-29,6.0,6.0,7,2009,12,2009.0
2010-01-01,5.0,5.0,5,2010,1,2009.0
2010-01-02,6.0,6.0,1,2010,1,2009.0
2010-01-03,6.0,6.0,3,2010,1,2009.0
2010-01-06,2.5,2.5,1,2010,1,2009.0
2010-01-07,3.8,3.0,5,2010,1,2009.0
2010-01-08,4.0,4.0,1,2010,1,2009.0
2010-01-10,3.9,2.0,5,2010,1,2009.0
2010-01-11,3.75,3.0,4,2010,1,2009.0
2010-01-12,2.8,2.5,5,2010,1,2009.0
2010-01-13,6.0,6.0,3,2010,1,2009.0
2010-01-14,4.333333333333333,4.0,3,2010,1,2009.0
2010-01-15,4.5,4.0,2,2010,1,2009.0
2010-01-16,6.0,6.0,1,2010,1,2009.0
2010-01-17,1.95,1.0,10,2010,1,2009.0
2010-01-18,1.6666666666666667,1.0,9,2010,1,2009.0
2010-01-19,2.111111111111111,0.5,18,2010,1,2009.0
2010-01-20,3.6323529411764706,1.25,17,2010,1,2009.0
2010-01-21,5.444444444444445,4.0,18,2010,1,2009.0
2010-01-22,5.863636363636363,5.0,22,2010,1,2009.0
2010-01-23,5.75,5.0,8,2010,1,2009.0
2010-01-24,6.0,6.0,4,2010,1,2009.0
2010-01-25,5.0,5.0,3,2010,1,2009.0
2010-01-26,3.857142857142857,1.5,7,2010,1,2009.0
2010-01-27,4.8,4.0,5,2010,1,2009.0
2010-01-28,4.083333333333333,2.5,6,2010,1,2009.0
2010-01-29,5.0,5.0,1,2010,1,2009.0
2010-01-30,6.0,6.0,1,2010,1,2009.0
2010-01-31,5.8,5.0,10,2010,1,2009.0
2010-02-01,6.0,6.0,4,2010,2,2009.0
2010-02-02,5.0,5.0,3,2010,2,2009.0
2010-02-04,1.0,1.0,1,2010,2,2009.0
2010-02-06,2.6,1.0,5,2010,2,2009.0
2010-02-07,5.25,5.0,4,2010,2,2009.0
2010-02-08,5.777777777777778,5.0,9,2010,2,2009.0
2010-02-09,5.5,5.0,4,2010,2,2009.0
2010-02-10,5.0,4.0,7,2010,2,2009.0
2010-02-12,4.6,2.0,5,2010,2,2009.0
2010-02-18,5.5,5.0,2,2010,2,2009.0
2010-02-19,6.0,6.0,1,2010,2,2009.0
2010-02-20,5.666666666666667,5.0,6,2010,2,2009.0
2010-02-23,5.333333333333333,5.0,3,2010,2,2009.0
2010-02-24,5.833333333333333,5.0,6,2010,2,2009.0
2010-02-25,6.0,6.0,5,2010,2,2009.0
2010-02-26,4.166666666666667,2.5,9,2010,2,2009.0
2010-02-27,1.9545454545454546,0.5,11,2010,2,2009.0
2010-02-28,4.75,4.0,4,2010,2,2009.0
2010-03-01,2.5,2.5,3,2010,3,2009.0
2010-03-02,1.0,1.0,3,2010,3,2009.0
2010-03-03,4.0,2.5,7,2010,3,2009.0
2010-03-04,2.625,1.25,2,2010,3,2009.0
2010-03-05,3.9,2.5,5,2010,3,2009.0
2010-03-08,6.0,6.0,5,2010,3,2009.0
2010-03-09,6.0,6.0,2,2010,3,2009.0
2010-03-10,5.0,5.0,1,2010,3,2009.0
2010-03-11,4.944444444444445,2.5,9,2010,3,2009.0
2010-03-12,5.038461538461538,2.5,13,2010,3,2009.0
2010-03-13,4.818181818181818,2.5,11,2010,3,2009.0
2010-03-14,4.615384615384615,3.0,13,2010,3,2009.0
2010-03-15,4.625,4.0,8,2010,3,2009.0
2010-03-16,3.1666666666666665,2.5,3,2010,3,2009.0
2010-03-17,4.5,4.0,6,2010,3,2009.0
2010-03-18,1.0474999999999999,0.38,8,2010,3,2009.0
2010-03-19,0.18499999999999997,0.12,12,2010,3,2009.0
2010-03-20,0.2490909090909091,0.12,11,2010,3,2009.0
2010-03-21,0.9654545454545456,0.12,11,2010,3,2009.0
2010-03-22,1.7222222222222223,0.25,9,2010,3,2009.0
2010-03-23,0.8125,0.5,8,2010,3,2009.0
2010-03-24,1.4375,1.0,4,2010,3,2009.0
2010-03-25,5.0,4.0,14,2010,3,2009.0
2010-03-26,3.0,2.0,7,2010,3,2009.0
2010-03-27,1.35,0.5,5,2010,3,2009.0
2010-03-28,1.4791666666666667,0.5,12,2010,3,2009.0
2010-03-29,4.1,1.25,10,2010,3,2009.0
2010-03-30,1.6111111111111112,1.0,9,2010,3,2009.0
2010-03-31,3.25,1.0,6,2010,3,2009.0
2010-04-01,3.125,2.0,12,2010,4,
2010-04-02,5.0,4.0,7,2010,4,
2010-04-03,6.3,6.0,10,2010,4,
2010-04-04,5.909090909090909,5.0,11,2010,4,
2010-04-05,4.166666666666667,4.0,6,2010,4,
2010-04-06,2.7291666666666665,1.25,12,2010,4,
2010-04-07,2.022727272727273,1.0,11,2010,4,
2010-04-08,1.5,1.0,13,2010,4,
2010-04-09,1.6388888888888888,1.0,9,2010,4,
2010-04-10,2.75,2.5,6,2010,4,
2010-04-11,4.0,3.0,12,2010,4,
2010-04-12,4.6,4.0,5,2010,4,
2010-04-14,4.4,3.0,10,2010,4,
2010-04-15,6.6,6.0,5,2010,4,
2010-04-16,5.333333333333333,4.0,9,2010,4,
2010-04-17,6.230769230769231,5.0,13,2010,4,
2010-04-18,6.0,5.0,18,2010,4,
2010-04-19,4.6,3.0,15,2010,4,
2010-04-20,5.769230769230769,4.0,13,2010,4,
2010-04-21,6.833333333333333,5.0,12,2010,4,
2010-04-22,5.375,1.0,8,2010,4,
2010-04-23,6.166666666666667,6.0,6,2010,4,
2010-04-24,9.833333333333334,4.0,6,2010,4,
2010-04-25,4.5,2.5,7,2010,4,
2010-04-26,5.6,4.0,10,2010,4,
2010-04-27,6.0,6.0,4,2010,4,
2010-04-28,6.0,5.0,11,2010,4,
2010-04-29,5.636363636363637,4.0,11,2010,4,
2010-04-30,5.6,5.0,5,2010,4,
2010-05-01,6.0,5.0,11,2010,5,
2010-05-02,1.2083333333333333,0.12,6,2010,5,
2010-05-03,5.4,4.0,10,2010,5,
2010-05-04,6.222222222222222,6.0,9,2010,5,
2010-05-06,6.0,6.0,1,2010,5,
2010-05-07,6.777777777777778,6.0,9,2010,5,
2010-05-08,6.0,6.0,1,2010,5,
2010-05-09,5.777777777777778,4.0,9,2010,5,
2010-05-11,6.0,6.0,2,2010,5,
2010-05-12,6.0,6.0,13,2010,5,
2010-05-13,5.866666666666666,4.0,15,2010,5,
2010-05-14,6.266666666666667,6.0,15,2010,5,
2010-05-15,6.285714285714286,6.0,7,2010,5,
2010-05-16,6.454545454545454,6.0,11,2010,5,
2010-05-17,6.229285714285714,6.0,14,2010,5,
2010-05-18,5.8125,4.0,16,2010,5,
2010-05-19,6.153846153846154,6.0,13,2010,5,
2010-05-20,6.0,6.0,9,2010,5,
2010-05-21,4.6923076923076925,3.0,13,2010,5,
2010-05-22,4.928571428571429,4.0,14,2010,5,
2010-05-23,6.166666666666667,6.0,18,2010,5,
2010-05-24,5.923076923076923,5.0,13,2010,5,
2010-05-25,6.333333333333333,6.0,12,2010,5,
2010-05-26,6.0,6.0,8,2010,5,
2010-05-27,6.5,5.0,12,2010,5,
2010-05-28,5.6,4.0,10,2010,5,
2010-05-29,6.2,4.0,10,2010,5,
2010-05-30,5.6,4.0,5,2010,5,
2010-05-31,6.0,6.0,11,2010,5,
2010-06-01,6.222222222222222,6.0,9,2010,6,
2010-06-02,6.714285714285714,6.0,14,2010,6,
2010-06-03,6.25,6.0,4,2010,6,
2010-06-04,5.555555555555555,4.0,9,2010,6,
2010-06-05,5.785714285714286,4.0,14,2010,6,
2010-06-06,6.333333333333333,6.0,9,2010,6,
2010-06-07,7.0,7.0,1,2010,6,
2010-06-08,6.0,6.0,1,2010,6,
2010-06-09,6.0,6.0,1,2010,6,
2010-06-11,6.0,6.0,9,2010,6,
2010-06-12,6.428571428571429,6.0,7,2010,6,
2010-06-13,6.5,6.0,8,2010,6,
2010-06-14,6.25,4.0,4,2010,6,
2010-06-15,6.333333333333333,6.0,6,2010,6,
2010-06-16,6.111111111111111,6.0,9,2010,6,
2010-06-17,6.2727272727272725,5.0,11,2010,6,
2010-06-18,6.5,6.0,2,2010,6,
2010-06-19,6.333333333333333,6.0,3,2010,6,
2010-06-24,6.8,6.0,5,2010,6,
2010-07-04,6.5,6.0,4,2010,7,
2010-07-05,7.2,7.0,10,2010,7,
2010-07-06,6.25,4.0,4,2010,7,
2010-07-07,7.0,7.0,3,2010,7,
2010-07-08,6.666666666666667,6.0,3,2010,7,
2010-07-09,7.0,7.0,2,2010,7,
2010-07-10,7.0,7.0,1,2010,7,
2010-07-12,7.142857142857143,6.0,7,2010,7,
2010-07-13,6.0,6.0,1,2010,7,
2010-07-14,6.444444444444445,6.0,9,2010,7,
2010-07-15,5.7,3.0,10,2010,7,
2010-07-16,6.769230769230769,6.0,13,2010,7,
2010-07-17,6.7,5.0,10,2010,7,
2010-07-18,6.555555555555555,6.0,9,2010,7,
2010-07-19,6.142857142857143,6.0,7,2010,7,
2010-07-20,7.0,7.0,2,2010,7,
2010-07-21,6.25,4.0,4,2010,7,
2010-07-23,5.0,5.0,1,2010,7,
2010-07-24,6.5,6.0,6,2010,7,
2010-07-25,6.75,6.0,4,2010,7,
2010-07-26,6.5,6.0,10,2010,7,
2010-07-27,6.8,6.0,5,2010,7,
2010-07-28,6.454545454545454,6.0,11,2010,7,
2010-07-29,6.5,6.0,4,2010,7,
2010-07-30,6.2,6.0,5,2010,7,
2010-07-31,6.285714285714286,6.0,7,2010,7,
2010-08-01,6.222222222222222,5.0,9,2010,8,
2010-08-02,6.222222222222222,6.0,9,2010,8,
2010-08-03,6.538461538461538,6.0,13,2010,8,
2010-08-04,7.0,7.0,1,2010,8,
2010-08-05,7.0,7.0,4,2010,8,
2010-08-06,7.0,7.0,3,2010,8,
2010-08-07,6.5,6.0,2,2010,8,
2010-08-08,7.0,7.0,1,2010,8,
2010-08-11,6.333333333333333,3.0,6,2010,8,
2010-08-13,6.5,6.0,2,2010,8,
2010-08-14,7.0,7.0,2,2010,8,
2010-08-15,7.0,7.0,3,2010,8,
2010-08-16,6.428571428571429,6.0,7,2010,8,
2010-08-17,6.166666666666667,6.0,6,2010,8,
2010-08-18,6.875,6.0,8,2010,8,
2010-08-19,6.642,6.0,5,2010,8,
2010-08-20,6.214285714285714,2.0,14,2010,8,
2010-08-21,6.857142857142857,6.0,7,2010,8,
2010-08-22,6.2,6.0,5,2010,8,
2010-08-23,6.5,6.0,8,2010,8,
2010-08-24,6.125,6.0,8,2010,8,
2010-08-25,5.769230769230769,3.0,13,2010,8,
2010-08-26,6.5,6.0,10,2010,8,
2010-08-27,6.7,6.0,10,2010,8,
2010-08-28,6.333333333333333,5.0,6,2010,8,
2010-08-29,6.601428571428571,6.0,7,2010,8,
2010-08-30,6.041666666666667,1.25,6,2010,8,
2010-08-31,6.5,5.0,6,2010,8,
2010-09-01,7.0,7.0,1,2010,9,
2010-09-02,5.142857142857143,4.0,7,2010,9,
2010-09-03,6.0,4.0,8,2010,9,
2010-09-04,6.0,6.0,2,2010,9,
2010-09-05,9.142857142857142,3.0,7,2010,9,
2010-09-06,6.75,6.0,4,2010,9,
2010-09-08,7.0,7.0,1,2010,9,
2010-09-11,6.142857142857143,6.0,7,2010,9,
2010-09-12,6.5,6.0,4,2010,9,
2010-09-13,7.0,7.0,1,2010,9,
2010-09-14,6.5,6.0,2,2010,9,
2010-09-15,6.166666666666667,4.0,6,2010,9,
2010-09-16,7.0,7.0,1,2010,9,
2010-09-20,7.0,7.0,6,2010,9,
2010-09-21,6.8,6.0,5,2010,9,
2010-09-22,6.6,6.0,5,2010,9,
2010-09-24,6.0,6.0,2,2010,9,
2010-09-25,7.0,7.0,1,2010,9,
2010-09-26,6.5,6.0,4,2010,9,
2010-09-27,6.333333333333333,6.0,3,2010,9,
2010-09-30,6.2,5.0,5,2010,9,
2010-10-01,6.666666666666667,6.0,6,2010,10,
2010-10-02,7.0,7.0,3,2010,10,
2010-10-03,6.0,6.0,1,2010,10,
2010-10-04,6.142857142857143,6.0,7,2010,10,
2010-10-05,5.666666666666667,5.0,3,2010,10,
2010-10-06,7.0,7.0,5,2010,10,
2010-10-07,6.333333333333333,6.0,9,2010,10,
2010-10-08,6.0,6.0,11,2010,10,
2010-10-11,6.0,6.0,2,2010,10,
2010-10-12,6.777777777777778,6.0,9,2010,10,
2010-10-13,5.833333333333333,3.0,6,2010,10,
2010-10-14,6.0,6.0,6,2010,10,
2010-10-15,6.4,6.0,5,2010,10,
2010-10-16,6.25,6.0,4,2010,10,
2010-10-17,6.0,6.0,7,2010,10,
2010-10-18,6.571428571428571,6.0,7,2010,10,
2010-10-19,6.1,6.0,10,2010,10,
2010-10-20,6.5,6.0,8,2010,10,
2010-10-21,6.3,4.0,10,2010,10,
2010-10-22,6.25,6.0,16,2010,10,
2010-10-23,6.333333333333333,6.0,9,2010,10,
2010-10-24,6.25,6.0,8,2010,10,
2010-10-25,5.7272727272727275,4.0,11,2010,10,
2010-10-26,5.964285714285714,2.5,14,2010,10,
2010-10-27,5.777777777777778,4.0,9,2010,10,
2010-10-28,6.0,6.0,4,2010,10,
2010-10-29,5.444444444444445,4.0,9,2010,10,
2010-10-30,0.6283333333333333,0.38,6,2010,10,
2010-10-31,1.2777777777777777,1.0,9,2010,10,
2010-11-01,4.0,2.5,13,2010,11,2010.0
2010-11-02,4.208333333333333,1.25,6,2010,11,2010.0
2010-11-03,5.346153846153846,2.5,13,2010,11,2010.0
2010-11-04,8.555555555555555,5.0,9,2010,11,2010.0
2010-11-05,4.933333333333334,1.5,15,2010,11,2010.0
2010-11-06,4.716666666666667,1.25,15,2010,11,2010.0
2010-11-07,2.25,2.0,4,2010,11,2010.0
2010-11-08,4.632,3.0,10,2010,11,2010.0
2010-11-09,5.2727272727272725,4.0,11,2010,11,2010.0
2010-11-10,5.0,4.0,6,2010,11,2010.0
2010-11-11,5.866666666666666,5.0,15,2010,11,2010.0
2010-11-12,4.888888888888889,4.0,9,2010,11,2010.0
2010-11-13,4.392857142857143,1.25,7,2010,11,2010.0
2010-11-14,5.25,5.0,4,2010,11,2010.0
2010-11-15,5.6923076923076925,4.0,13,2010,11,2010.0
2010-11-16,6.0,6.0,15,2010,11,2010.0
2010-11-17,4.944444444444445,1.5,9,2010,11,2010.0
2010-11-18,5.916666666666667,5.0,12,2010,11,2010.0
2010-11-19,5.5625,2.5,8,2010,11,2010.0
2010-11-20,5.888888888888889,5.0,9,2010,11,2010.0
2010-11-21,6.0,6.0,11,2010,11,2010.0
2010-11-22,3.8846153846153846,2.0,13,2010,11,2010.0
2010-11-23,4.5,4.0,6,2010,11,2010.0
2010-11-24,5.642857142857143,4.0,14,2010,11,2010.0
2010-11-25,5.6,4.0,10,2010,11,2010.0
2010-11-26,6.111111111111111,6.0,9,2010,11,2010.0
2010-11-27,5.25,5.0,4,2010,11,2010.0
2010-11-28,6.0,6.0,7,2010,11,2010.0
2010-11-29,5.642857142857143,5.0,14,2010,11,2010.0
2010-11-30,6.1,6.0,10,2010,11,2010.0
2010-12-01,3.2857142857142856,0.62,7,2010,12,2010.0
2010-12-02,5.08125,4.0,8,2010,12,2010.0
2010-12-03,5.404285714285714,4.0,14,2010,12,2010.0
2010-12-04,6.21,6.21,8,2010,12,2010.0
2010-12-05,6.154375,6.0,16,2010,12,2010.0
2010-12-06,5.2625,2.49,12,2010,12,2010.0
2010-12-07,3.8277777777777775,1.24,9,2010,12,2010.0
2010-12-08,3.1366666666666667,1.86,9,2010,12,2010.0
2010-12-09,3.761764705882353,3.11,17,2010,12,2010.0
2010-12-10,3.0300000000000002,1.86,15,2010,12,2010.0
2010-12-11,4.149090909090909,3.11,11,2010,12,2010.0
2010-12-12,5.638888888888889,3.73,18,2010,12,2010.0
2010-12-13,5.987857142857143,4.97,14,2010,12,2010.0
2010-12-14,6.21,6.21,1,2010,12,2010.0
2010-12-16,6.21,6.21,6,2010,12,2010.0
2010-12-17,6.18,6.0,7,2010,12,2010.0
2010-12-18,6.189,6.0,10,2010,12,2010.0
2010-12-19,1.47,0.37,6,2010,12,2010.0
2010-12-20,1.781666666666667,1.24,6,2010,12,2010.0
2010-12-21,4.226,3.11,5,2010,12,2010.0
2010-12-22,4.262499999999999,4.0,4,2010,12,2010.0
2010-12-23,4.66,4.35,2,2010,12,2010.0
2010-12-24,6.21,6.21,9,2010,12,2010.0
2010-12-25,5.501428571428571,4.97,7,2010,12,2010.0
2010-12-26,5.745,4.97,8,2010,12,2010.0
2010-12-27,6.0,6.0,1,2010,12,2010.0
2010-12-28,6.21,6.21,9,2010,12,2010.0
2010-12-29,2.8,2.49,2,2010,12,2010.0
2010-12-30,1.86,1.86,4,2010,12,2010.0
2010-12-31,1.625714285714286,0.31,7,2010,12,2010.0
2011-01-01,2.0,2.0,2,2011,1,2010.0
2011-01-02,4.833333333333333,4.0,6,2011,1,2010.0
2011-01-03,6.0,6.0,6,2011,1,2010.0
2011-01-04,6.0,6.0,9,2011,1,2010.0
2011-01-05,6.0,6.0,3,2011,1,2010.0
2011-01-07,2.125,1.25,4,2011,1,2010.0
2011-01-08,1.3627272727272728,0.12,11,2011,1,2010.0
2011-01-09,1.2083333333333333,1.0,6,2011,1,2010.0
2011-01-10,0.6816666666666666,0.31,6,2011,1,2010.0
2011-01-11,2.5,2.5,1,2011,1,2010.0
2011-01-12,4.888888888888889,3.0,9,2011,1,2010.0
2011-01-13,6.0,6.0,6,2011,1,2010.0
2011-01-14,5.375,4.0,8,2011,1,2010.0
2011-01-15,4.0,3.0,10,2011,1,2010.0
2011-01-16,1.5,0.25,9,2011,1,2010.0
2011-01-17,1.5416666666666667,1.0,6,2011,1,2010.0
2011-01-18,4.0,4.0,3,2011,1,2010.0
2011-01-20,1.4966666666666668,0.75,3,2011,1,2010.0
2011-01-21,5.9,4.97,4,2011,1,2010.0
2011-01-24,6.140000000000001,6.0,3,2011,1,2010.0
2011-01-25,6.105,6.0,2,2011,1,2010.0
2011-01-26,6.168,6.0,5,2011,1,2010.0
2011-01-28,4.3585714285714285,3.11,7,2011,1,2010.0
2011-01-29,6.21,6.21,4,2011,1,2010.0
2011-01-30,6.21,6.21,3,2011,1,2010.0
2011-01-31,6.21,6.21,4,2011,1,2010.0
2011-02-01,6.0,6.0,1,2011,2,2010.0
2011-02-03,4.9,2.5,5,2011,2,2010.0
2011-02-05,5.5,5.0,2,2011,2,2010.0
2011-02-07,3.0,3.0,1,2011,2,2010.0
2011-02-08,4.333333333333333,4.0,3,2011,2,2010.0
2011-02-09,4.333333333333333,4.0,3,2011,2,2010.0
2011-02-12,2.3375,1.0,20,2011,2,2010.0
2011-02-13,3.875,3.0,8,2011,2,2010.0
2011-02-14,4.333333333333333,3.0,3,2011,2,2010.0
2011-02-15,6.0,6.0,1,2011,2,2010.0
2011-02-21,1.0833333333333333,1.0,3,2011,2,2010.0
2011-02-22,2.0,2.0,1,2011,2,2010.0
2011-02-25,4.0,4.0,1,2011,2,2010.0
2011-03-01,2.5,2.5,1,2011,3,2010.0
2011-03-07,5.0,4.0,3,2011,3,2010.0
2011-03-08,5.0,3.0,3,2011,3,2010.0
2011-03-10,6.0,6.0,1,2011,3,2010.0
2011-03-11,5.8,5.0,5,2011,3,2010.0
2011-03-13,6.0,6.0,3,2011,3,2010.0
2011-03-14,6.0,6.0,1,2011,3,2010.0
2011-03-21,5.0,3.0,3,2011,3,2010.0
2011-03-22,5.333333333333333,4.0,6,2011,3,2010.0
2011-03-24,4.071428571428571,2.5,7,2011,3,2010.0
2011-03-27,5.0,5.0,1,2011,3,2010.0
2011-03-28,4.666666666666667,4.0,3,2011,3,2010.0
2011-03-29,4.285714285714286,4.0,7,2011,3,2010.0
2011-03-30,3.3214285714285716,1.25,7,2011,3,2010.0
2011-03-31,3.6666666666666665,3.0,3,2011,3,2010.0
2011-04-04,7.0,7.0,2,2011,4,
2011-04-07,4.0,4.0,1,2011,4,
2011-04-08,5.5,4.0,4,2011,4,
2011-04-15,5.285714285714286,4.0,14,2011,4,
2011-04-16,5.705882352941177,4.0,17,2011,4,
2011-04-17,5.894736842105263,5.0,19,2011,4,
2011-04-18,5.888888888888889,5.0,9,2011,4,
2011-04-19,5.642857142857143,5.0,14,2011,4,
2011-04-20,5.625,3.0,16,2011,4,
2011-04-21,5.176470588235294,3.0,17,2011,4,
2011-04-22,5.583333333333333,3.0,12,2011,4,
2011-04-23,6.172857142857143,6.0,14,2011,4,
2011-04-24,5.833333333333333,2.5,21,2011,4,
2011-04-25,5.5,4.0,14,2011,4,
2011-04-26,6.0,6.0,22,2011,4,
2011-04-27,6.136363636363637,6.0,22,2011,4,
2011-04-28,6.105263157894737,6.0,19,2011,4,
2011-04-29,6.176470588235294,6.0,17,2011,4,
2011-04-30,6.0,6.0,4,2011,4,
2011-05-03,6.428571428571429,6.0,7,2011,5,
2011-05-04,6.529411764705882,6.0,17,2011,5,
2011-05-06,6.111111111111111,6.0,9,2011,5,
2011-05-07,9.714285714285714,6.0,7,2011,5,
2011-05-08,5.583333333333333,1.25,9,2011,5,
2011-05-09,6.666666666666667,6.0,6,2011,5,
2011-05-10,6.0,6.0,10,2011,5,
2011-05-11,6.714285714285714,6.0,7,2011,5,
2011-05-12,6.083333333333333,5.0,12,2011,5,
2011-05-13,6.0,5.0,16,2011,5,
2011-05-14,2.9375,2.5,8,2011,5,
2011-05-15,2.4583333333333335,1.0,12,2011,5,
2011-05-16,5.857142857142857,5.0,7,2011,5,
2011-05-20,6.363636363636363,6.0,11,2011,5,
2011-05-21,6.360714285714286,6.0,14,2011,5,
2011-05-22,6.178333333333333,4.0,18,2011,5,
2011-05-23,6.352941176470588,6.0,17,2011,5,
2011-05-24,6.2,4.0,20,2011,5,
2011-05-25,6.333333333333333,5.0,18,2011,5,
2011-05-26,6.105263157894737,4.0,19,2011,5,
2011-05-27,6.5,2.0,14,2011,5,
2011-05-28,5.359375,1.25,16,2011,5,
2011-05-30,6.0,6.0,10,2011,5,
2011-05-31,6.5,6.0,6,2011,5,
2011-06-01,6.125,5.0,16,2011,6,
2011-06-02,5.75,4.0,16,2011,6,
2011-06-03,5.7368421052631575,4.0,19,2011,6,
2011-06-04,6.267499999999999,6.0,12,2011,6,
2011-06-05,6.067222222222222,6.0,18,2011,6,
2011-06-06,6.3315,6.0,20,2011,6,
2011-06-07,5.625,4.0,16,2011,6,
2011-06-08,6.0,4.0,10,2011,6,
2011-06-09,6.0,6.0,1,2011,6,
2011-06-10,6.428571428571429,6.0,7,2011,6,
2011-06-11,6.25,6.0,12,2011,6,
2011-06-12,6.421052631578948,6.0,19,2011,6,
2011-06-13,6.0476190476190474,4.0,21,2011,6,
2011-06-14,6.045454545454546,5.0,22,2011,6,
2011-06-15,6.142857142857143,6.0,14,2011,6,
2011-06-16,6.5,5.0,8,2011,6,
2011-06-17,6.291666666666667,2.5,12,2011,6,
2011-06-18,6.0,6.0,4,2011,6,
2011-06-19,6.6,6.0,5,2011,6,
2011-06-20,6.2,6.0,10,2011,6,
2011-06-21,6.166666666666667,6.0,6,2011,6,
2011-06-22,5.428571428571429,2.0,7,2011,6,
2011-06-23,6.523809523809524,6.0,21,2011,6,
2011-06-24,6.0,4.0,20,2011,6,
2011-06-25,5.888888888888889,4.0,18,2011,6,
2011-06-26,6.055555555555555,6.0,18,2011,6,
2011-06-27,6.285714285714286,5.0,14,2011,6,
2011-06-28,6.206896551724138,5.0,29,2011,6,
2011-06-29,6.384615384615385,5.0,26,2011,6,
2011-06-30,6.380952380952381,5.0,21,2011,6,
2011-07-01,6.380952380952381,6.0,21,2011,7,
2011-07-02,6.095238095238095,5.0,21,2011,7,
2011-07-03,6.280666666666666,6.0,30,2011,7,
2011-07-04,6.3,5.0,20,2011,7,
2011-07-05,5.0,3.0,10,2011,7,
2011-07-06,6.0,4.0,18,2011,7,
2011-07-07,5.888888888888889,4.0,9,2011,7,
2011-07-09,5.333333333333333,5.0,3,2011,7,
2011-07-11,6.75,6.0,8,2011,7,
2011-07-12,4.625,4.0,16,2011,7,
2011-07-13,5.75,4.0,16,2011,7,
2011-07-14,5.8,4.0,20,2011,7,
2011-07-15,6.666666666666667,6.0,6,2011,7,
2011-07-18,6.0,6.0,1,2011,7,
2011-07-21,6.0,6.0,5,2011,7,
2011-07-23,6.875,6.0,8,2011,7,
2011-07-24,6.4,5.0,5,2011,7,
2011-07-25,5.95,2.5,10,2011,7,
2011-07-26,6.571428571428571,6.0,7,2011,7,
2011-07-27,6.166666666666667,6.0,12,2011,7,
2011-07-28,6.5,5.0,4,2011,7,
2011-07-29,6.125,5.0,8,2011,7,
2011-07-30,5.833333333333333,4.0,6,2011,7,
2011-07-31,5.846153846153846,3.0,13,2011,7,
2011-08-01,7.0,7.0,2,2011,8,
2011-08-02,6.333333333333333,6.0,3,2011,8,
2011-08-03,6.0,6.0,1,2011,8,
2011-08-04,6.571428571428571,6.0,7,2011,8,
2011-08-05,6.15,2.5,10,2011,8,
2011-08-06,6.5,6.0,10,2011,8,
2011-08-07,7.0,7.0,4,2011,8,
2011-08-08,6.454545454545454,6.0,11,2011,8,
2011-08-09,5.888888888888889,3.0,9,2011,8,
2011-08-10,6.615384615384615,6.0,13,2011,8,
2011-08-11,6.111111111111111,6.0,9,2011,8,
2011-08-12,6.2,6.0,5,2011,8,
2011-08-13,6.25,6.0,4,2011,8,
2011-08-21,5.7,5.0,10,2011,8,
2011-08-22,6.6,5.0,5,2011,8,
2011-08-23,6.21,6.21,1,2011,8,
2011-08-24,,,0,2011,8,
2011-08-25,,,0,2011,8,
2011-08-26,6.21,6.21,7,2011,8,
2011-08-27,5.383333333333333,4.97,3,2011,8,
2011-08-28,6.21,6.21,4,2011,8,
2011-08-29,6.21,6.21,6,2011,8,
2011-08-30,6.21,6.21,3,2011,8,
2011-08-31,6.21,6.21,5,2011,8,
2011-09-01,6.21,6.21,4,2011,9,
2011-09-02,6.21,6.21,5,2011,9,
2011-09-03,5.9715384615384615,3.11,13,2011,9,
2011-09-04,6.21,6.21,8,2011,9,
2011-09-05,6.21,6.21,4,2011,9,
2011-09-06,5.59,4.35,3,2011,9,
2011-09-07,6.21,6.21,4,2011,9,
2011-09-08,6.21,6.21,8,2011,9,
2011-09-09,5.855714285714286,4.97,7,2011,9,
2011-09-10,6.21,6.21,13,2011,9,
2011-09-11,6.21,6.21,9,2011,9,
2011-09-12,6.21,6.21,8,2011,9,
2011-09-13,5.871818181818182,4.35,11,2011,9,
2011-09-14,6.21,6.21,10,2011,9,
2011-09-15,6.21,6.21,11,2011,9,
2011-09-16,5.176666666666667,3.11,3,2011,9,
2011-09-17,6.21,6.21,3,2011,9,
2011-09-18,6.086,4.97,10,2011,9,
2011-09-19,5.934444444444444,4.97,9,2011,9,
2011-09-20,6.21,6.21,7,2011,9,
2011-09-21,4.97,4.97,1,2011,9,
2011-09-22,6.21,6.21,2,2011,9,
2011-09-23,5.93875,4.35,16,2011,9,
2011-09-24,6.21,6.21,5,2011,9,
2011-09-25,,,0,2011,9,
2011-09-26,6.21,6.21,3,2011,9,
2011-09-27,5.767142857142857,3.11,7,2011,9,
2011-09-28,6.21,6.21,14,2011,9,
2011-09-29,5.6675,3.11,8,2011,9,
2011-09-30,5.733076923076923,4.97,13,2011,9,
2011-10-01,5.59,4.35,13,2011,10,
2011-10-02,6.21,6.21,11,2011,10,
2011-10-03,6.21,6.21,13,2011,10,
2011-10-04,6.21,6.21,14,2011,10,
2011-10-05,6.2664285714285715,6.21,14,2011,10,
2011-10-06,5.796666666666667,4.97,3,2011,10,
2011-10-07,6.21,6.21,14,2011,10,
2011-10-08,6.21,6.21,18,2011,10,
2011-10-09,5.984545454545454,4.97,11,2011,10,
2011-10-10,6.21,6.21,8,2011,10,
2011-10-11,4.5407692307692304,3.73,13,2011,10,
2011-10-12,6.1066666666666665,4.97,12,2011,10,
2011-10-13,2.862222222222222,1.24,9,2011,10,
2011-10-14,1.47375,0.62,8,2011,10,
2011-10-15,3.168,1.24,10,2011,10,
2011-10-16,4.873846153846154,1.86,13,2011,10,
2011-10-17,2.796666666666667,1.55,3,2011,10,
2011-10-18,,,0,2011,10,
2011-10-19,,,0,2011,10,
2011-10-20,,,0,2011,10,
2011-10-21,2.745,2.49,2,2011,10,
2011-10-22,2.6399999999999997,2.17,2,2011,10,
2011-10-23,,,0,2011,10,
2011-10-24,3.0066666666666664,2.49,6,2011,10,
2011-10-25,2.7326315789473683,0.87,19,2011,10,
2011-10-26,5.776,3.73,10,2011,10,
2011-10-27,4.257142857142857,1.24,7,2011,10,
2011-10-28,5.082727272727272,2.49,11,2011,10,
2011-10-29,5.218,4.97,5,2011,10,
2011-10-30,6.21,6.21,14,2011,10,
2011-10-31,6.055,4.97,8,2011,10,
2011-11-01,6.21,6.21,12,2011,11,2011.0
2011-11-02,5.243333333333333,1.86,9,2011,11,2011.0
2011-11-03,5.59,4.35,8,2011,11,2011.0
2011-11-04,5.796666666666667,4.97,3,2011,11,2011.0
2011-11-05,,,0,2011,11,2011.0
2011-11-06,,,0,2011,11,2011.0
2011-11-07,,,0,2011,11,2011.0
2011-11-08,,,0,2011,11,2011.0
2011-11-09,,,0,2011,11,2011.0
2011-11-10,,,0,2011,11,2011.0
2011-11-11,6.21,6.21,1,2011,11,2011.0
2011-11-12,,,0,2011,11,2011.0
2011-11-13,,,0,2011,11,2011.0
2011-11-14,,,0,2011,11,2011.0
2011-11-15,,,0,2011,11,2011.0
2011-11-16,,,0,2011,11,2011.0
2011-11-17,,,0,2011,11,2011.0
2011-11-18,4.97,4.97,1,2011,11,2011.0
2011-11-19,6.21,6.21,1,2011,11,2011.0
2011-11-20,,,0,2011,11,2011.0
2011-11-21,4.35,4.35,1,2011,11,2011.0
2011-11-22,5.59,4.35,6,2011,11,2011.0
2011-11-23,6.21,6.21,1,2011,11,2011.0
2011-11-24,6.21,6.21,1,2011,11,2011.0
2011-11-25,,,0,2011,11,2011.0
2011-11-26,,,0,2011,11,2011.0
2011-11-27,4.66,2.49,4,2011,11,2011.0
2011-11-28,4.97,3.73,3,2011,11,2011.0
2011-11-29,,,0,2011,11,2011.0
2011-11-30,5.59,4.97,2,2011,11,2011.0
2011-12-01,6.21,6.21,2,2011,12,2011.0
2011-12-02,6.21,6.21,1,2011,12,2011.0
2011-12-03,,,0,2011,12,2011.0
2011-12-04,,,0,2011,12,2011.0
2011-12-05,,,0,2011,12,2011.0
2011-12-06,,,0,2011,12,2011.0
2011-12-07,,,0,2011,12,2011.0
2011-12-08,3.105,1.86,2,2011,12,2011.0
2011-12-09,0.81,0.81,1,2011,12,2011.0
2011-12-10,,,0,2011,12,2011.0
2011-12-11,0.93,0.93,1,2011,12,2011.0
2011-12-12,0.6839999999999999,0.25,5,2011,12,2011.0
2011-12-13,1.1744444444444444,0.75,9,2011,12,2011.0
2011-12-14,3.73,3.73,4,2011,12,2011.0
2011-12-15,4.35,2.49,14,2011,12,2011.0
2011-12-16,1.6900000000000002,0.5,12,2011,12,2011.0
2011-12-17,1.0772727272727272,0.62,11,2011,12,2011.0
2011-12-18,3.771333333333333,2.49,15,2011,12,2011.0
2011-12-19,4.8623529411764705,3.73,17,2011,12,2011.0
2011-12-20,5.845294117647059,3.73,17,2011,12,2011.0
2011-12-21,6.141111111111111,4.97,18,2011,12,2011.0
2011-12-22,6.21,6.21,12,2011,12,2011.0
2011-12-23,6.21,6.21,12,2011,12,2011.0
2011-12-24,6.21,6.21,15,2011,12,2011.0
2011-12-25,4.54764705882353,1.55,17,2011,12,2011.0
2011-12-26,0.9476470588235294,0.31,17,2011,12,2011.0
2011-12-27,0.9278947368421052,0.5,19,2011,12,2011.0
2011-12-28,2.643,1.86,20,2011,12,2011.0
2011-12-29,5.28,4.97,12,2011,12,2011.0
2011-12-30,5.181538461538461,4.0,13,2011,12,2011.0
2011-12-31,5.202,2.17,20,2011,12,2011.0
2012-01-01,1.8171428571428572,1.24,7,2012,1,2011.0
2012-01-02,1.561764705882353,0.43,17,2012,1,2011.0
2012-01-03,3.085,0.93,14,2012,1,2011.0
2012-01-04,2.879090909090909,0.93,11,2012,1,2011.0
2012-01-05,5.634285714285714,3.73,14,2012,1,2011.0
2012-01-06,4.091666666666666,2.8,12,2012,1,2011.0
2012-01-07,5.962,4.97,10,2012,1,2011.0
2012-01-08,6.21,6.21,12,2012,1,2011.0
2012-01-09,,,0,2012,1,2011.0
2012-01-10,,,0,2012,1,2011.0
2012-01-11,5.176666666666667,4.97,6,2012,1,2011.0
2012-01-12,,,0,2012,1,2011.0
2012-01-13,0.8266666666666667,0.62,9,2012,1,2011.0
2012-01-14,0.5157142857142857,0.37,7,2012,1,2011.0
2012-01-15,0.7866666666666666,0.62,6,2012,1,2011.0
2012-01-16,6.21,6.21,7,2012,1,2011.0
2012-01-17,6.121428571428572,4.97,14,2012,1,2011.0
2012-01-18,6.21,6.21,14,2012,1,2011.0
2012-01-19,2.715,1.24,4,2012,1,2011.0
2012-01-20,5.855714285714286,4.97,7,2012,1,2011.0
2012-01-21,4.916666666666667,1.55,6,2012,1,2011.0
2012-01-22,2.8414285714285716,1.24,14,2012,1,2011.0
2012-01-23,2.8186666666666667,1.55,15,2012,1,2011.0
2012-01-24,5.147142857142858,2.49,7,2012,1,2011.0
2012-01-25,5.837999999999999,4.35,10,2012,1,2011.0
2012-01-26,4.753,2.49,10,2012,1,2011.0
2012-01-27,4.459411764705883,2.49,17,2012,1,2011.0
2012-01-28,3.8519999999999994,1.86,10,2012,1,2011.0
2012-01-29,4.7509999999999994,1.24,10,2012,1,2011.0
2012-01-30,4.69625,1.55,8,2012,1,2011.0
2012-01-31,6.003333333333333,4.97,6,2012,1,2011.0
2012-02-01,3.1100000000000003,2.49,5,2012,2,2011.0
2012-02-02,4.397692307692308,3.11,13,2012,2,2011.0
2012-02-03,2.702,0.75,15,2012,2,2011.0
2012-02-04,4.3500000000000005,2.49,11,2012,2,2011.0
2012-02-05,6.097272727272727,4.97,11,2012,2,2011.0
2012-02-06,5.538333333333333,3.73,12,2012,2,2011.0
2012-02-07,1.7984615384615386,0.62,13,2012,2,2011.0
2012-02-08,1.5155555555555555,1.24,9,2012,2,2011.0
2012-02-09,3.7735714285714286,1.86,14,2012,2,2011.0
2012-02-10,4.7219999999999995,3.11,10,2012,2,2011.0
2012-02-11,2.5166666666666666,1.12,15,2012,2,2011.0
2012-02-12,2.4185714285714286,0.93,14,2012,2,2011.0
2012-02-13,2.0835714285714286,1.24,14,2012,2,2011.0
2012-02-14,4.0,2.17,16,2012,2,2011.0
2012-02-15,4.865833333333334,1.86,12,2012,2,2011.0
2012-02-16,4.659999999999999,3.73,12,2012,2,2011.0
2012-02-17,3.9957142857142856,3.11,14,2012,2,2011.0
2012-02-18,3.316,2.17,15,2012,2,2011.0
2012-02-19,0.73,0.62,4,2012,2,2011.0
2012-02-20,2.7411764705882353,1.24,17,2012,2,2011.0
2012-02-21,4.115,1.24,8,2012,2,2011.0
2012-02-22,6.1370588235294115,4.97,17,2012,2,2011.0
2012-02-23,5.538333333333333,4.35,12,2012,2,2011.0
2012-02-24,5.067894736842105,4.35,19,2012,2,2011.0
2012-02-25,3.276521739130435,1.12,23,2012,2,2011.0
2012-02-26,1.7899999999999998,0.37,10,2012,2,2011.0
2012-02-27,0.9033333333333334,0.37,18,2012,2,2011.0
2012-02-28,3.8841666666666668,1.86,12,2012,2,2011.0
2012-02-29,4.1433333333333335,3.73,6,2012,2,2011.0
2012-03-01,5.693333333333333,3.73,18,2012,3,2011.0
2012-03-02,5.733076923076923,4.35,13,2012,3,2011.0
2012-03-03,5.444117647058824,3.11,17,2012,3,2011.0
2012-03-04,0.4685714285714286,0.37,7,2012,3,2011.0
2012-03-05,1.705,1.24,8,2012,3,2011.0
2012-03-06,5.114705882352942,1.24,17,2012,3,2011.0
2012-03-07,6.21,6.21,7,2012,3,2011.0
2012-03-08,6.21,6.21,6,2012,3,2011.0
2012-03-09,4.782,2.17,10,2012,3,2011.0
2012-03-10,4.486666666666666,1.86,9,2012,3,2011.0
2012-03-11,6.21,6.21,2,2012,3,2011.0
2012-03-12,5.383333333333333,4.97,3,2012,3,2011.0
2012-03-13,5.176666666666666,4.35,15,2012,3,2011.0
2012-03-14,6.21,6.21,6,2012,3,2011.0
2012-03-15,3.7271428571428573,0.62,7,2012,3,2011.0
2012-03-16,1.6700000000000002,0.75,9,2012,3,2011.0
2012-03-17,0.9325,0.5,4,2012,3,2011.0
2012-03-18,0.33375,0.19,8,2012,3,2011.0
2012-03-19,1.2750000000000001,0.25,6,2012,3,2011.0
2012-03-21,0.7085714285714285,0.37,7,2012,3,2011.0
2012-03-22,1.4815384615384617,0.37,13,2012,3,2011.0
2012-03-23,1.1185714285714285,0.5,7,2012,3,2011.0
2012-03-24,0.9311111111111112,0.62,9,2012,3,2011.0
2012-03-25,4.97,3.11,10,2012,3,2011.0
2012-03-27,2.875,1.86,8,2012,3,2011.0
2012-03-28,3.73,3.73,1,2012,3,2011.0
2012-03-29,5.364545454545454,3.73,11,2012,3,2011.0
2012-03-30,5.279999999999999,4.97,8,2012,3,2011.0
2012-03-31,5.404,2.49,10,2012,3,2011.0
2012-04-01,5.501428571428571,3.11,7,2012,4,
2012-04-02,5.038888888888889,3.11,9,2012,4,
2012-04-03,6.21,6.21,12,2012,4,
2012-04-04,6.21,6.21,10,2012,4,
2012-04-05,6.21,6.21,7,2012,4,
2012-04-06,4.881428571428572,3.11,7,2012,4,
2012-04-08,5.796666666666667,4.97,3,2012,4,
2012-04-12,5.59,4.97,2,2012,4,
2012-04-13,6.21,6.21,4,2012,4,
2012-04-15,6.21,6.21,2,2012,4,
2012-04-25,6.21,6.21,7,2012,4,
2012-05-11,6.21,6.21,1,2012,5,
2012-05-14,6.21,6.21,5,2012,5,
2012-05-25,6.21,6.21,2,2012,5,
2012-06-20,6.21,6.21,6,2012,6,
2012-06-21,6.21,6.21,1,2012,6,
2012-06-22,6.21,6.21,6,2012,6,
2012-06-23,6.21,6.21,3,2012,6,
2012-06-26,6.21,6.21,1,2012,6,
2012-06-27,6.21,6.21,6,2012,6,
2012-06-29,6.21,6.21,1,2012,6,
2012-06-30,6.21,6.21,1,2012,6,
2012-07-01,6.21,6.21,1,2012,7,
2012-07-04,4.97,4.97,1,2012,7,
2012-07-05,6.21,6.21,2,2012,7,
2012-07-09,6.21,6.21,3,2012,7,
2012-07-10,6.21,6.21,4,2012,7,
2012-07-11,6.21,6.21,1,2012,7,
2012-07-16,6.21,6.21,1,2012,7,
2012-07-19,6.21,6.21,2,2012,7,
2012-07-20,6.21,6.21,1,2012,7,
2012-07-26,6.21,6.21,3,2012,7,
2012-07-27,6.21,6.21,3,2012,7,
2012-07-28,6.21,6.21,4,2012,7,
2012-07-29,6.21,6.21,4,2012,7,
2012-07-30,6.21,6.21,1,2012,7,
2012-07-31,6.21,6.21,4,2012,7,
2012-08-01,6.21,6.21,5,2012,8,
2012-08-02,6.21,6.21,1,2012,8,
2012-08-06,6.21,6.21,1,2012,8,
2012-08-09,6.21,6.21,3,2012,8,
2012-08-10,6.21,6.21,1,2012,8,
2012-08-11,6.003333333333333,4.97,6,2012,8,
2012-08-12,6.21,6.21,3,2012,8,
2012-08-13,6.21,6.21,4,2012,8,
2012-08-15,6.21,6.21,8,2012,8,
2012-08-16,6.21,6.21,7,2012,8,
2012-08-20,5.279999999999999,4.35,2,2012,8,
2012-08-22,6.21,6.21,1,2012,8,
2012-08-23,6.21,6.21,3,2012,8,
2012-08-24,6.21,6.21,1,2012,8,
2012-08-25,6.21,6.21,2,2012,8,
2012-08-26,5.796666666666667,4.97,3,2012,8,
2012-08-28,6.21,6.21,4,2012,8,
2012-08-31,6.21,6.21,4,2012,8,
2012-09-02,6.21,6.21,3,2012,9,
2012-09-03,4.97,4.97,2,2012,9,
2012-09-05,6.21,6.21,2,2012,9,
2012-09-09,6.21,6.21,3,2012,9,
2012-09-10,5.59,3.73,4,2012,9,
2012-09-11,6.21,6.21,1,2012,9,
2012-09-12,6.21,6.21,1,2012,9,
2012-09-14,6.21,6.21,1,2012,9,
2012-09-19,4.97,4.97,4,2012,9,
2012-09-25,6.21,6.21,1,2012,9,
2012-10-16,6.21,6.21,3,2012,10,
2012-10-17,6.21,6.21,1,2012,10,
2012-10-18,6.21,6.21,5,2012,10,
2012-11-05,6.21,6.21,4,2012,11,2012.0
2012-11-06,6.21,6.21,1,2012,11,2012.0
2012-11-19,4.35,2.49,2,2012,11,2012.0
2012-11-20,5.28,2.49,4,2012,11,2012.0
2012-11-21,6.21,6.21,2,2012,11,2012.0
2012-11-22,4.35,2.49,4,2012,11,2012.0
2012-11-23,3.26,2.17,2,2012,11,2012.0
2012-11-24,1.805,0.5,2,2012,11,2012.0
2012-11-25,2.5066666666666664,0.5,9,2012,11,2012.0
2012-11-26,5.383333333333333,3.73,12,2012,11,2012.0
2012-11-27,4.8149999999999995,4.35,4,2012,11,2012.0
2012-11-28,5.796666666666667,4.97,3,2012,11,2012.0
2012-11-29,5.9,4.97,8,2012,11,2012.0
2012-11-30,4.1,1.86,5,2012,11,2012.0
2012-12-04,6.21,6.21,1,2012,12,2012.0
2012-12-05,2.485,1.86,2,2012,12,2012.0
2012-12-06,5.383333333333333,4.97,3,2012,12,2012.0
2012-12-08,6.21,6.21,7,2012,12,2012.0
2012-12-09,5.9,4.97,8,2012,12,2012.0
2012-12-10,6.21,6.21,4,2012,12,2012.0
2012-12-11,3.11,2.8,5,2012,12,2012.0
2012-12-12,2.17,2.17,1,2012,12,2012.0
2012-12-14,1.0333333333333334,0.93,3,2012,12,2012.0
2012-12-15,3.14375,1.86,8,2012,12,2012.0
2012-12-16,2.59,1.55,6,2012,12,2012.0
2012-12-17,0.9685714285714286,0.25,7,2012,12,2012.0
2012-12-18,0.646,0.62,5,2012,12,2012.0
2012-12-19,3.11,3.11,1,2012,12,2012.0
2013-01-03,4.97,4.97,1,2013,1,2012.0
2013-01-04,6.21,6.21,2,2013,1,2012.0
2013-01-05,6.21,6.21,3,2013,1,2012.0
2013-01-06,4.226,3.11,5,2013,1,2012.0
2013-01-08,0.5740000000000001,0.5,5,2013,1,2012.0
2013-01-22,2.49,2.49,1,2013,1,2012.0
2013-01-23,6.21,6.21,5,2013,1,2012.0
2013-01-28,5.59,4.97,2,2013,1,2012.0
2013-01-29,2.298,1.86,5,2013,1,2012.0
2013-01-30,4.35,4.35,1,2013,1,2012.0
2013-02-02,2.3414285714285716,0.87,7,2013,2,2012.0
2013-02-03,4.569999999999999,2.17,7,2013,2,2012.0
2013-02-04,4.763333333333333,4.35,3,2013,2,2012.0
2013-02-05,4.1175,2.49,8,2013,2,2012.0
2013-02-06,2.7275,0.93,8,2013,2,2012.0
2013-02-07,2.301428571428571,0.25,7,2013,2,2012.0
2013-02-08,2.5025,0.43,8,2013,2,2012.0
2013-02-09,5.176666666666667,3.73,6,2013,2,2012.0
2013-02-11,5.855714285714286,4.97,7,2013,2,2012.0
2013-02-12,5.404,4.35,10,2013,2,2012.0
2013-02-13,4.97,4.35,9,2013,2,2012.0
2013-02-14,5.855714285714286,4.97,7,2013,2,2012.0
2013-02-15,4.66,4.35,2,2013,2,2012.0
2013-02-16,2.33,0.93,2,2013,2,2012.0
2013-02-17,1.216,0.93,5,2013,2,2012.0
2013-02-18,2.1133333333333333,0.93,3,2013,2,2012.0
2013-02-19,6.21,6.21,4,2013,2,2012.0
2013-02-20,4.237272727272727,2.49,11,2013,2,2012.0
2013-02-21,3.178888888888889,2.49,9,2013,2,2012.0
2013-02-22,4.598,4.35,5,2013,2,2012.0
2013-02-23,3.854,2.49,10,2013,2,2012.0
2013-02-24,3.2906666666666666,1.24,15,2013,2,2012.0
2013-02-25,2.8579999999999997,1.86,5,2013,2,2012.0
2013-02-26,4.11625,1.86,8,2013,2,2012.0
2013-02-27,4.5,0.75,9,2013,2,2012.0
2013-02-28,5.7176470588235295,2.8,17,2013,2,2012.0
2013-03-01,6.21,6.21,4,2013,3,2012.0
2013-03-02,5.3175,2.17,8,2013,3,2012.0
2013-03-03,4.9,1.86,9,2013,3,2012.0
2013-03-04,5.383333333333333,3.11,6,2013,3,2012.0
2013-03-05,5.962,4.97,5,2013,3,2012.0
2013-03-06,5.35625,1.86,8,2013,3,2012.0
2013-03-07,3.73,2.49,2,2013,3,2012.0
2013-03-09,6.21,6.21,1,2013,3,2012.0
2013-03-11,4.97,3.73,6,2013,3,2012.0
2013-03-12,4.792857142857143,3.11,7,2013,3,2012.0
2013-03-13,5.59,4.97,2,2013,3,2012.0
2013-03-14,5.383333333333333,4.97,3,2013,3,2012.0
2013-03-15,4.6872727272727275,1.86,11,2013,3,2012.0
2013-03-18,1.13375,0.5,8,2013,3,2012.0
2013-03-19,1.82625,0.5,8,2013,3,2012.0
2013-03-20,3.8333333333333335,2.49,6,2013,3,2012.0
2013-03-21,5.59,3.73,4,2013,3,2012.0
2013-03-22,5.7139999999999995,2.49,15,2013,3,2012.0
2013-03-23,4.66,3.73,6,2013,3,2012.0
2013-03-24,3.5233333333333334,2.49,6,2013,3,2012.0
2013-03-25,3.2225,2.17,8,2013,3,2012.0
2013-03-26,4.04,3.11,8,2013,3,2012.0
2013-03-27,6.055,4.97,8,2013,3,2012.0
2013-03-28,6.21,6.21,1,2013,3,2012.0
2013-03-30,6.21,6.21,11,2013,3,2012.0
2013-03-31,6.21,6.21,9,2013,3,2012.0
2013-04-01,6.21,6.21,12,2013,4,
2013-04-02,6.024,4.35,10,2013,4,
2013-04-03,6.21,6.21,7,2013,4,
2013-04-04,6.072222222222222,4.97,9,2013,4,
2013-04-05,6.21,6.21,8,2013,4,
2013-04-06,6.003333333333334,4.35,9,2013,4,
2013-04-07,5.745,4.35,4,2013,4,
2013-04-08,6.21,6.21,6,2013,4,
2013-04-09,6.055,4.97,8,2013,4,
2013-04-10,6.21,6.21,5,2013,4,
2013-04-11,5.855714285714286,4.97,7,2013,4,
2013-04-12,4.5424999999999995,1.55,8,2013,4,
2013-04-13,4.8149999999999995,4.35,12,2013,4,
2013-04-14,5.59,3.11,9,2013,4,
2013-04-15,4.832222222222222,3.73,9,2013,4,
2013-04-16,5.702727272727272,3.11,11,2013,4,
2013-04-17,4.35,3.73,4,2013,4,
2013-04-18,6.21,6.21,5,2013,4,
2013-04-19,6.21,6.21,7,2013,4,
2013-04-20,6.21,6.21,4,2013,4,
2013-04-21,5.59,4.97,2,2013,4,
2013-04-22,5.435,2.8,6,2013,4,
2013-04-23,5.678571428571429,4.97,7,2013,4,
2013-04-24,6.21,6.21,3,2013,4,
2013-04-25,6.21,6.21,6,2013,4,
2013-04-26,6.21,6.21,7,2013,4,
2013-04-27,6.21,6.21,5,2013,4,
2013-04-29,6.21,6.21,5,2013,4,
2013-04-30,6.21,6.21,3,2013,4,
2013-05-01,6.21,6.21,5,2013,5,
2013-05-02,6.21,6.21,9,2013,5,
2013-05-03,5.796666666666667,4.97,3,2013,5,
2013-05-04,6.21,6.21,5,2013,5,
2013-05-05,6.21,6.21,7,2013,5,
2013-05-06,6.21,6.21,4,2013,5,
2013-05-07,6.21,6.21,3,2013,5,
2013-05-08,6.21,6.21,1,2013,5,
2013-05-09,6.21,6.21,2,2013,5,
2013-05-10,6.21,6.21,2,2013,5,
2013-05-13,5.59,3.73,4,2013,5,
2013-05-14,6.21,6.21,7,2013,5,
2013-05-15,6.21,6.21,3,2013,5,
2013-05-16,6.21,6.21,3,2013,5,
2013-05-17,6.21,6.21,3,2013,5,
2013-05-18,6.21,6.21,3,2013,5,
2013-05-19,6.003333333333333,4.97,6,2013,5,
2013-05-20,6.21,6.21,3,2013,5,
2013-05-21,6.21,6.21,8,2013,5,
2013-05-22,5.871818181818182,4.35,11,2013,5,
2013-05-23,6.21,6.21,7,2013,5,
2013-05-24,6.21,6.21,8,2013,5,
2013-05-25,6.21,6.21,5,2013,5,
2013-05-26,6.21,6.21,8,2013,5,
2013-05-27,6.072222222222222,4.97,9,2013,5,
2013-05-28,6.21,6.21,9,2013,5,
2013-05-30,6.21,6.21,3,2013,5,
2013-05-31,6.21,6.21,10,2013,5,
2013-06-01,6.21,6.21,3,2013,6,
2013-06-02,6.21,6.21,6,2013,6,
2013-06-03,6.21,6.21,5,2013,6,
2013-06-04,6.21,6.21,7,2013,6,
2013-06-05,6.21,6.21,7,2013,6,
2013-06-06,6.21,6.21,4,2013,6,
2013-06-08,6.21,6.21,7,2013,6,
2013-06-09,6.21,6.21,8,2013,6,
2013-06-10,6.21,6.21,3,2013,6,
2013-06-11,6.21,6.21,7,2013,6,
2013-06-12,6.21,6.21,5,2013,6,
2013-06-13,6.21,6.21,3,2013,6,
2013-06-14,6.21,6.21,4,2013,6,
2013-06-15,6.21,6.21,2,2013,6,
2013-06-16,6.21,6.21,2,2013,6,
2013-06-17,6.21,6.21,4,2013,6,
2013-06-18,6.21,6.21,7,2013,6,
2013-06-19,6.21,6.21,9,2013,6,
2013-06-20,6.1273333333333335,4.97,15,2013,6,
2013-06-21,6.21,6.21,4,2013,6,
2013-06-22,6.21,6.21,5,2013,6,
2013-06-23,6.21,6.21,3,2013,6,
2013-06-24,6.21,6.21,4,2013,6,
2013-06-25,6.21,6.21,10,2013,6,
2013-06-26,6.21,6.21,7,2013,6,
2013-06-27,6.21,6.21,5,2013,6,
2013-06-28,6.21,6.21,7,2013,6,
2013-06-29,5.962,4.97,5,2013,6,
2013-06-30,6.21,6.21,7,2013,6,
2013-07-01,6.21,6.21,6,2013,7,
2013-07-02,6.21,6.21,10,2013,7,
2013-07-03,6.21,6.21,13,2013,7,
2013-07-04,6.055,4.97,8,2013,7,
2013-07-05,6.21,6.21,6,2013,7,
2013-07-06,6.121428571428572,4.97,14,2013,7,
2013-07-07,4.8925,3.73,8,2013,7,
2013-07-08,6.21,6.21,6,2013,7,
2013-07-10,6.21,6.21,9,2013,7,
2013-07-11,6.21,6.21,9,2013,7,
2013-07-12,6.21,6.21,9,2013,7,
2013-07-13,6.21,6.21,11,2013,7,
2013-07-14,6.21,6.21,2,2013,7,
2013-07-15,5.714,4.97,5,2013,7,
2013-08-04,6.21,6.21,1,2013,8,
2013-08-19,6.21,6.21,1,2013,8,
2013-08-22,6.21,6.21,3,2013,8,
2013-08-23,5.9775,4.35,8,2013,8,
2013-08-24,5.871818181818182,4.97,11,2013,8,
2013-08-25,5.962,4.97,5,2013,8,
2013-08-26,5.796666666666667,4.97,3,2013,8,
2013-08-27,5.984545454545454,3.73,11,2013,8,
2013-08-28,5.714,4.35,10,2013,8,
2013-08-29,6.21,6.21,9,2013,8,
2013-08-30,6.21,6.21,8,2013,8,
2013-08-31,5.9,4.97,8,2013,8,
2013-09-01,5.9,4.97,4,2013,9,
2013-09-02,6.21,6.21,6,2013,9,
2013-09-03,5.727777777777778,3.11,9,2013,9,
2013-09-04,6.21,6.21,8,2013,9,
2013-09-05,6.21,6.21,9,2013,9,
2013-09-06,6.21,6.21,12,2013,9,
2013-09-07,6.21,6.21,7,2013,9,
2013-09-08,6.21,6.21,13,2013,9,
2013-09-09,6.21,6.21,6,2013,9,
2013-09-10,6.21,6.21,4,2013,9,
2013-09-11,6.21,6.21,8,2013,9,
2013-09-12,6.21,6.21,8,2013,9,
2013-09-13,6.21,6.21,5,2013,9,
2013-09-14,6.21,6.21,8,2013,9,
2013-09-15,6.21,6.21,13,2013,9,
2013-09-16,6.21,6.21,12,2013,9,
2013-09-17,6.21,6.21,9,2013,9,
2013-09-18,6.21,6.21,6,2013,9,
2013-09-19,6.21,6.21,9,2013,9,
2013-09-20,6.21,6.21,5,2013,9,
2013-09-21,6.21,6.21,11,2013,9,
2013-09-22,6.21,6.21,8,2013,9,
2013-09-23,6.21,6.21,9,2013,9,
2013-09-24,6.21,6.21,4,2013,9,
2013-09-25,6.21,6.21,5,2013,9,
2013-09-26,5.714,4.97,5,2013,9,
2013-09-27,6.21,6.21,3,2013,9,
2013-09-28,6.21,6.21,1,2013,9,
2013-09-29,6.21,6.21,3,2013,9,
2013-09-30,6.21,6.21,7,2013,9,
2013-10-01,6.21,6.21,4,2013,10,
2013-10-02,6.21,6.21,7,2013,10,
2013-10-03,6.21,6.21,4,2013,10,
2013-10-04,6.21,6.21,5,2013,10,
2013-10-05,6.21,6.21,4,2013,10,
2013-10-07,6.21,6.21,7,2013,10,
2013-10-08,5.796666666666667,4.97,3,2013,10,
2013-10-09,6.21,6.21,5,2013,10,
2013-10-10,6.21,6.21,5,2013,10,
2013-10-11,5.59,4.97,6,2013,10,
2013-10-12,4.505,3.11,8,2013,10,
2013-10-14,5.714,4.97,5,2013,10,
2013-10-15,6.21,6.21,3,2013,10,
2013-10-16,5.435,4.35,8,2013,10,
2013-10-17,6.21,6.21,2,2013,10,
2013-10-18,3.8333333333333335,2.49,6,2013,10,
2013-10-19,4.97,4.97,1,2013,10,
2013-10-20,5.093999999999999,3.11,10,2013,10,
2013-10-21,3.975,1.86,10,2013,10,
2013-10-22,3.9071428571428575,2.49,7,2013,10,
2013-10-23,3.415,1.86,2,2013,10,
2013-10-24,5.176666666666667,3.11,3,2013,10,
2013-10-30,6.21,6.21,3,2013,10,
2013-10-31,5.279999999999999,3.73,4,2013,10,
2013-11-01,6.21,6.21,3,2013,11,2013.0
2013-11-02,5.058571428571428,3.11,7,2013,11,2013.0
2013-11-03,6.21,6.21,4,2013,11,2013.0
2013-11-04,6.21,6.21,9,2013,11,2013.0
2013-11-05,5.9,4.97,8,2013,11,2013.0
2013-11-06,6.21,6.21,7,2013,11,2013.0
2013-11-21,6.21,6.21,6,2013,11,2013.0
2013-11-22,6.21,6.21,3,2013,11,2013.0
2013-11-24,5.714,4.97,5,2013,11,2013.0
2013-11-25,4.35,4.35,1,2013,11,2013.0
2013-11-28,5.837999999999999,4.35,5,2013,11,2013.0
2013-11-29,6.21,6.21,2,2013,11,2013.0
2013-11-30,6.21,6.21,1,2013,11,2013.0
2013-12-01,6.21,6.21,2,2013,12,2013.0
2013-12-02,5.501428571428571,3.73,7,2013,12,2013.0
2013-12-03,5.658888888888889,4.97,9,2013,12,2013.0
2013-12-04,6.21,6.21,2,2013,12,2013.0
2013-12-05,6.21,6.21,2,2013,12,2013.0
2013-12-06,6.21,6.21,2,2013,12,2013.0
2013-12-07,5.383333333333333,3.11,6,2013,12,2013.0
2013-12-08,6.21,6.21,8,2013,12,2013.0
2013-12-15,1.8616666666666666,1.24,6,2013,12,2013.0
2013-12-16,1.4983333333333333,1.24,6,2013,12,2013.0
2013-12-17,1.6909090909090911,1.24,11,2013,12,2013.0
2013-12-31,2.8,2.8,1,2013,12,2013.0
2014-01-01,5.759090909090909,3.73,11,2014,1,2013.0
2014-01-02,6.21,6.21,9,2014,1,2013.0
2014-01-03,6.21,6.21,16,2014,1,2013.0
2014-01-04,6.21,6.21,4,2014,1,2013.0
2014-01-05,2.3800000000000003,1.24,6,2014,1,2013.0
2014-01-06,0.9127272727272726,0.62,11,2014,1,2013.0
2014-01-07,4.505,2.8,6,2014,1,2013.0
2014-01-09,4.97,4.97,2,2014,1,2013.0
2014-01-13,2.49,2.49,3,2014,1,2013.0
2014-01-20,6.21,6.21,3,2014,1,2013.0
2014-01-21,6.21,6.21,7,2014,1,2013.0
2014-01-22,6.21,6.21,11,2014,1,2013.0
2014-01-23,6.114615384615385,4.97,13,2014,1,2013.0
2014-01-24,5.678571428571429,2.49,7,2014,1,2013.0
2014-01-25,6.21,6.21,1,2014,1,2013.0
2014-01-26,5.093333333333333,1.99,12,2014,1,2013.0
2014-01-27,6.21,6.21,10,2014,1,2013.0
2014-01-28,6.055,4.97,8,2014,1,2013.0
2014-01-29,6.1066666666666665,4.97,12,2014,1,2013.0
2014-01-30,4.5024999999999995,1.24,4,2014,1,2013.0
2014-01-31,5.465999999999999,3.73,5,2014,1,2013.0
2014-02-01,4.97,4.97,2,2014,2,2013.0
2014-02-02,4.97,4.97,1,2014,2,2013.0
2014-02-03,4.3500000000000005,3.73,6,2014,2,2013.0
2014-02-04,5.521111111111111,4.97,9,2014,2,2013.0
2014-02-05,4.97,4.97,1,2014,2,2013.0
2014-02-07,0.724,0.62,5,2014,2,2013.0
2014-02-08,0.93,0.62,6,2014,2,2013.0
2014-02-09,2.25375,1.86,8,2014,2,2013.0
2014-02-10,4.8149999999999995,4.35,4,2014,2,2013.0
2014-02-11,6.21,6.21,6,2014,2,2013.0
2014-02-12,6.21,6.21,9,2014,2,2013.0
2014-02-13,5.796666666666667,4.97,3,2014,2,2013.0
2014-02-14,4.845999999999999,3.73,10,2014,2,2013.0
2014-02-15,1.0933333333333333,0.5,9,2014,2,2013.0
2014-02-16,1.260714285714286,0.5,14,2014,2,2013.0
2014-02-17,2.5785714285714287,2.49,7,2014,2,2013.0
2014-02-19,2.997272727272727,2.49,11,2014,2,2013.0
2014-02-20,3.73,2.49,14,2014,2,2013.0
2014-02-21,6.055,4.97,8,2014,2,2013.0
2014-02-22,6.21,6.21,7,2014,2,2013.0
2014-02-23,1.63875,0.62,8,2014,2,2013.0
2014-02-24,1.915,1.24,6,2014,2,2013.0
2014-02-25,2.126153846153846,1.24,13,2014,2,2013.0
2014-02-26,2.86,2.17,5,2014,2,2013.0
2014-02-27,1.1366666666666667,0.62,3,2014,2,2013.0
2014-03-03,3.575,3.42,2,2014,3,2013.0
2014-03-04,5.125,3.11,8,2014,3,2013.0
2014-03-05,6.032857142857142,4.97,7,2014,3,2013.0
2014-03-06,6.019230769230769,4.97,13,2014,3,2013.0
2014-03-07,5.4511111111111115,1.86,18,2014,3,2013.0
2014-03-08,6.21,6.21,7,2014,3,2013.0
2014-03-09,5.59,4.35,9,2014,3,2013.0
2014-03-10,3.2340000000000004,2.49,10,2014,3,2013.0
2014-03-11,6.097272727272727,4.97,11,2014,3,2013.0
2014-03-12,6.21,6.21,13,2014,3,2013.0
2014-03-13,3.1035714285714286,0.62,14,2014,3,2013.0
2014-03-14,3.978,3.11,5,2014,3,2013.0
2014-03-15,4.97,4.97,7,2014,3,2013.0
2014-03-16,6.21,6.21,9,2014,3,2013.0
2014-03-17,5.984545454545454,3.73,11,2014,3,2013.0
2014-03-18,6.21,6.21,17,2014,3,2013.0
2014-03-19,2.673636363636364,0.75,11,2014,3,2013.0
2014-03-20,1.24,1.24,3,2014,3,2013.0
2014-03-21,3.591111111111111,1.86,9,2014,3,2013.0
2014-03-22,3.3757142857142854,2.49,14,2014,3,2013.0
2014-03-23,4.246666666666666,3.11,6,2014,3,2013.0
2014-03-24,4.97,3.73,6,2014,3,2013.0
2014-03-25,4.7219999999999995,3.73,5,2014,3,2013.0
2014-03-26,6.21,6.21,12,2014,3,2013.0
2014-03-27,6.21,6.21,20,2014,3,2013.0
2014-03-28,5.9,4.97,4,2014,3,2013.0
2014-03-29,6.21,6.21,4,2014,3,2013.0
2014-03-30,6.21,6.21,10,2014,3,2013.0
2014-03-31,5.435,4.35,12,2014,3,2013.0
2014-04-01,6.1325,4.97,16,2014,4,
2014-04-03,5.176666666666667,4.97,6,2014,4,
2014-04-04,3.000833333333333,1.86,12,2014,4,
2014-04-05,3.73,3.73,2,2014,4,
2014-04-09,6.21,6.21,3,2014,4,
2014-04-10,6.21,6.21,8,2014,4,
2014-04-11,6.21,6.21,8,2014,4,
2014-04-12,6.21,6.21,11,2014,4,
2014-04-13,6.21,6.21,8,2014,4,
2014-04-14,6.21,6.21,9,2014,4,
2014-04-15,5.521111111111111,4.97,9,2014,4,
2014-04-16,6.21,6.21,14,2014,4,
2014-04-17,5.486666666666667,3.73,12,2014,4,
2014-04-18,6.040909090909091,4.35,11,2014,4,
2014-04-19,6.21,6.21,7,2014,4,
2014-04-20,6.21,6.21,7,2014,4,
2014-04-21,6.21,6.21,10,2014,4,
2014-04-22,6.21,6.21,13,2014,4,
2014-04-23,6.21,6.21,4,2014,4,
2014-04-24,6.21,6.21,9,2014,4,
2014-04-25,6.21,6.21,15,2014,4,
2014-04-26,5.486666666666667,3.11,6,2014,4,
2014-04-27,6.21,6.21,21,2014,4,
2014-04-28,6.21,6.21,10,2014,4,
2014-04-29,6.21,6.21,15,2014,4,
2014-04-30,6.21,6.21,5,2014,4,
2014-05-01,6.21,6.21,7,2014,5,
2014-05-02,6.21,6.21,6,2014,5,
2014-05-03,6.21,6.21,3,2014,5,
2014-05-05,6.21,6.21,5,2014,5,
2014-05-07,6.21,6.21,7,2014,5,
2014-05-08,6.21,6.21,12,2014,5,
2014-05-09,6.21,6.21,6,2014,5,
2014-05-10,4.85875,0.62,8,2014,5,
2014-05-11,4.432,1.86,15,2014,5,
2014-05-12,6.21,6.21,13,2014,5,
2014-05-13,4.1433333333333335,2.49,3,2014,5,
2014-05-14,6.024,4.35,10,2014,5,
2014-05-15,5.745,3.73,16,2014,5,
2014-05-16,6.1273333333333335,4.97,15,2014,5,
2014-05-17,6.1370588235294115,4.97,17,2014,5,
2014-05-18,6.21,6.21,19,2014,5,
2014-05-19,4.302857142857143,0.31,7,2014,5,
2014-05-20,4.1257142857142854,1.86,14,2014,5,
2014-05-21,3.2741176470588234,2.8,17,2014,5,
2014-05-22,6.097272727272727,4.97,11,2014,5,
2014-05-23,6.21,6.21,17,2014,5,
2014-05-24,6.21,6.21,6,2014,5,
2014-05-25,6.21,6.21,6,2014,5,
2014-05-26,6.21,6.21,9,2014,5,
2014-05-27,5.984545454545454,4.97,11,2014,5,
2014-05-28,6.21,6.21,16,2014,5,
2014-05-29,6.21,6.21,12,2014,5,
2014-05-30,6.21,6.21,11,2014,5,
2014-05-31,6.21,6.21,12,2014,5,
2014-06-01,6.21,6.21,9,2014,6,
2014-06-02,6.21,6.21,8,2014,6,
2014-06-03,6.21,6.21,10,2014,6,
2014-06-04,6.003333333333333,4.97,12,2014,6,
2014-06-05,6.21,6.21,11,2014,6,
2014-06-06,5.6933333333333325,3.11,12,2014,6,
2014-06-07,6.21,6.21,12,2014,6,
2014-06-08,6.21,6.21,9,2014,6,
2014-06-09,6.21,6.21,15,2014,6,
2014-06-10,6.21,6.21,5,2014,6,
2014-06-11,6.21,6.21,5,2014,6,
2014-06-12,6.21,6.21,7,2014,6,
2014-06-13,6.21,6.21,3,2014,6,
2014-06-14,6.21,6.21,10,2014,6,
2014-06-15,6.21,6.21,14,2014,6,
2014-06-16,6.21,6.21,11,2014,6,
2014-06-17,6.21,6.21,8,2014,6,
2014-06-18,6.21,6.21,2,2014,6,
2014-06-19,6.21,6.21,5,2014,6,
2014-06-20,6.21,6.21,4,2014,6,
2014-06-21,6.21,6.21,10,2014,6,
2014-06-22,6.21,6.21,4,2014,6,
2014-06-23,6.21,6.21,6,2014,6,
2014-06-24,6.21,6.21,4,2014,6,
2014-06-25,6.21,6.21,5,2014,6,
2014-06-26,6.21,6.21,3,2014,6,
2014-06-27,6.21,6.21,5,2014,6,
2014-06-30,6.21,6.21,1,2014,6,
2014-07-02,6.21,6.21,6,2014,7,
2014-07-03,6.21,6.21,7,2014,7,
2014-07-04,6.21,6.21,6,2014,7,
2014-07-05,6.21,6.21,9,2014,7,
2014-07-07,6.21,6.21,6,2014,7,
2014-07-08,6.21,6.21,2,2014,7,
2014-07-09,6.21,6.21,5,2014,7,
2014-07-10,6.21,6.21,3,2014,7,
2014-07-11,6.21,6.21,5,2014,7,
2014-07-12,6.21,6.21,2,2014,7,
2014-07-13,6.21,6.21,2,2014,7,
2014-07-14,6.21,6.21,6,2014,7,
2014-07-15,6.21,6.21,5,2014,7,
2014-07-16,6.21,6.21,6,2014,7,
2014-07-17,6.21,6.21,3,2014,7,
2014-07-18,6.21,6.21,4,2014,7,
2014-07-19,6.21,6.21,1,2014,7,
2014-07-20,6.21,6.21,6,2014,7,
2014-07-21,6.21,6.21,4,2014,7,
2014-07-22,4.970000000000001,3.73,5,2014,7,
2014-07-23,6.21,6.21,1,2014,7,
2014-07-24,6.21,6.21,5,2014,7,
2014-07-25,6.21,6.21,8,2014,7,
2014-07-26,6.21,6.21,5,2014,7,
2014-07-27,6.21,6.21,4,2014,7,
2014-07-28,6.21,6.21,2,2014,7,
2014-07-29,6.21,6.21,3,2014,7,
2014-07-30,6.21,6.21,1,2014,7,
2014-07-31,5.59,3.73,4,2014,7,
2014-08-01,6.21,6.21,3,2014,8,
2014-08-02,6.21,6.21,4,2014,8,
2014-08-03,5.796666666666667,3.73,6,2014,8,
2014-08-04,6.21,6.21,2,2014,8,
2014-08-05,5.796666666666667,4.97,6,2014,8,
2014-08-06,6.21,6.21,7,2014,8,
2014-08-07,6.21,6.21,6,2014,8,
2014-08-08,6.21,6.21,9,2014,8,
2014-08-09,5.855714285714286,4.97,7,2014,8,
2014-08-10,6.21,6.21,4,2014,8,
2014-08-11,6.21,6.21,5,2014,8,
2014-08-12,4.438571428571429,2.49,7,2014,8,
2014-08-13,6.21,6.21,2,2014,8,
2014-08-14,6.21,6.21,4,2014,8,
2014-08-16,6.21,6.21,1,2014,8,
2014-08-20,6.21,6.21,2,2014,8,
2014-08-21,6.21,6.21,4,2014,8,
2014-08-22,5.125,3.11,4,2014,8,
2014-08-23,6.21,6.21,6,2014,8,
2014-08-25,6.21,6.21,3,2014,8,
2014-08-26,6.21,6.21,5,2014,8,
2014-08-27,6.21,6.21,10,2014,8,
2014-08-28,6.21,6.21,6,2014,8,
2014-08-29,6.21,6.21,6,2014,8,
2014-09-01,6.003333333333333,4.97,6,2014,9,
2014-09-02,6.21,6.21,7,2014,9,
2014-09-03,6.21,6.21,2,2014,9,
2014-09-04,5.8999999999999995,4.35,6,2014,9,
2014-09-05,6.21,6.21,4,2014,9,
2014-09-06,6.21,6.21,8,2014,9,
2014-09-07,6.21,6.21,7,2014,9,
2014-09-08,6.21,6.21,5,2014,9,
2014-09-10,6.21,6.21,1,2014,9,
2014-09-18,5.59,4.97,2,2014,9,
2014-09-19,6.21,6.21,6,2014,9,
2014-09-20,6.21,6.21,9,2014,9,
2014-09-21,6.21,6.21,2,2014,9,
2014-09-22,6.21,6.21,3,2014,9,
2014-09-23,6.21,6.21,4,2014,9,
2014-09-24,6.21,6.21,3,2014,9,
2014-09-25,6.21,6.21,7,2014,9,
2014-09-26,6.21,6.21,3,2014,9,
2014-09-27,5.9,3.73,8,2014,9,
2014-09-28,6.21,6.21,2,2014,9,
2014-09-30,6.21,6.21,6,2014,9,
2014-10-01,6.21,6.21,4,2014,10,
2014-10-02,5.796666666666667,4.97,3,2014,10,
2014-10-05,6.21,6.21,1,2014,10,
2014-10-06,6.21,6.21,5,2014,10,
2014-10-07,5.796666666666667,3.73,6,2014,10,
2014-10-08,6.21,6.21,4,2014,10,
2014-10-09,4.97,4.97,4,2014,10,
2014-10-10,5.962,4.97,5,2014,10,
2014-10-11,6.21,6.21,3,2014,10,
2014-10-12,5.962,4.97,5,2014,10,
2014-10-14,6.21,6.21,3,2014,10,
2014-10-15,5.865555555555556,4.35,9,2014,10,
2014-10-16,6.21,6.21,6,2014,10,
2014-10-17,6.21,6.21,2,2014,10,
2014-10-18,6.21,6.21,5,2014,10,
2014-10-19,6.21,6.21,1,2014,10,
2014-10-20,5.058571428571428,3.11,7,2014,10,
2014-10-21,3.11,3.11,1,2014,10,
2014-10-22,2.69,1.86,3,2014,10,
2014-10-23,5.435,3.11,4,2014,10,
2014-10-24,6.21,6.21,2,2014,10,
2014-10-25,6.21,6.21,5,2014,10,
2014-10-26,5.9,3.73,8,2014,10,
2014-10-27,5.714,3.73,10,2014,10,
2014-10-28,6.21,6.21,3,2014,10,
2014-10-29,5.9,4.97,4,2014,10,
2014-10-30,6.21,6.21,3,2014,10,
2014-10-31,6.21,6.21,6,2014,10,
2014-11-01,5.125,4.35,4,2014,11,2014.0
2014-11-02,6.21,6.21,1,2014,11,2014.0
2014-11-03,6.21,6.21,4,2014,11,2014.0
2014-11-04,6.086,4.97,10,2014,11,2014.0
2014-11-05,6.21,6.21,10,2014,11,2014.0
2014-11-06,5.944285714285714,4.35,7,2014,11,2014.0
2014-11-08,5.7807692307692315,3.11,13,2014,11,2014.0
2014-11-09,6.003333333333333,4.97,6,2014,11,2014.0
2014-11-10,6.21,6.21,9,2014,11,2014.0
2014-11-11,5.59,3.11,5,2014,11,2014.0
2014-11-12,6.21,6.21,5,2014,11,2014.0
2014-11-13,5.279999999999999,4.97,4,2014,11,2014.0
2014-11-14,6.21,6.21,4,2014,11,2014.0
2014-11-15,6.21,6.21,7,2014,11,2014.0
2014-11-16,5.934444444444444,4.97,9,2014,11,2014.0
2014-11-17,6.21,6.21,4,2014,11,2014.0
2014-11-18,4.704285714285715,3.11,7,2014,11,2014.0
2014-11-19,5.501428571428571,3.11,7,2014,11,2014.0
2014-11-20,5.714,3.73,5,2014,11,2014.0
2014-11-21,6.21,6.21,6,2014,11,2014.0
2014-11-22,4.64,0.75,10,2014,11,2014.0
2014-11-23,1.6672727272727272,0.62,11,2014,11,2014.0
2014-11-24,1.8310000000000002,1.24,10,2014,11,2014.0
2014-11-25,1.2277777777777779,0.5,9,2014,11,2014.0
2014-11-26,1.5250000000000001,0.93,12,2014,11,2014.0
2014-11-27,6.21,6.21,4,2014,11,2014.0
2014-11-28,6.21,6.21,6,2014,11,2014.0
2014-11-29,5.465999999999999,4.97,5,2014,11,2014.0
2014-11-30,4.1433333333333335,3.73,3,2014,11,2014.0
2014-12-01,6.21,6.21,2,2014,12,2014.0
2014-12-02,6.21,6.21,1,2014,12,2014.0
2014-12-03,6.032857142857142,4.97,7,2014,12,2014.0
2014-12-04,5.5280000000000005,2.49,10,2014,12,2014.0
2014-12-05,5.796666666666667,4.97,12,2014,12,2014.0
2014-12-06,6.21,6.21,6,2014,12,2014.0
2014-12-08,6.21,6.21,5,2014,12,2014.0
2014-12-09,5.745,4.35,4,2014,12,2014.0
2014-12-11,5.3575,2.8,4,2014,12,2014.0
2014-12-12,3.685714285714286,2.8,7,2014,12,2014.0
2014-12-13,2.1253846153846156,1.24,13,2014,12,2014.0
2014-12-14,1.805,0.5,2,2014,12,2014.0
2014-12-15,0.71,0.43,2,2014,12,2014.0
2014-12-16,0.7866666666666667,0.62,3,2014,12,2014.0
2014-12-17,3.311666666666667,0.62,6,2014,12,2014.0
2014-12-18,6.003333333333333,4.97,12,2014,12,2014.0
2014-12-19,5.510666666666666,1.86,15,2014,12,2014.0
2014-12-20,6.21,6.21,4,2014,12,2014.0
2014-12-21,2.9475000000000002,1.86,4,2014,12,2014.0
2014-12-22,2.018333333333333,0.62,6,2014,12,2014.0
2014-12-23,1.1418181818181818,0.31,11,2014,12,2014.0
2014-12-24,0.9011111111111111,0.5,9,2014,12,2014.0
2014-12-25,2.487142857142857,1.55,7,2014,12,2014.0
2014-12-26,4.0842857142857145,3.11,7,2014,12,2014.0
2014-12-28,6.21,6.21,3,2014,12,2014.0
2014-12-29,6.21,6.21,12,2014,12,2014.0
2014-12-30,6.21,6.21,4,2014,12,2014.0
2014-12-31,6.21,6.21,1,2014,12,2014.0
2015-01-02,4.97,4.97,5,2015,1,2014.0
2015-01-14,6.21,6.21,3,2015,1,2014.0
2015-01-15,2.3316666666666666,1.24,6,2015,1,2014.0
2015-01-16,1.39,0.62,3,2015,1,2014.0
2015-01-17,1.656666666666667,1.24,3,2015,1,2014.0
2015-01-18,4.763333333333333,4.35,3,2015,1,2014.0
2015-01-19,3.73,3.73,1,2015,1,2014.0
2015-01-20,4.039,1.24,10,2015,1,2014.0
2015-01-21,4.97,4.35,9,2015,1,2014.0
2015-01-22,5.865555555555556,4.35,9,2015,1,2014.0
2015-01-23,6.21,6.21,1,2015,1,2014.0
2015-01-24,6.21,6.21,8,2015,1,2014.0
2015-01-25,6.086,4.97,10,2015,1,2014.0
2015-01-26,6.21,6.21,6,2015,1,2014.0
2015-01-27,6.086,4.97,10,2015,1,2014.0
2015-01-28,5.815454545454545,4.35,11,2015,1,2014.0
2015-01-29,6.0142105263157895,4.97,19,2015,1,2014.0
2015-01-30,5.796666666666667,4.97,6,2015,1,2014.0
2015-01-31,5.951666666666667,4.35,12,2015,1,2014.0
2015-02-01,6.21,6.21,12,2015,2,2014.0
2015-02-02,5.962,4.97,15,2015,2,2014.0
2015-02-03,6.21,6.21,14,2015,2,2014.0
2015-02-04,6.21,6.21,5,2015,2,2014.0
2015-02-05,6.055,4.97,8,2015,2,2014.0
2015-02-06,6.114615384615385,4.97,13,2015,2,2014.0
2015-02-07,5.993,4.35,20,2015,2,2014.0
2015-02-08,5.8999999999999995,4.97,12,2015,2,2014.0
2015-02-09,5.218,4.97,5,2015,2,2014.0
2015-02-10,6.21,6.21,6,2015,2,2014.0
2015-02-11,3.3833333333333333,2.17,9,2015,2,2014.0
2015-02-12,1.4475,0.93,12,2015,2,2014.0
2015-02-13,2.1725,1.55,8,2015,2,2014.0
2015-02-14,6.21,6.21,2,2015,2,2014.0
2015-02-15,4.815,2.49,8,2015,2,2014.0
2015-02-16,6.21,6.21,5,2015,2,2014.0
2015-02-17,6.1066666666666665,4.97,12,2015,2,2014.0
2015-02-18,6.21,6.21,10,2015,2,2014.0
2015-02-19,6.21,6.21,16,2015,2,2014.0
2015-02-20,6.21,6.21,17,2015,2,2014.0
2015-02-21,2.141,0.93,10,2015,2,2014.0
2015-02-22,2.5555555555555554,1.24,9,2015,2,2014.0
2015-02-23,3.11,3.11,4,2015,2,2014.0
2015-02-24,4.3500000000000005,3.73,6,2015,2,2014.0
2015-02-25,3.185,2.17,8,2015,2,2014.0
2015-02-26,6.21,6.21,11,2015,2,2014.0
2015-02-27,5.9,4.97,4,2015,2,2014.0
2015-02-28,5.6463636363636365,4.97,11,2015,2,2014.0
2015-03-01,5.8999999999999995,4.97,12,2015,3,2014.0
2015-03-02,6.21,6.21,9,2015,3,2014.0
2015-03-03,5.465999999999999,3.73,10,2015,3,2014.0
2015-03-04,4.556666666666667,3.73,3,2015,3,2014.0
2015-03-05,4.04,3.11,6,2015,3,2014.0
2015-03-06,5.59,4.97,2,2015,3,2014.0
2015-03-07,4.97,4.97,4,2015,3,2014.0
2015-03-08,5.6933333333333325,4.35,6,2015,3,2014.0
2015-03-09,5.59,4.97,6,2015,3,2014.0
2015-03-10,5.59,4.97,8,2015,3,2014.0
2015-03-11,6.21,6.21,4,2015,3,2014.0
2015-03-14,2.9859999999999998,2.49,5,2015,3,2014.0
2015-03-15,1.5825,1.24,4,2015,3,2014.0
2015-03-17,0.785,0.62,8,2015,3,2014.0
2015-03-18,2.8861538461538463,0.75,13,2015,3,2014.0
2015-03-19,6.072222222222222,4.97,9,2015,3,2014.0
2015-03-20,5.366666666666667,0.43,12,2015,3,2014.0
2015-03-21,5.59,4.35,6,2015,3,2014.0
2015-03-22,5.6933333333333325,3.11,6,2015,3,2014.0
2015-03-23,5.745,3.73,12,2015,3,2014.0
2015-03-24,6.032857142857142,4.97,7,2015,3,2014.0
2015-03-25,5.796666666666667,4.97,9,2015,3,2014.0
2015-03-26,6.21,6.21,7,2015,3,2014.0
2015-03-28,6.21,6.21,1,2015,3,2014.0
2015-03-29,6.21,6.21,3,2015,3,2014.0
2015-03-30,6.21,6.21,4,2015,3,2014.0
2015-03-31,6.21,6.21,4,2015,3,2014.0
2015-04-01,2.0810000000000004,0.93,10,2015,4,
2015-04-02,4.97,4.97,6,2015,4,
2015-04-03,6.21,6.21,9,2015,4,
2015-04-04,4.845999999999999,4.35,5,2015,4,
2015-04-05,5.9,4.97,4,2015,4,
2015-04-06,5.59,3.73,6,2015,4,
2015-04-07,6.21,6.21,3,2015,4,
2015-04-08,6.21,6.21,10,2015,4,
2015-04-09,6.21,6.21,4,2015,4,
2015-04-11,0.22999999999999998,0.19,6,2015,4,
2015-04-12,0.58,0.31,8,2015,4,
2015-04-13,0.8857142857142858,0.37,7,2015,4,
2015-04-14,1.4100000000000001,0.75,7,2015,4,
2015-04-15,6.21,6.21,8,2015,4,
2015-04-16,4.97,2.49,3,2015,4,
2015-04-17,1.2428571428571427,0.62,7,2015,4,
2015-04-18,1.7874999999999999,0.62,4,2015,4,
2015-04-19,3.18625,2.17,8,2015,4,
2015-04-20,4.1433333333333335,2.49,3,2015,4,
2015-04-21,6.1066666666666665,4.97,12,2015,4,
2015-04-22,3.6060000000000003,2.49,5,2015,4,
2015-04-23,4.35,3.73,2,2015,4,
2015-04-24,2.3800000000000003,1.24,9,2015,4,
2015-04-25,2.0288888888888885,0.75,9,2015,4,
2015-04-26,1.6458333333333333,0.62,12,2015,4,
2015-04-28,6.21,6.21,7,2015,4,
2015-04-29,6.21,6.21,5,2015,4,
2015-04-30,5.641666666666667,4.35,12,2015,4,
2015-05-01,5.6933333333333325,3.11,6,2015,5,
2015-05-02,5.279999999999999,4.35,2,2015,5,
2015-05-03,6.21,6.21,1,2015,5,
2015-05-04,3.11,3.11,2,2015,5,
2015-05-05,4.97,4.97,1,2015,5,
2015-05-06,6.21,6.21,1,2015,5,
2015-05-07,6.21,6.21,5,2015,5,
2015-05-08,6.21,6.21,18,2015,5,
2015-05-09,6.114615384615385,4.97,13,2015,5,
2015-05-10,6.21,6.21,12,2015,5,
2015-05-11,6.21,6.21,6,2015,5,
2015-05-12,6.21,6.21,10,2015,5,
2015-05-13,6.003333333333334,4.35,9,2015,5,
2015-05-14,5.59,4.97,4,2015,5,
2015-05-15,1.18,0.62,8,2015,5,
2015-05-16,4.575454545454545,3.11,11,2015,5,
2015-05-17,6.032857142857142,4.97,14,2015,5,
2015-05-18,6.21,6.21,10,2015,5,
2015-05-19,6.21,6.21,7,2015,5,
2015-05-20,6.21,6.21,7,2015,5,
2015-05-21,6.21,6.21,8,2015,5,
2015-05-22,6.21,6.21,16,2015,5,
2015-05-23,6.21,6.21,8,2015,5,
2015-05-24,6.21,6.21,9,2015,5,
2015-05-25,6.21,6.21,8,2015,5,
2015-05-26,6.21,6.21,3,2015,5,
2015-05-27,6.21,6.21,8,2015,5,
2015-05-28,6.21,6.21,5,2015,5,
2015-05-29,6.21,6.21,6,2015,5,
2015-05-30,6.21,6.21,8,2015,5,
2015-05-31,6.21,6.21,5,2015,5,
2015-06-01,6.21,6.21,12,2015,6,
2015-06-02,5.714,3.73,5,2015,6,
2015-06-03,6.21,6.21,5,2015,6,
2015-06-04,6.21,6.21,12,2015,6,
2015-06-05,6.21,6.21,1,2015,6,
2015-06-06,6.21,6.21,5,2015,6,
2015-06-07,6.21,6.21,16,2015,6,
2015-06-08,5.855714285714286,4.97,7,2015,6,
2015-06-09,5.176666666666667,3.11,6,2015,6,
2015-06-10,5.714,3.73,5,2015,6,
2015-06-11,6.21,6.21,11,2015,6,
2015-06-12,6.044666666666667,4.97,15,2015,6,
2015-06-13,5.59,3.73,9,2015,6,
2015-06-14,6.21,6.21,4,2015,6,
2015-06-15,5.944285714285714,4.35,7,2015,6,
2015-06-16,6.21,6.21,12,2015,6,
2015-06-17,6.21,6.21,15,2015,6,
2015-06-18,6.21,6.21,8,2015,6,
2015-06-19,6.21,6.21,5,2015,6,
2015-06-20,6.21,6.21,5,2015,6,
2015-06-21,6.21,6.21,9,2015,6,
2015-06-22,6.21,6.21,5,2015,6,
2015-06-23,6.097272727272727,4.97,11,2015,6,
2015-06-24,6.21,6.21,10,2015,6,
2015-06-25,6.21,6.21,5,2015,6,
2015-06-26,6.21,6.21,7,2015,6,
2015-06-27,6.21,6.21,15,2015,6,
2015-06-28,6.21,6.21,6,2015,6,
2015-06-29,6.21,6.21,5,2015,6,
2015-06-30,6.21,6.21,7,2015,6,
2015-07-01,6.21,6.21,13,2015,7,
2015-07-02,6.21,6.21,7,2015,7,
2015-07-03,6.21,6.21,5,2015,7,
2015-07-04,6.21,6.21,6,2015,7,
2015-07-05,6.21,6.21,1,2015,7,
2015-07-06,6.21,6.21,4,2015,7,
2015-07-07,6.21,6.21,2,2015,7,
2015-07-08,5.796666666666667,4.97,9,2015,7,
2015-07-09,6.21,6.21,9,2015,7,
2015-07-10,6.21,6.21,10,2015,7,
2015-07-11,6.21,6.21,11,2015,7,
2015-07-12,6.21,6.21,1,2015,7,
2015-07-13,6.21,6.21,3,2015,7,
2015-07-14,6.21,6.21,8,2015,7,
2015-07-15,6.21,6.21,4,2015,7,
2015-07-16,6.21,6.21,5,2015,7,
2015-07-17,6.21,6.21,5,2015,7,
2015-07-18,6.21,6.21,4,2015,7,
2015-07-19,6.21,6.21,1,2015,7,
2015-07-21,6.21,6.21,1,2015,7,
2015-07-24,5.176666666666666,3.11,9,2015,7,
2015-07-25,6.21,6.21,3,2015,7,
2015-07-26,6.21,6.21,1,2015,7,
2015-07-28,6.21,6.21,1,2015,7,
2015-08-01,5.962,4.97,5,2015,8,
2015-08-05,6.21,6.21,1,2015,8,
2015-08-06,6.003333333333333,4.97,6,2015,8,
2015-08-23,6.21,6.21,2,2015,8,
2015-08-25,6.21,6.21,2,2015,8,
2015-09-03,6.21,6.21,1,2015,9,
2015-10-08,6.21,6.21,1,2015,10,
2015-10-11,6.21,6.21,1,2015,10,
2015-10-12,6.21,6.21,2,2015,10,
2015-10-14,6.21,6.21,1,2015,10,
2015-10-15,6.21,6.21,1,2015,10,
2015-10-16,6.21,6.21,3,2015,10,
2015-10-18,6.21,6.21,2,2015,10,
2015-10-21,6.21,6.21,1,2015,10,
2015-10-23,6.21,6.21,2,2015,10,
2015-10-31,1.86,1.86,2,2015,10,
2015-11-03,3.933333333333333,1.24,3,2015,11,2015.0
2015-11-22,6.21,6.21,1,2015,11,2015.0
2015-11-26,6.21,6.21,1,2015,11,2015.0
2015-12-11,0.75,0.75,1,2015,12,2015.0
2015-12-12,1.025,0.81,2,2015,12,2015.0
2015-12-15,1.86,1.86,1,2015,12,2015.0
2015-12-18,1.86,1.86,1,2015,12,2015.0
2015-12-22,0.75,0.75,2,2015,12,2015.0
2015-12-23,0.87,0.87,1,2015,12,2015.0
2015-12-27,0.62,0.62,1,2015,12,2015.0
2015-12-30,1.3225000000000002,0.75,4,2015,12,2015.0
2016-01-05,5.147142857142858,3.73,7,2016,1,2015.0
2016-01-06,5.383333333333333,4.97,3,2016,1,2015.0
2016-01-07,6.21,6.21,2,2016,1,2015.0
2016-01-08,5.59,4.97,4,2016,1,2015.0
2016-01-09,1.1166666666666667,0.87,3,2016,1,2015.0
2016-01-11,4.66,4.35,2,2016,1,2015.0
2016-01-12,5.59,4.97,4,2016,1,2015.0
2016-01-13,1.6533333333333333,1.24,3,2016,1,2015.0
2016-01-17,6.21,6.21,2,2016,1,2015.0
2016-01-18,4.04,3.11,2,2016,1,2015.0
2016-01-19,2.33,2.17,2,2016,1,2015.0
2016-01-20,0.62,0.62,1,2016,1,2015.0
2016-01-22,5.9,4.97,4,2016,1,2015.0
2016-01-23,5.962,4.97,5,2016,1,2015.0
2016-01-24,1.342857142857143,0.93,14,2016,1,2015.0
2016-01-25,1.0133333333333334,0.5,6,2016,1,2015.0
2016-01-26,1.4458333333333335,0.5,12,2016,1,2015.0
2016-01-27,1.5879999999999999,0.5,5,2016,1,2015.0
2016-01-28,0.755,0.37,6,2016,1,2015.0
2016-01-29,1.5333333333333334,0.56,3,2016,1,2015.0
2016-01-31,0.775,0.62,4,2016,1,2015.0
2016-02-01,2.218571428571429,1.86,7,2016,2,2015.0
2016-02-02,2.795,1.86,2,2016,2,2015.0
2016-02-03,2.6845454545454546,1.55,11,2016,2,2015.0
2016-02-04,1.971764705882353,1.24,17,2016,2,2015.0
2016-02-05,2.645,2.49,2,2016,2,2015.0
2016-02-06,0.8266666666666667,0.62,6,2016,2,2015.0
2016-02-07,0.8627272727272728,0.43,11,2016,2,2015.0
2016-02-08,0.9418181818181818,0.62,11,2016,2,2015.0
2016-02-09,1.24,0.93,4,2016,2,2015.0
2016-02-10,4.1433333333333335,2.49,3,2016,2,2015.0
2016-02-11,1.0985714285714285,0.62,7,2016,2,2015.0
2016-02-12,1.779090909090909,0.93,11,2016,2,2015.0
2016-02-13,3.0324999999999998,2.8,4,2016,2,2015.0
2016-02-14,5.796666666666667,4.97,3,2016,2,2015.0
2016-02-15,5.641666666666667,2.8,6,2016,2,2015.0
2016-02-16,5.855714285714286,4.97,7,2016,2,2015.0
2016-02-17,5.745,4.97,8,2016,2,2015.0
2016-02-18,5.589411764705882,1.86,17,2016,2,2015.0
2016-02-19,3.88375,1.86,8,2016,2,2015.0
2016-02-20,1.775,0.75,4,2016,2,2015.0
2016-02-21,1.796,0.62,10,2016,2,2015.0
2016-02-22,0.9600000000000001,0.12,11,2016,2,2015.0
2016-02-23,0.7163636363636363,0.37,11,2016,2,2015.0
2016-02-24,1.4275,0.75,8,2016,2,2015.0
2016-02-25,2.3274999999999997,2.17,4,2016,2,2015.0
2016-02-26,6.21,6.21,1,2016,2,2015.0
2016-02-27,5.8999999999999995,3.73,14,2016,2,2015.0
2016-02-28,4.845999999999999,3.11,5,2016,2,2015.0
2016-02-29,5.796666666666667,4.97,3,2016,2,2015.0
2016-03-01,6.21,6.21,6,2016,3,2015.0
2016-03-02,6.21,6.21,5,2016,3,2015.0
2016-03-03,3.052857142857143,0.62,7,2016,3,2015.0
2016-03-04,2.0683333333333334,1.86,6,2016,3,2015.0
2016-03-05,2.1216666666666666,1.24,6,2016,3,2015.0
2016-03-06,2.6416666666666666,0.93,6,2016,3,2015.0
2016-03-08,5.59,3.73,10,2016,3,2015.0
2016-03-09,6.21,6.21,8,2016,3,2015.0
2016-03-10,6.21,6.21,6,2016,3,2015.0
2016-03-11,6.21,6.21,1,2016,3,2015.0
2016-03-12,6.21,6.21,6,2016,3,2015.0
2016-03-13,6.21,6.21,10,2016,3,2015.0
2016-03-14,6.21,6.21,9,2016,3,2015.0
2016-03-15,6.21,6.21,7,2016,3,2015.0
2016-03-16,6.21,6.21,9,2016,3,2015.0
2016-03-17,6.21,6.21,6,2016,3,2015.0
2016-03-18,5.9,4.97,4,2016,3,2015.0
2016-03-19,6.21,6.21,10,2016,3,2015.0
2016-03-20,5.962,4.97,5,2016,3,2015.0
2016-03-21,6.21,6.21,4,2016,3,2015.0
2016-03-22,5.125,3.11,8,2016,3,2015.0
2016-03-23,5.865555555555556,3.11,9,2016,3,2015.0
2016-03-24,6.21,6.21,4,2016,3,2015.0
2016-03-25,6.21,6.21,8,2016,3,2015.0
2016-03-26,5.176666666666667,3.11,6,2016,3,2015.0
2016-03-27,3.4525,1.24,8,2016,3,2015.0
2016-03-28,2.4883333333333337,2.17,12,2016,3,2015.0
2016-03-29,2.362,2.17,5,2016,3,2015.0
2016-03-30,2.4240000000000004,0.43,5,2016,3,2015.0
2016-03-31,1.0766666666666667,0.62,3,2016,3,2015.0
2016-04-01,0.9385714285714286,0.37,7,2016,4,
2016-04-02,1.328235294117647,0.62,17,2016,4,
2016-04-03,2.75,1.24,13,2016,4,
2016-04-04,5.0216666666666665,2.49,6,2016,4,
2016-04-05,6.21,6.21,12,2016,4,
2016-04-06,6.21,6.21,10,2016,4,
2016-04-07,6.21,6.21,5,2016,4,
2016-04-08,6.21,6.21,7,2016,4,
2016-04-09,6.21,6.21,5,2016,4,
2016-04-10,6.21,6.21,7,2016,4,
2016-04-11,6.21,6.21,11,2016,4,
2016-04-12,6.21,6.21,9,2016,4,
2016-04-13,6.21,6.21,8,2016,4,
2016-04-14,6.21,6.21,4,2016,4,
2016-04-15,6.21,6.21,4,2016,4,
2016-04-16,6.21,6.21,11,2016,4,
2016-04-17,6.21,6.21,6,2016,4,
2016-04-18,6.21,6.21,8,2016,4,
2016-04-19,6.21,6.21,18,2016,4,
2016-04-20,6.21,6.21,15,2016,4,
2016-04-21,5.9,3.11,10,2016,4,
2016-04-22,6.21,6.21,12,2016,4,
2016-04-23,6.21,6.21,10,2016,4,
2016-04-24,5.9715384615384615,3.11,13,2016,4,
2016-04-25,6.21,6.21,19,2016,4,
2016-04-26,6.21,6.21,15,2016,4,
2016-04-27,6.21,6.21,20,2016,4,
2016-04-28,6.072222222222222,4.97,9,2016,4,
2016-04-29,6.21,6.21,14,2016,4,
2016-04-30,4.556666666666667,2.8,12,2016,4,
2016-05-01,4.0842857142857145,3.11,7,2016,5,
2016-05-02,6.21,6.21,14,2016,5,
2016-05-03,6.21,6.21,20,2016,5,
2016-05-04,6.21,6.21,14,2016,5,
2016-05-05,6.21,6.21,18,2016,5,
2016-05-06,6.21,6.21,13,2016,5,
2016-05-07,6.21,6.21,17,2016,5,
2016-05-08,6.21,6.21,12,2016,5,
2016-05-09,6.21,6.21,11,2016,5,
2016-05-10,6.21,6.21,13,2016,5,
2016-05-11,6.21,6.21,8,2016,5,
2016-05-12,6.21,6.21,18,2016,5,
2016-05-13,6.21,6.21,9,2016,5,
2016-05-14,6.21,6.21,7,2016,5,
2016-05-15,6.121428571428572,4.97,14,2016,5,
2016-05-16,6.21,6.21,16,2016,5,
2016-05-17,6.21,6.21,1,2016,5,
2016-05-18,6.003333333333334,4.35,9,2016,5,
2016-05-19,6.21,6.21,19,2016,5,
2016-05-20,6.21,6.21,20,2016,5,
2016-05-21,5.279,1.86,10,2016,5,
2016-05-22,6.21,6.21,11,2016,5,
2016-05-23,6.21,6.21,14,2016,5,
2016-05-24,6.21,6.21,15,2016,5,
2016-05-25,6.21,6.21,19,2016,5,
2016-05-26,6.01625,4.35,16,2016,5,
2016-05-27,6.21,6.21,21,2016,5,
2016-05-28,5.7441666666666675,0.62,12,2016,5,
2016-05-29,6.21,6.21,15,2016,5,
2016-05-30,6.21,6.21,15,2016,5,
2016-05-31,6.1325,4.97,16,2016,5,
2016-06-01,6.21,6.21,16,2016,6,
2016-06-02,6.21,6.21,7,2016,6,
2016-06-03,6.21,6.21,17,2016,6,
2016-06-04,6.21,6.21,13,2016,6,
2016-06-05,6.21,6.21,18,2016,6,
2016-06-06,6.21,6.21,21,2016,6,
2016-06-07,6.21,6.21,14,2016,6,
2016-06-08,6.21,6.21,21,2016,6,
2016-06-09,6.21,6.21,8,2016,6,
2016-06-10,6.21,6.21,14,2016,6,
2016-06-11,6.21,6.21,9,2016,6,
2016-06-12,6.21,6.21,10,2016,6,
2016-06-13,6.21,6.21,9,2016,6,
2016-06-14,6.21,6.21,12,2016,6,
2016-06-15,5.928181818181818,3.11,11,2016,6,
2016-06-16,6.21,6.21,16,2016,6,
2016-06-17,6.21,6.21,13,2016,6,
2016-06-18,6.21,6.21,14,2016,6,
2016-06-19,6.21,6.21,11,2016,6,
2016-06-20,5.634285714285714,2.49,14,2016,6,
2016-06-21,6.21,6.21,4,2016,6,
2016-06-22,6.21,6.21,4,2016,6,
2016-06-23,5.658888888888889,3.11,9,2016,6,
2016-06-24,6.21,6.21,15,2016,6,
2016-06-25,6.21,6.21,9,2016,6,
2016-06-28,6.21,6.21,2,2016,6,
2016-06-29,6.055,4.97,8,2016,6,
2016-06-30,6.21,6.21,8,2016,6,
2016-07-01,6.21,6.21,3,2016,7,
2016-07-02,6.21,6.21,9,2016,7,
2016-07-03,6.21,6.21,9,2016,7,
2016-07-04,6.21,6.21,8,2016,7,
2016-07-05,6.21,6.21,12,2016,7,
2016-07-06,6.21,6.21,6,2016,7,
2016-07-07,6.21,6.21,10,2016,7,
2016-07-08,6.21,6.21,5,2016,7,
2016-07-09,6.21,6.21,6,2016,7,
2016-07-10,6.21,6.21,5,2016,7,
2016-07-11,6.21,6.21,15,2016,7,
2016-07-12,6.21,6.21,5,2016,7,
2016-07-13,6.21,6.21,4,2016,7,
2016-07-14,6.114615384615385,4.97,13,2016,7,
2016-07-15,6.21,6.21,17,2016,7,
2016-07-17,6.21,6.21,8,2016,7,
2016-07-18,6.21,6.21,10,2016,7,
2016-07-19,5.951666666666667,3.11,12,2016,7,
2016-07-20,6.21,6.21,11,2016,7,
2016-07-21,6.21,6.21,8,2016,7,
2016-07-22,6.21,6.21,10,2016,7,
2016-07-23,6.21,6.21,9,2016,7,
2016-07-24,6.21,6.21,19,2016,7,
2016-07-25,6.1066666666666665,4.97,12,2016,7,
2016-07-26,6.21,6.21,15,2016,7,
2016-07-27,6.072222222222222,4.97,9,2016,7,
2016-07-28,6.21,6.21,8,2016,7,
2016-07-29,6.21,6.21,12,2016,7,
2016-07-30,6.21,6.21,9,2016,7,
2016-07-31,6.21,6.21,8,2016,7,
2016-08-01,5.420909090909091,3.11,11,2016,8,
2016-08-02,6.21,6.21,13,2016,8,
2016-08-03,6.21,6.21,5,2016,8,
2016-08-04,6.21,6.21,10,2016,8,
2016-08-05,6.21,6.21,9,2016,8,
2016-08-06,6.21,6.21,13,2016,8,
2016-08-07,6.21,6.21,7,2016,8,
2016-08-08,5.634285714285714,3.11,14,2016,8,
2016-08-09,6.21,6.21,8,2016,8,
2016-08-10,6.21,6.21,12,2016,8,
2016-08-11,4.968333333333333,1.86,6,2016,8,
2016-08-12,6.21,6.21,7,2016,8,
2016-08-13,6.21,6.21,11,2016,8,
2016-08-14,6.21,6.21,19,2016,8,
2016-08-15,5.962,4.97,5,2016,8,
2016-08-16,5.6674999999999995,4.35,8,2016,8,
2016-08-17,6.21,6.21,6,2016,8,
2016-08-18,6.21,6.21,7,2016,8,
2016-08-19,6.21,6.21,13,2016,8,
2016-08-20,6.21,6.21,5,2016,8,
2016-08-21,6.21,6.21,11,2016,8,
2016-08-22,6.032857142857142,4.97,7,2016,8,
2016-08-23,6.21,6.21,15,2016,8,
2016-08-24,6.21,6.21,13,2016,8,
2016-08-25,4.97,3.11,6,2016,8,
2016-08-26,4.9079999999999995,3.11,10,2016,8,
2016-08-27,5.678571428571429,3.73,7,2016,8,
2016-08-29,6.21,6.21,1,2016,8,
2016-08-30,6.21,6.21,1,2016,8,
2016-08-31,6.21,6.21,8,2016,8,
2016-09-01,6.21,6.21,11,2016,9,
2016-09-02,6.21,6.21,10,2016,9,
2016-09-03,6.21,6.21,13,2016,9,
2016-09-04,6.21,6.21,8,2016,9,
2016-09-05,6.21,6.21,6,2016,9,
2016-09-06,6.21,6.21,8,2016,9,
2016-09-07,6.21,6.21,7,2016,9,
2016-09-08,6.21,6.21,6,2016,9,
2016-09-09,6.21,6.21,6,2016,9,
2016-09-10,6.21,6.21,10,2016,9,
2016-09-11,6.21,6.21,7,2016,9,
2016-09-12,5.279999999999999,4.35,4,2016,9,
2016-09-13,6.21,6.21,6,2016,9,
2016-09-14,6.100588235294118,4.35,17,2016,9,
2016-09-15,6.21,6.21,7,2016,9,
2016-09-16,6.21,6.21,6,2016,9,
2016-09-28,5.032,2.8,5,2016,9,
2016-09-29,6.21,6.21,16,2016,9,
2016-09-30,6.21,6.21,9,2016,9,
2016-10-01,6.21,6.21,13,2016,10,
2016-10-02,5.507333333333333,2.49,15,2016,10,
2016-10-03,6.1325,4.97,16,2016,10,
2016-10-04,5.218,3.73,15,2016,10,
2016-10-05,5.59,4.97,2,2016,10,
2016-10-06,2.876153846153846,0.62,13,2016,10,
2016-10-07,4.556666666666667,3.11,6,2016,10,
2016-10-08,6.032857142857142,4.97,7,2016,10,
2016-10-09,6.21,6.21,20,2016,10,
2016-10-10,5.796666666666667,4.97,6,2016,10,
2016-10-11,5.796666666666667,4.97,6,2016,10,
2016-10-12,6.066923076923077,4.35,13,2016,10,
2016-10-13,6.21,6.21,12,2016,10,
2016-10-14,6.121428571428572,4.97,14,2016,10,
2016-10-15,6.21,6.21,19,2016,10,
2016-10-16,6.072222222222222,4.97,9,2016,10,
2016-10-17,2.4210000000000003,1.24,10,2016,10,
2016-10-18,1.2563157894736843,0.62,19,2016,10,
2016-10-19,2.3844444444444446,1.86,18,2016,10,
2016-10-20,2.8666666666666667,1.24,9,2016,10,
2016-10-21,2.5416666666666665,2.49,6,2016,10,
2016-10-22,6.21,6.21,7,2016,10,
2016-10-23,5.944285714285714,4.97,14,2016,10,
2016-10-24,3.73,3.73,2,2016,10,
2016-10-25,2.02,1.24,4,2016,10,
2016-10-26,1.8633333333333333,0.62,3,2016,10,
2016-10-28,4.35,2.49,2,2016,10,
2016-10-29,6.21,6.21,1,2016,10,
2016-10-30,6.21,6.21,2,2016,10,
2016-10-31,6.21,6.21,5,2016,10,
2016-11-01,6.21,6.21,4,2016,11,2016.0
2016-11-02,5.59,4.97,2,2016,11,2016.0
2016-11-03,1.55,1.55,1,2016,11,2016.0
2016-11-04,1.8619999999999999,0.5,15,2016,11,2016.0
2016-11-05,1.3042857142857145,0.31,7,2016,11,2016.0
2016-11-06,1.8818181818181818,0.5,11,2016,11,2016.0
2016-11-07,1.8811764705882352,0.93,17,2016,11,2016.0
2016-11-08,2.68125,2.17,8,2016,11,2016.0
2016-11-09,5.8999999999999995,3.73,12,2016,11,2016.0
2016-11-10,6.21,6.21,16,2016,11,2016.0
2016-11-11,3.9923076923076923,2.49,13,2016,11,2016.0
2016-11-12,2.5733333333333333,1.55,21,2016,11,2016.0
2016-11-13,3.5925000000000002,1.86,16,2016,11,2016.0
2016-11-14,6.21,6.21,2,2016,11,2016.0
2016-11-17,2.6399999999999997,2.17,2,2016,11,2016.0
2016-11-19,6.21,6.21,6,2016,11,2016.0
2016-11-20,5.796666666666667,4.97,3,2016,11,2016.0
2016-11-21,6.21,6.21,2,2016,11,2016.0
2016-11-22,4.66,4.35,2,2016,11,2016.0
2016-11-23,5.59,4.35,5,2016,11,2016.0
2016-11-24,3.11,3.11,1,2016,11,2016.0
2016-11-26,5.59,4.35,5,2016,11,2016.0
2016-11-27,6.21,6.21,1,2016,11,2016.0
2016-11-29,6.21,6.21,2,2016,11,2016.0
2016-11-30,6.21,6.21,3,2016,11,2016.0
2016-12-01,6.21,6.21,3,2016,12,2016.0
2016-12-02,0.62,0.62,1,2016,12,2016.0
2016-12-04,4.35,4.35,1,2016,12,2016.0
2016-12-06,6.21,6.21,2,2016,12,2016.0
2016-12-07,2.485,2.17,2,2016,12,2016.0
2016-12-08,3.57,0.93,2,2016,12,2016.0
2016-12-09,6.21,6.21,1,2016,12,2016.0
2016-12-10,6.21,6.21,3,2016,12,2016.0
2016-12-12,3.885,2.8,2,2016,12,2016.0
2016-12-13,6.21,6.21,3,2016,12,2016.0
2016-12-14,3.11,3.11,1,2016,12,2016.0
2016-12-18,5.796666666666667,4.97,3,2016,12,2016.0
2016-12-19,2.49,2.49,1,2016,12,2016.0
2016-12-20,0.9924999999999999,0.56,4,2016,12,2016.0
2016-12-21,2.4866666666666664,1.55,3,2016,12,2016.0
2016-12-22,4.66,3.11,2,2016,12,2016.0
2016-12-23,6.21,6.21,4,2016,12,2016.0
2016-12-24,1.24,1.24,1,2016,12,2016.0
2016-12-25,0.31,0.31,2,2016,12,2016.0
2016-12-26,0.4,0.37,2,2016,12,2016.0
2016-12-28,0.43571428571428567,0.31,7,2016,12,2016.0
2016-12-29,2.3628571428571425,0.5,14,2016,12,2016.0
2016-12-30,2.897777777777778,1.55,9,2016,12,2016.0
2016-12-31,3.73,2.49,3,2016,12,2016.0
2017-01-01,6.21,6.21,1,2017,1,2016.0
2017-01-04,3.73,3.73,1,2017,1,2016.0
2017-01-05,0.46499999999999997,0.31,2,2017,1,2016.0
2017-01-07,6.21,6.21,1,2017,1,2016.0
2017-01-10,6.21,6.21,1,2017,1,2016.0
2017-01-11,1.24,1.24,1,2017,1,2016.0
2017-01-12,3.11,3.11,1,2017,1,2016.0
2017-01-14,6.21,6.21,1,2017,1,2016.0
2017-01-15,6.21,6.21,1,2017,1,2016.0
2017-01-17,1.24,1.24,1,2017,1,2016.0
2017-01-18,3.73,3.73,1,2017,1,2016.0
2017-01-19,5.1225000000000005,1.86,4,2017,1,2016.0
2017-01-21,6.21,6.21,2,2017,1,2016.0
2017-01-24,6.21,6.21,1,2017,1,2016.0
2017-01-26,0.62,0.62,1,2017,1,2016.0
2017-01-28,0.93,0.93,1,2017,1,2016.0
2017-02-22,2.6399999999999997,2.61,2,2017,2,2016.0
2017-03-15,6.21,6.21,6,2017,3,2016.0
2017-03-16,6.21,6.21,2,2017,3,2016.0
2017-03-17,6.21,6.21,4,2017,3,2016.0
2017-03-18,6.21,6.21,3,2017,3,2016.0
2017-03-19,3.206666666666667,1.55,3,2017,3,2016.0
2017-03-23,6.21,6.21,2,2017,3,2016.0
2017-03-25,6.21,6.21,1,2017,3,2016.0
2017-03-26,6.21,6.21,1,2017,3,2016.0
2017-03-27,1.86,1.86,2,2017,3,2016.0
2017-03-28,5.176666666666667,4.35,3,2017,3,2016.0
2017-03-29,6.21,6.21,2,2017,3,2016.0
2017-03-30,6.21,6.21,1,2017,3,2016.0
2017-03-31,6.21,6.21,1,2017,3,2016.0
2017-04-01,3.73,3.73,1,2017,4,
2017-04-02,0.4766666666666666,0.43,3,2017,4,
2017-04-03,1.505,0.75,4,2017,4,
2017-04-04,6.21,6.21,4,2017,4,
2017-04-05,6.21,6.21,4,2017,4,
2017-04-06,6.21,6.21,1,2017,4,
2017-04-07,3.978,3.73,5,2017,4,
2017-04-10,6.21,6.21,5,2017,4,
2017-04-11,6.21,6.21,1,2017,4,
2017-04-12,6.21,6.21,2,2017,4,
2017-04-13,2.8,2.8,1,2017,4,
2017-04-27,6.21,6.21,3,2017,4,
2017-04-30,6.21,6.21,1,2017,4,
2017-05-02,6.21,6.21,3,2017,5,
2017-05-03,6.21,6.21,1,2017,5,
2017-05-09,6.21,6.21,1,2017,5,
2017-05-17,6.21,6.21,4,2017,5,
2017-05-18,6.21,6.21,3,2017,5,
2017-05-22,6.21,6.21,4,2017,5,
2017-05-23,5.59,4.97,2,2017,5,
2017-05-24,6.21,6.21,3,2017,5,
2017-05-25,6.032857142857142,4.97,7,2017,5,
2017-05-26,6.21,6.21,10,2017,5,
2017-05-27,6.21,6.21,5,2017,5,
2017-05-28,6.21,6.21,3,2017,5,
2017-05-29,6.21,6.21,2,2017,5,
2017-05-30,6.21,6.21,3,2017,5,
2017-05-31,6.21,6.21,8,2017,5,
2017-06-01,6.21,6.21,7,2017,6,
2017-06-02,6.21,6.21,2,2017,6,
2017-06-03,6.21,6.21,1,2017,6,
2017-06-04,6.21,6.21,3,2017,6,
2017-06-05,6.21,6.21,9,2017,6,
2017-06-06,6.21,6.21,6,2017,6,
2017-06-07,6.21,6.21,1,2017,6,
2017-06-08,6.21,6.21,6,2017,6,
2017-06-09,6.21,6.21,6,2017,6,
2017-06-10,6.21,6.21,4,2017,6,
2017-06-11,6.21,6.21,1,2017,6,
2017-06-12,6.21,6.21,2,2017,6,
2017-06-14,6.21,6.21,1,2017,6,
2017-06-15,6.21,6.21,2,2017,6,
2017-06-16,6.21,6.21,3,2017,6,
2017-06-19,6.21,6.21,4,2017,6,
2017-06-23,6.21,6.21,3,2017,6,
2017-06-25,6.21,6.21,3,2017,6,
2017-06-26,6.21,6.21,2,2017,6,
2017-06-28,6.21,6.21,2,2017,6,
2017-06-29,6.21,6.21,2,2017,6,
2017-06-30,6.21,6.21,1,2017,6,
2017-07-03,6.21,6.21,1,2017,7,
2017-07-05,6.21,6.21,1,2017,7,
2017-07-09,6.21,6.21,1,2017,7,
2017-07-10,6.21,6.21,1,2017,7,
2017-07-11,6.21,6.21,1,2017,7,
2017-07-15,6.21,6.21,1,2017,7,
2017-07-16,6.21,6.21,2,2017,7,
2017-07-18,6.21,6.21,1,2017,7,
2017-07-19,4.97,4.97,1,2017,7,
2017-07-23,6.21,6.21,1,2017,7,
2017-07-24,6.21,6.21,1,2017,7,
2017-07-26,6.21,6.21,3,2017,7,
2017-08-01,6.21,6.21,2,2017,8,
2017-08-08,6.21,6.21,2,2017,8,
2017-08-09,5.279999999999999,2.8,5,2017,8,
2017-08-10,5.448181818181818,1.55,11,2017,8,
2017-08-11,6.114615384615385,4.97,13,2017,8,
2017-08-12,6.21,6.21,13,2017,8,
2017-08-13,6.21,6.21,6,2017,8,
2017-08-14,6.21,6.21,3,2017,8,
2017-08-16,6.21,6.21,4,2017,8,
2017-08-17,6.21,6.21,10,2017,8,
2017-08-18,6.21,6.21,10,2017,8,
2017-08-19,6.21,6.21,3,2017,8,
2017-08-20,6.21,6.21,11,2017,8,
2017-08-21,5.848333333333333,4.35,12,2017,8,
2017-08-22,6.072222222222222,4.97,9,2017,8,
2017-08-23,6.21,6.21,4,2017,8,
2017-08-24,6.21,6.21,15,2017,8,
2017-08-25,6.21,6.21,10,2017,8,
2017-08-26,6.21,6.21,11,2017,8,
2017-08-27,6.21,6.21,14,2017,8,
2017-08-28,6.21,6.21,17,2017,8,
2017-08-29,6.21,6.21,11,2017,8,
2017-08-30,5.31875,2.8,8,2017,8,
2017-08-31,6.21,6.21,12,2017,8,
2017-09-01,6.21,6.21,8,2017,9,
2017-09-02,6.21,6.21,7,2017,9,
2017-09-03,6.21,6.21,12,2017,9,
2017-09-04,5.181052631578948,0.31,19,2017,9,
2017-09-05,6.21,6.21,18,2017,9,
2017-09-06,6.21,6.21,11,2017,9,
2017-09-07,5.776,4.35,10,2017,9,
2017-09-08,6.21,6.21,12,2017,9,
2017-09-09,6.21,6.21,13,2017,9,
2017-09-10,6.21,6.21,10,2017,9,
2017-09-11,5.9,4.97,8,2017,9,
2017-09-12,6.21,6.21,7,2017,9,
2017-09-13,5.962,4.97,10,2017,9,
2017-09-14,6.21,6.21,13,2017,9,
2017-09-15,6.21,6.21,7,2017,9,
2017-09-17,6.21,6.21,1,2017,9,
2017-09-18,6.21,6.21,5,2017,9,
2017-09-19,6.21,6.21,19,2017,9,
2017-09-20,6.0142105263157895,3.73,19,2017,9,
2017-09-21,5.641666666666667,4.35,12,2017,9,
2017-09-22,6.21,6.21,14,2017,9,
2017-09-23,6.21,6.21,11,2017,9,
2017-09-24,6.21,6.21,10,2017,9,
2017-09-25,6.21,6.21,12,2017,9,
2017-09-26,6.21,6.21,18,2017,9,
2017-09-27,6.21,6.21,15,2017,9,
2017-09-28,6.21,6.21,17,2017,9,
2017-09-29,6.21,6.21,16,2017,9,
2017-09-30,5.383333333333333,4.35,12,2017,9,
2017-10-01,6.114615384615385,4.97,13,2017,10,
2017-10-02,6.1325,4.97,16,2017,10,
2017-10-03,6.21,6.21,20,2017,10,
2017-10-04,6.21,6.21,17,2017,10,
2017-10-05,5.5125,3.11,8,2017,10,
2017-10-06,6.097272727272727,4.97,11,2017,10,
2017-10-07,6.21,6.21,12,2017,10,
2017-10-08,6.21,6.21,15,2017,10,
2017-10-09,6.21,6.21,9,2017,10,
2017-10-10,6.21,6.21,9,2017,10,
2017-10-11,5.452222222222222,3.11,9,2017,10,
2017-10-12,5.59,3.73,12,2017,10,
2017-10-13,3.391818181818182,2.49,11,2017,10,
2017-10-14,2.8737500000000002,0.93,16,2017,10,
2017-10-15,2.3575,1.55,12,2017,10,
2017-10-16,2.5733333333333333,0.56,12,2017,10,
2017-10-17,1.9800000000000002,0.62,12,2017,10,
2017-10-18,5.0216666666666665,4.35,12,2017,10,
2017-10-19,5.811428571428571,4.35,14,2017,10,
2017-10-20,5.28,2.49,16,2017,10,
2017-10-21,5.279999999999999,3.73,20,2017,10,
2017-10-22,5.279999999999999,4.35,2,2017,10,
2017-10-23,6.097272727272727,4.97,11,2017,10,
2017-10-24,6.032857142857142,4.97,14,2017,10,
2017-10-25,6.21,6.21,2,2017,10,
2017-10-26,6.097272727272727,4.97,11,2017,10,
2017-10-27,3.44,1.86,13,2017,10,
2017-10-28,1.4447058823529413,0.56,17,2017,10,
2017-10-29,0.956,0.5,15,2017,10,
2017-10-30,3.3833333333333333,1.86,9,2017,10,
2017-10-31,4.401666666666666,3.11,12,2017,10,
2017-11-01,6.21,6.21,6,2017,11,2017.0
2017-11-06,4.66,4.35,2,2017,11,2017.0
2017-11-07,6.1066666666666665,4.97,12,2017,11,2017.0
2017-11-08,5.294761904761905,3.11,21,2017,11,2017.0
2017-11-09,4.967142857142858,1.86,7,2017,11,2017.0
2017-11-10,1.8609090909090908,1.24,11,2017,11,2017.0
2017-11-11,4.258571428571428,1.86,7,2017,11,2017.0
2017-11-12,5.28,2.49,4,2017,11,2017.0
2017-11-13,5.278125,1.55,16,2017,11,2017.0
2017-11-14,6.032857142857142,4.97,7,2017,11,2017.0
2017-11-15,5.542307692307692,2.49,13,2017,11,2017.0
2017-11-16,5.8133333333333335,1.55,18,2017,11,2017.0
2017-11-17,5.6674999999999995,3.73,16,2017,11,2017.0
2017-11-18,5.424666666666667,3.11,15,2017,11,2017.0
2017-11-19,5.486666666666667,4.35,12,2017,11,2017.0
2017-11-20,3.9957142857142856,2.49,7,2017,11,2017.0
2017-11-21,5.24125,3.11,16,2017,11,2017.0
2017-11-22,2.6653846153846152,0.75,13,2017,11,2017.0
2017-11-23,2.1514285714285717,1.55,14,2017,11,2017.0
2017-11-24,1.7566666666666668,0.62,18,2017,11,2017.0
2017-11-25,4.04,2.49,9,2017,11,2017.0
2017-11-26,5.714,3.73,20,2017,11,2017.0
2017-11-27,3.8591666666666664,2.49,12,2017,11,2017.0
2017-11-28,5.8999999999999995,4.97,12,2017,11,2017.0
2017-11-29,6.1273333333333335,4.97,15,2017,11,2017.0
2017-11-30,5.855714285714286,4.97,7,2017,11,2017.0
2017-12-01,5.944285714285714,4.35,14,2017,12,2017.0
2017-12-02,6.141111111111111,4.97,18,2017,12,2017.0
2017-12-03,6.21,6.21,14,2017,12,2017.0
2017-12-04,6.21,6.21,18,2017,12,2017.0
2017-12-05,5.702727272727272,3.73,11,2017,12,2017.0
2017-12-06,3.6076923076923078,1.55,13,2017,12,2017.0
2017-12-07,1.5890476190476188,0.19,21,2017,12,2017.0
2017-12-08,0.3433333333333333,0.19,18,2017,12,2017.0
2017-12-09,0.6545454545454545,0.31,11,2017,12,2017.0
2017-12-10,5.038888888888889,3.73,9,2017,12,2017.0
2017-12-11,5.776,4.35,20,2017,12,2017.0
2017-12-12,5.855714285714286,4.97,14,2017,12,2017.0
2017-12-13,6.21,6.21,11,2017,12,2017.0
2017-12-14,4.792857142857143,2.49,7,2017,12,2017.0
2017-12-15,2.9588235294117644,1.24,17,2017,12,2017.0
2017-12-16,1.2786666666666666,0.56,15,2017,12,2017.0
2017-12-17,1.6484615384615384,0.62,13,2017,12,2017.0
2017-12-18,4.152727272727272,2.49,11,2017,12,2017.0
2017-12-19,3.8075,3.11,8,2017,12,2017.0
2017-12-20,4.97,3.73,2,2017,12,2017.0
2017-12-21,4.9990000000000006,0.93,10,2017,12,2017.0
2017-12-22,5.399230769230769,3.11,13,2017,12,2017.0
2017-12-23,2.9085714285714284,1.55,14,2017,12,2017.0
2017-12-24,1.3178571428571428,0.62,14,2017,12,2017.0
2017-12-25,1.23,0.19,9,2017,12,2017.0
2017-12-26,0.4766666666666667,0.12,15,2017,12,2017.0
2017-12-27,0.7671428571428571,0.43,14,2017,12,2017.0
2017-12-28,2.328333333333333,0.93,6,2017,12,2017.0
2017-12-29,6.21,6.21,15,2017,12,2017.0
2017-12-30,6.141111111111111,4.97,18,2017,12,2017.0
2017-12-31,4.970000000000001,3.73,10,2017,12,2017.0
2018-01-01,0.8357142857142856,0.19,14,2018,1,2017.0
2018-01-02,0.47250000000000003,0.25,8,2018,1,2017.0
2018-01-03,1.933125,0.62,16,2018,1,2017.0
2018-01-04,3.3962499999999998,0.93,16,2018,1,2017.0
2018-01-05,1.5766666666666669,0.37,12,2018,1,2017.0
2018-01-06,2.1333333333333333,0.93,15,2018,1,2017.0
2018-01-07,5.828461538461538,3.73,13,2018,1,2017.0
2018-01-08,6.003333333333333,4.97,6,2018,1,2017.0
2018-01-09,5.9,4.97,8,2018,1,2017.0
2018-01-10,4.826923076923077,3.11,13,2018,1,2017.0
2018-01-11,4.846,3.11,5,2018,1,2017.0
2018-01-12,5.658888888888889,4.97,9,2018,1,2017.0
2018-01-13,3.9366666666666665,2.49,9,2018,1,2017.0
2018-01-14,4.66,4.35,4,2018,1,2017.0
2018-01-15,0.6485714285714286,0.31,7,2018,1,2017.0
2018-01-16,0.8207692307692308,0.25,13,2018,1,2017.0
2018-01-17,1.573636363636364,0.62,11,2018,1,2017.0
2018-01-18,3.0759999999999996,1.55,10,2018,1,2017.0
2018-01-19,4.287999999999999,3.73,10,2018,1,2017.0
2018-01-20,4.763333333333333,4.35,9,2018,1,2017.0
2018-01-21,5.56047619047619,3.73,21,2018,1,2017.0
2018-01-22,5.944285714285714,4.35,7,2018,1,2017.0
2018-01-23,1.22875,0.75,8,2018,1,2017.0
2018-01-24,1.8866666666666667,0.62,6,2018,1,2017.0
2018-01-25,3.5699999999999994,1.86,9,2018,1,2017.0
2018-01-26,1.855,0.43,20,2018,1,2017.0
2018-01-27,1.6164285714285713,0.56,14,2018,1,2017.0
2018-01-28,1.286923076923077,0.43,13,2018,1,2017.0
2018-01-29,0.375,0.25,4,2018,1,2017.0
2018-01-30,1.781666666666667,0.75,6,2018,1,2017.0
2018-01-31,1.86,1.86,1,2018,1,2017.0
2018-02-01,1.06375,0.5,8,2018,2,2017.0
2018-02-02,1.176,0.5,20,2018,2,2017.0
2018-02-03,3.6665,1.86,20,2018,2,2017.0
2018-02-04,5.367857142857143,1.86,14,2018,2,2017.0
2018-02-05,5.342,3.73,15,2018,2,2017.0
2018-02-06,6.21,6.21,12,2018,2,2017.0
2018-02-07,5.9,4.35,22,2018,2,2017.0
2018-02-08,6.21,6.21,14,2018,2,2017.0
2018-02-09,5.6925,1.86,12,2018,2,2017.0
2018-02-10,6.21,6.21,18,2018,2,2017.0
2018-02-11,6.21,6.21,13,2018,2,2017.0
2018-02-12,6.21,6.21,6,2018,2,2017.0
2018-02-13,6.21,6.21,8,2018,2,2017.0
2018-02-14,6.21,6.21,14,2018,2,2017.0
2018-02-15,2.5253333333333337,0.93,15,2018,2,2017.0
2018-02-16,6.21,6.21,2,2018,2,2017.0
2018-02-17,2.4341176470588235,0.5,17,2018,2,2017.0
2018-02-18,1.03125,0.25,8,2018,2,2017.0
2018-02-19,3.3855555555555554,3.11,9,2018,2,2017.0
2018-02-20,3.5285714285714285,1.86,14,2018,2,2017.0
2018-02-21,3.852,1.86,15,2018,2,2017.0
2018-02-22,4.091666666666666,3.11,12,2018,2,2017.0
2018-02-23,5.0200000000000005,1.86,12,2018,2,2017.0
2018-02-24,6.21,6.21,19,2018,2,2017.0
2018-02-25,6.21,6.21,11,2018,2,2017.0
2018-02-26,6.1066666666666665,4.97,12,2018,2,2017.0
2018-02-27,6.21,6.21,20,2018,2,2017.0
2018-02-28,6.21,6.21,17,2018,2,2017.0
2018-03-01,6.141111111111111,4.97,18,2018,3,2017.0
2018-03-02,6.21,6.21,17,2018,3,2017.0
2018-03-03,6.1370588235294115,4.97,17,2018,3,2017.0
2018-03-04,6.21,6.21,12,2018,3,2017.0
2018-03-05,5.498235294117647,2.17,17,2018,3,2017.0
2018-03-06,5.755333333333334,3.11,15,2018,3,2017.0
2018-03-07,5.634285714285714,2.49,14,2018,3,2017.0
2018-03-08,5.2170000000000005,1.86,20,2018,3,2017.0
2018-03-09,5.918235294117647,3.73,17,2018,3,2017.0
2018-03-10,5.678571428571429,2.49,21,2018,3,2017.0
2018-03-11,5.847777777777778,1.55,18,2018,3,2017.0
2018-03-12,5.5125,3.11,16,2018,3,2017.0
2018-03-13,4.457,1.55,20,2018,3,2017.0
2018-03-14,5.762222222222222,4.35,18,2018,3,2017.0
2018-03-15,6.141111111111111,4.97,18,2018,3,2017.0
2018-03-16,6.09375,4.35,16,2018,3,2017.0
2018-03-17,5.984545454545454,3.73,11,2018,3,2017.0
2018-03-18,6.003333333333334,4.97,18,2018,3,2017.0
2018-03-19,5.796666666666667,3.73,21,2018,3,2017.0
2018-03-20,6.21,6.21,8,2018,3,2017.0
2018-03-21,6.21,6.21,16,2018,3,2017.0
2018-03-22,5.208461538461538,3.11,13,2018,3,2017.0
2018-03-23,3.4006250000000002,2.49,16,2018,3,2017.0
2018-03-24,2.4066666666666667,1.24,12,2018,3,2017.0
2018-03-25,3.0893333333333333,2.49,15,2018,3,2017.0
2018-03-26,2.1910526315789474,1.24,19,2018,3,2017.0
2018-03-27,5.084210526315789,2.8,19,2018,3,2017.0
2018-03-28,4.907500000000001,1.86,20,2018,3,2017.0
2018-03-29,1.2100000000000002,0.43,19,2018,3,2017.0
2018-03-30,0.635,0.19,16,2018,3,2017.0
2018-03-31,0.641,0.5,20,2018,3,2017.0
2018-04-01,2.2873684210526317,1.68,19,2018,4,
2018-04-02,3.7676923076923075,2.98,13,2018,4,
2018-04-03,6.055,3.73,16,2018,4,
2018-04-04,4.092941176470588,1.55,17,2018,4,
2018-04-05,4.305714285714286,3.11,14,2018,4,
2018-04-06,3.874,2.17,15,2018,4,
2018-04-07,5.59,3.11,5,2018,4,
2018-04-09,3.73,3.73,1,2018,4,
2018-04-10,5.465999999999999,4.97,10,2018,4,
2018-04-11,6.21,6.21,21,2018,4,
2018-04-12,5.624444444444444,4.35,18,2018,4,
2018-04-13,6.21,6.21,9,2018,4,
2018-04-14,6.114615384615385,4.97,13,2018,4,
2018-04-15,6.21,6.21,17,2018,4,
2018-04-16,5.383333333333334,4.35,15,2018,4,
2018-04-17,6.21,6.21,16,2018,4,
2018-04-18,5.934444444444444,4.35,18,2018,4,
2018-04-19,5.984545454545454,4.97,22,2018,4,
2018-04-20,5.674545454545455,4.35,22,2018,4,
2018-04-21,6.0142105263157895,4.35,19,2018,4,
2018-04-22,6.21,6.21,21,2018,4,
2018-04-23,5.383333333333333,3.11,12,2018,4,
2018-04-24,6.062380952380953,4.35,21,2018,4,
2018-04-25,6.1370588235294115,4.97,17,2018,4,
2018-04-26,6.077142857142857,4.35,14,2018,4,
2018-04-27,6.0142105263157895,4.97,19,2018,4,
2018-04-28,6.21,6.21,15,2018,4,
2018-04-29,6.091904761904762,4.97,21,2018,4,
2018-04-30,6.21,6.21,18,2018,4,
2018-05-01,6.21,6.21,17,2018,5,
2018-05-02,6.21,6.21,15,2018,5,
2018-05-03,6.21,6.21,19,2018,5,
2018-05-04,6.21,6.21,22,2018,5,
2018-05-05,6.21,6.21,22,2018,5,
2018-05-06,6.21,6.21,18,2018,5,
2018-05-07,6.21,6.21,19,2018,5,
2018-05-08,6.21,6.21,16,2018,5,
2018-05-09,6.21,6.21,18,2018,5,
2018-05-10,5.589411764705882,1.86,17,2018,5,
2018-05-11,6.21,6.21,17,2018,5,
2018-05-12,5.8999999999999995,4.35,12,2018,5,
2018-05-13,6.21,6.21,18,2018,5,
2018-05-14,5.766666666666667,1.86,21,2018,5,
2018-05-15,5.239565217391304,4.35,23,2018,5,
2018-05-16,5.934444444444444,4.35,18,2018,5,
2018-05-17,6.21,6.21,18,2018,5,
2018-05-18,6.046842105263158,3.11,19,2018,5,
2018-05-19,5.993,4.35,20,2018,5,
2018-05-20,6.21,6.21,22,2018,5,
2018-05-21,6.21,6.21,19,2018,5,
2018-05-22,6.21,6.21,17,2018,5,
2018-05-23,6.21,6.21,18,2018,5,
2018-05-24,5.885238095238096,4.35,21,2018,5,
2018-05-25,6.21,6.21,17,2018,5,
2018-05-26,6.21,6.21,16,2018,5,
2018-05-27,6.064117647058824,4.97,17,2018,5,
2018-05-28,6.21,6.21,20,2018,5,
2018-05-29,6.21,6.21,15,2018,5,
2018-05-30,6.21,6.21,19,2018,5,
2018-05-31,6.21,6.21,7,2018,5,
2018-06-01,6.21,6.21,16,2018,6,
2018-06-02,6.21,6.21,21,2018,6,
2018-06-03,6.21,6.21,15,2018,6,
2018-06-04,6.21,6.21,22,2018,6,
2018-06-05,6.032857142857142,4.97,14,2018,6,
2018-06-06,6.21,6.21,13,2018,6,
2018-06-07,6.21,6.21,11,2018,6,
2018-06-08,5.837999999999999,4.35,5,2018,6,
2018-06-09,6.21,6.21,20,2018,6,
2018-06-10,6.21,6.21,17,2018,6,
2018-06-11,5.789999999999999,0.93,17,2018,6,
2018-06-17,6.21,6.21,14,2018,6,
2018-06-18,6.21,6.21,18,2018,6,
2018-06-19,6.21,6.21,17,2018,6,
2018-06-20,6.21,6.21,20,2018,6,
2018-06-21,6.21,6.21,19,2018,6,
2018-06-22,6.21,6.21,15,2018,6,
2018-06-23,5.916315789473684,3.11,19,2018,6,
2018-06-24,6.21,6.21,17,2018,6,
2018-06-25,5.934444444444444,4.97,18,2018,6,
2018-06-26,6.121428571428572,4.97,14,2018,6,
2018-06-27,6.077142857142857,4.35,14,2018,6,
2018-06-28,6.003333333333334,3.11,24,2018,6,
2018-06-29,5.843181818181819,1.86,22,2018,6,
2018-06-30,6.003333333333333,3.11,15,2018,6,
2018-07-01,5.680588235294117,2.17,17,2018,7,
2018-07-02,6.21,6.21,15,2018,7,
2018-07-03,6.21,6.21,12,2018,7,
2018-07-04,6.21,6.21,13,2018,7,
2018-07-05,5.988571428571428,3.11,14,2018,7,
2018-07-06,6.21,6.21,15,2018,7,
2018-07-07,6.1370588235294115,4.97,17,2018,7,
2018-07-08,6.21,6.21,18,2018,7,
2018-07-09,6.21,6.21,17,2018,7,
2018-07-10,6.21,6.21,20,2018,7,
2018-07-11,6.210000000000001,6.21,23,2018,7,
2018-07-12,6.055,4.97,16,2018,7,
2018-07-13,6.21,6.21,12,2018,7,
2018-07-14,6.21,6.21,19,2018,7,
2018-07-15,6.21,6.21,16,2018,7,
2018-07-16,5.883157894736843,1.86,19,2018,7,
2018-07-17,6.156086956521739,4.97,23,2018,7,
2018-07-18,6.21,6.21,21,2018,7,
2018-07-19,6.1370588235294115,4.97,17,2018,7,
2018-07-20,6.156086956521739,4.97,23,2018,7,
2018-07-21,6.210000000000001,6.21,23,2018,7,
2018-07-22,6.210000000000001,6.21,23,2018,7,
2018-07-23,5.78578947368421,4.35,19,2018,7,
2018-07-24,6.153636363636363,4.97,22,2018,7,
2018-07-25,6.066923076923077,4.35,13,2018,7,
2018-07-26,6.21,6.21,22,2018,7,
2018-07-27,6.1370588235294115,4.97,17,2018,7,
2018-07-28,5.662941176470588,4.35,17,2018,7,
2018-07-29,6.21,6.21,22,2018,7,
2018-07-30,5.9775,4.97,16,2018,7,
2018-07-31,6.21,6.21,16,2018,7,
2018-08-01,5.9775,4.97,16,2018,8,
2018-08-02,5.984545454545454,4.97,11,2018,8,
2018-08-03,6.144736842105263,4.97,19,2018,8,
2018-08-04,6.21,6.21,18,2018,8,
2018-08-05,6.21,6.21,20,2018,8,
2018-08-06,6.21,6.21,20,2018,8,
2018-08-07,6.21,6.21,22,2018,8,
2018-08-08,6.21,6.21,21,2018,8,
2018-08-09,5.655263157894737,3.73,19,2018,8,
2018-08-10,6.21,6.21,21,2018,8,
2018-08-11,6.15095238095238,4.97,21,2018,8,
2018-08-12,6.091904761904762,4.97,21,2018,8,
2018-08-13,6.21,6.21,21,2018,8,
2018-08-14,6.21,6.21,19,2018,8,
2018-08-15,6.21,6.21,22,2018,8,
2018-08-16,6.21,6.21,22,2018,8,
2018-08-17,5.8311111111111105,3.73,18,2018,8,
2018-08-18,6.21,6.21,11,2018,8,
2018-08-19,6.148,4.97,20,2018,8,
2018-08-20,5.962,3.73,20,2018,8,
2018-08-21,6.086,3.73,20,2018,8,
2018-08-22,5.073333333333333,2.49,18,2018,8,
2018-08-23,6.21,6.21,16,2018,8,
2018-08-24,5.916666666666667,0.93,18,2018,8,
2018-08-25,6.21,6.21,22,2018,8,
2018-08-26,5.984545454545454,3.73,22,2018,8,
2018-08-27,6.21,6.21,19,2018,8,
2018-08-28,6.21,6.21,17,2018,8,
2018-08-29,6.21,6.21,20,2018,8,
2018-08-30,6.21,6.21,16,2018,8,
2018-08-31,5.931,2.49,20,2018,8,
2018-09-01,6.21,6.21,16,2018,9,
2018-09-02,5.967391304347826,3.73,23,2018,9,
2018-09-03,5.5618181818181816,3.11,22,2018,9,
2018-09-04,5.962,4.35,15,2018,9,
2018-09-05,5.693333333333333,3.11,18,2018,9,
2018-09-06,6.21,6.21,7,2018,9,
2018-09-07,6.21,6.21,19,2018,9,
2018-09-08,6.055,4.35,12,2018,9,
2018-09-09,5.944285714285714,4.35,7,2018,9,
2018-09-10,4.782,1.86,10,2018,9,
2018-09-11,5.590000000000001,3.73,7,2018,9,
2018-09-12,5.828461538461538,3.11,13,2018,9,
2018-09-13,6.125454545454545,4.35,22,2018,9,
2018-09-14,5.865555555555556,4.97,18,2018,9,
2018-09-15,6.21,6.21,24,2018,9,
2018-09-16,6.21,6.21,24,2018,9,
2018-09-17,6.21,6.21,20,2018,9,
2018-09-18,5.993,4.35,20,2018,9,
2018-09-19,6.1066666666666665,4.97,12,2018,9,
2018-09-20,5.435,3.11,4,2018,9,
2018-09-21,5.125,3.73,4,2018,9,
2018-09-22,5.59,4.35,15,2018,9,
2018-09-23,6.21,6.21,19,2018,9,
2018-09-24,5.962,2.49,20,2018,9,
2018-09-25,5.9,4.35,22,2018,9,
2018-09-26,6.21,6.21,20,2018,9,
2018-09-27,6.21,6.21,17,2018,9,
2018-09-28,6.21,6.21,17,2018,9,
2018-09-29,6.21,6.21,18,2018,9,
2018-09-30,6.21,6.21,19,2018,9,
2018-10-01,6.210000000000001,6.21,23,2018,10,
2018-10-02,6.21,6.21,24,2018,10,
2018-10-03,5.962,4.97,15,2018,10,
2018-10-04,6.210000000000001,6.21,23,2018,10,
2018-10-05,6.21,6.21,22,2018,10,
2018-10-06,6.21,6.21,22,2018,10,
2018-10-07,6.21,6.21,19,2018,10,
2018-10-08,6.072222222222222,3.73,18,2018,10,
2018-10-09,6.21,6.21,14,2018,10,
2018-10-10,6.21,6.21,17,2018,10,
2018-10-11,6.21,6.21,16,2018,10,
2018-10-12,6.21,6.21,18,2018,10,
2018-10-13,6.21,6.21,18,2018,10,
2018-10-14,6.055,4.35,20,2018,10,
2018-10-15,6.21,6.21,18,2018,10,
2018-10-16,6.040909090909091,4.35,22,2018,10,
2018-10-17,5.4805882352941175,4.35,17,2018,10,
2018-10-18,6.129130434782609,4.35,23,2018,10,
2018-10-19,6.21,6.21,24,2018,10,
2018-10-20,6.040909090909091,4.97,22,2018,10,
2018-10-21,5.886521739130434,4.35,23,2018,10,
2018-10-22,4.866,1.86,15,2018,10,
2018-10-23,5.6463636363636365,4.97,11,2018,10,
2018-10-24,5.687894736842105,3.11,19,2018,10,
2018-10-25,5.9943478260869565,4.97,23,2018,10,
2018-10-26,6.097272727272727,3.73,22,2018,10,
2018-10-27,6.102173913043478,4.97,23,2018,10,
2018-10-28,5.2126086956521736,4.35,23,2018,10,
2018-10-29,6.158333333333334,4.97,24,2018,10,
2018-10-30,6.21,6.21,24,2018,10,
2018-10-31,6.21,6.21,16,2018,10,
2018-11-01,4.6459090909090905,2.8,22,2018,11,2018.0
2018-11-02,5.039545454545455,0.93,22,2018,11,2018.0
2018-11-03,4.97,3.11,23,2018,11,2018.0
2018-11-04,6.064117647058824,3.73,17,2018,11,2018.0
2018-11-05,5.745,3.73,24,2018,11,2018.0
2018-11-06,5.744999999999999,4.35,20,2018,11,2018.0
2018-11-07,5.621,2.49,20,2018,11,2018.0
2018-11-08,5.759090909090909,4.97,22,2018,11,2018.0
2018-11-09,5.61952380952381,3.11,21,2018,11,2018.0
2018-11-10,5.59,3.11,21,2018,11,2018.0
2018-11-11,6.1066666666666665,4.97,24,2018,11,2018.0
2018-11-12,5.925833333333333,3.73,24,2018,11,2018.0
2018-11-13,6.055,4.35,24,2018,11,2018.0
2018-11-14,6.148,4.97,20,2018,11,2018.0
2018-11-15,5.9943478260869565,3.73,23,2018,11,2018.0
2018-11-16,3.4490476190476196,0.43,21,2018,11,2018.0
2018-11-17,4.32,2.17,21,2018,11,2018.0
2018-11-18,5.491363636363636,2.49,22,2018,11,2018.0
2018-11-19,5.744999999999999,4.35,20,2018,11,2018.0
2018-11-20,5.914761904761905,4.35,21,2018,11,2018.0
2018-11-21,5.110454545454545,1.86,22,2018,11,2018.0
2018-11-22,5.8225,4.35,8,2018,11,2018.0
2018-11-23,5.962,4.97,5,2018,11,2018.0
2018-11-24,3.9672727272727273,1.55,22,2018,11,2018.0
2018-11-25,1.9900000000000002,0.62,19,2018,11,2018.0
2018-11-26,3.6295454545454544,1.86,22,2018,11,2018.0
2018-11-27,5.967391304347826,4.35,23,2018,11,2018.0
2018-11-28,5.745,4.35,24,2018,11,2018.0
2018-11-29,5.944285714285714,4.35,21,2018,11,2018.0
2018-11-30,5.59,4.35,23,2018,11,2018.0
2018-12-01,2.35,0.31,20,2018,12,2018.0
2018-12-02,1.7152380952380955,0.93,21,2018,12,2018.0
2018-12-03,5.24125,3.73,16,2018,12,2018.0
2018-12-04,5.5618181818181816,3.73,22,2018,12,2018.0
2018-12-05,2.5552941176470587,0.75,17,2018,12,2018.0
2018-12-06,2.6757142857142857,0.5,14,2018,12,2018.0
2018-12-07,1.451578947368421,0.5,19,2018,12,2018.0
2018-12-08,3.2453846153846153,0.75,13,2018,12,2018.0
2018-12-09,5.501428571428571,2.49,14,2018,12,2018.0
2018-12-10,5.93875,4.35,16,2018,12,2018.0
2018-12-11,4.9487499999999995,0.93,16,2018,12,2018.0
2018-12-12,5.193888888888889,2.49,18,2018,12,2018.0
2018-12-13,4.97,3.73,12,2018,12,2018.0
2018-12-14,6.1066666666666665,4.97,24,2018,12,2018.0
2018-12-15,5.745,4.97,24,2018,12,2018.0
2018-12-16,5.5630434782608695,4.35,23,2018,12,2018.0
2018-12-17,3.159166666666667,1.24,24,2018,12,2018.0
2018-12-18,1.6225,0.31,20,2018,12,2018.0
2018-12-19,2.518333333333333,0.5,18,2018,12,2018.0
2018-12-20,1.204090909090909,0.5,22,2018,12,2018.0
2018-12-21,0.818,0.19,10,2018,12,2018.0
2018-12-27,4.505,4.35,4,2018,12,2018.0
2018-12-29,2.175,1.55,4,2018,12,2018.0
2018-12-30,2.41,0.62,19,2018,12,2018.0
2018-12-31,1.3123529411764707,0.75,17,2018,12,2018.0
2019-01-01,4.0194117647058825,1.86,17,2019,1,2018.0
2019-01-02,4.615714285714286,3.11,14,2019,1,2018.0
2019-01-03,3.2600000000000002,1.24,10,2019,1,2018.0
2019-01-04,2.295,1.24,18,2019,1,2018.0
2019-01-05,4.832222222222223,3.11,9,2019,1,2018.0
2019-01-06,5.973809523809524,4.97,21,2019,1,2018.0
2019-01-07,1.908125,0.5,16,2019,1,2018.0
2019-01-08,1.8199999999999998,0.56,20,2019,1,2018.0
2019-01-09,2.1377777777777776,1.24,18,2019,1,2018.0
2019-01-10,3.7493749999999997,2.8,16,2019,1,2018.0
2019-01-11,4.38,2.17,10,2019,1,2018.0
2019-01-12,5.913478260869565,4.35,23,2019,1,2018.0
2019-01-13,4.536,3.73,20,2019,1,2018.0
2019-01-14,3.864782608695652,2.49,23,2019,1,2018.0
2019-01-15,4.5613636363636365,2.8,22,2019,1,2018.0
2019-01-16,4.866666666666666,4.35,12,2019,1,2018.0
2019-01-17,5.383333333333333,4.35,21,2019,1,2018.0
2019-01-18,5.208461538461538,3.73,13,2019,1,2018.0
2019-01-19,5.331666666666666,2.49,12,2019,1,2018.0
2019-01-20,4.762222222222222,1.86,18,2019,1,2018.0
2019-01-21,6.086,4.97,20,2019,1,2018.0
2019-01-22,5.796666666666667,3.11,12,2019,1,2018.0
2019-01-23,5.279999999999999,4.35,2,2019,1,2018.0
2019-01-24,4.66,3.73,4,2019,1,2018.0
2019-01-25,5.7176470588235295,2.49,17,2019,1,2018.0
2019-01-26,6.15095238095238,4.97,21,2019,1,2018.0
2019-01-27,5.9715384615384615,4.35,13,2019,1,2018.0
2019-01-28,4.85375,3.11,16,2019,1,2018.0
2019-01-29,5.032,3.11,20,2019,1,2018.0
2019-01-30,4.171428571428571,1.86,21,2019,1,2018.0
2019-01-31,6.091904761904762,4.97,21,2019,1,2018.0
2019-02-01,5.521111111111111,3.73,18,2019,2,2018.0
2019-02-02,5.558999999999999,3.11,20,2019,2,2018.0
2019-02-03,5.265238095238095,2.49,21,2019,2,2018.0
2019-02-04,5.9,3.11,20,2019,2,2018.0
2019-02-05,5.8025,0.93,16,2019,2,2018.0
2019-02-06,3.276818181818182,1.55,22,2019,2,2018.0
2019-02-07,4.754347826086956,2.49,23,2019,2,2018.0
2019-02-08,6.121428571428572,4.97,14,2019,2,2018.0
2019-02-09,4.846,3.73,5,2019,2,2018.0
2019-02-10,4.139545454545455,1.24,22,2019,2,2018.0
2019-02-11,2.405294117647059,0.19,17,2019,2,2018.0
2019-02-12,0.682,0.34,15,2019,2,2018.0
2019-02-13,1.9412500000000001,1.24,8,2019,2,2018.0
2019-02-14,3.73,3.73,1,2019,2,2018.0
2019-02-15,2.276666666666667,1.55,3,2019,2,2018.0
2019-02-18,3.11,3.11,1,2019,2,2018.0
2019-02-20,2.525,1.55,8,2019,2,2018.0
2019-02-21,3.901111111111111,1.55,9,2019,2,2018.0
2019-02-22,6.21,6.21,1,2019,2,2018.0
2019-02-24,6.055,4.97,16,2019,2,2018.0
2019-02-25,5.940434782608696,3.73,23,2019,2,2018.0
2019-02-26,5.394210526315789,3.73,19,2019,2,2018.0
2019-02-27,5.555555555555555,3.73,18,2019,2,2018.0
2019-02-28,5.651,0.62,20,2019,2,2018.0
2019-03-01,6.21,6.21,19,2019,3,2018.0
2019-03-02,6.21,6.21,22,2019,3,2018.0
2019-03-03,4.779230769230769,3.73,13,2019,3,2018.0
2019-03-04,5.727777777777778,4.97,18,2019,3,2018.0
2019-03-05,6.097272727272727,4.97,11,2019,3,2018.0
2019-03-06,2.826521739130435,0.62,23,2019,3,2018.0
2019-03-07,2.244545454545454,0.93,22,2019,3,2018.0
2019-03-08,4.04,3.73,2,2019,3,2018.0
2019-03-10,6.21,6.21,1,2019,3,2018.0
2019-03-12,6.21,6.21,4,2019,3,2018.0
2019-03-13,5.615833333333334,4.35,24,2019,3,2018.0
2019-03-14,3.443636363636364,2.17,22,2019,3,2018.0
2019-03-15,1.350952380952381,0.5,21,2019,3,2018.0
2019-03-16,1.863684210526316,0.93,19,2019,3,2018.0
2019-03-18,2.398125,0.93,16,2019,3,2018.0
2019-03-19,5.59,3.73,12,2019,3,2018.0
2019-03-20,4.9375,1.55,20,2019,3,2018.0
2019-03-21,5.265238095238095,3.73,21,2019,3,2018.0
2019-03-22,6.21,6.21,10,2019,3,2018.0
2019-03-23,6.21,6.21,18,2019,3,2018.0
2019-03-24,4.910952380952381,3.73,21,2019,3,2018.0
2019-03-25,5.442380952380952,3.73,21,2019,3,2018.0
2019-03-26,5.553529411764706,4.35,17,2019,3,2018.0
2019-03-27,4.251363636363636,2.49,22,2019,3,2018.0
2019-03-28,4.122727272727273,0.93,11,2019,3,2018.0
2019-03-29,5.5618181818181816,3.73,22,2019,3,2018.0
2019-03-30,6.21,6.21,15,2019,3,2018.0
2019-03-31,2.434761904761905,0.75,21,2019,3,2018.0
2019-04-01,3.1404761904761904,1.06,21,2019,4,
2019-04-02,4.922307692307692,3.73,13,2019,4,
2019-04-03,5.505454545454545,4.35,22,2019,4,
2019-04-04,6.064117647058824,4.97,17,2019,4,
2019-04-05,6.044666666666667,4.97,15,2019,4,
2019-04-06,5.865555555555556,4.35,18,2019,4,
2019-04-07,5.670869565217392,3.73,23,2019,4,
2019-04-08,6.072222222222222,4.97,18,2019,4,
2019-04-09,6.21,6.21,22,2019,4,
2019-04-10,6.21,6.21,24,2019,4,
2019-04-11,6.210000000000001,6.21,23,2019,4,
2019-04-12,6.21,6.21,21,2019,4,
2019-04-13,6.21,6.21,18,2019,4,
2019-04-14,6.21,6.21,14,2019,4,
2019-04-15,6.21,6.21,12,2019,4,
2019-04-16,2.0978947368421053,0.62,19,2019,4,
2019-04-17,4.891875,1.86,16,2019,4,
2019-04-18,2.651666666666667,0.62,24,2019,4,
2019-04-19,1.9142857142857144,0.62,21,2019,4,
2019-04-20,3.9616666666666664,1.55,12,2019,4,
2019-04-21,5.026363636363636,3.11,11,2019,4,
2019-04-22,3.617272727272727,2.49,11,2019,4,
2019-04-23,5.3575,4.35,8,2019,4,
2019-04-24,4.97,4.97,1,2019,4,
2019-04-25,5.1353333333333335,4.35,15,2019,4,
2019-04-26,6.003333333333334,3.73,18,2019,4,
2019-04-27,5.753157894736842,4.97,19,2019,4,
2019-04-28,5.619523809523809,4.35,21,2019,4,
2019-04-29,5.670869565217392,3.73,23,2019,4,
2019-04-30,5.9943478260869565,4.97,23,2019,4,
2019-05-01,6.024,3.73,20,2019,5,
2019-05-02,6.21,6.21,19,2019,5,
2019-05-03,6.210000000000001,6.21,23,2019,5,
2019-05-04,5.796666666666667,4.35,21,2019,5,
2019-05-05,6.144736842105263,4.97,19,2019,5,
2019-05-06,6.210000000000001,6.21,23,2019,5,
2019-05-07,5.869,3.11,20,2019,5,
2019-05-08,5.962,3.11,20,2019,5,
2019-05-09,5.944285714285714,2.49,21,2019,5,
2019-05-10,5.871818181818182,4.97,22,2019,5,
2019-05-11,6.156086956521739,4.97,23,2019,5,
2019-05-12,5.420909090909091,2.49,22,2019,5,
2019-05-13,6.144736842105263,4.97,19,2019,5,
2019-05-14,6.1273333333333335,4.97,15,2019,5,
2019-05-15,6.21,6.21,5,2019,5,
2019-05-16,6.21,6.21,10,2019,5,
2019-05-17,6.21,6.21,3,2019,5,
2019-05-19,6.21,6.21,13,2019,5,
2019-05-20,5.916315789473684,3.11,19,2019,5,
2019-05-21,6.15095238095238,4.97,21,2019,5,
2019-05-22,6.21,6.21,18,2019,5,
2019-05-23,6.21,6.21,6,2019,5,
2019-05-29,6.21,6.21,11,2019,5,
2019-05-30,6.141111111111111,4.97,18,2019,5,
2019-05-31,6.21,6.21,11,2019,5,
2019-06-10,6.21,6.21,8,2019,6,
2019-06-11,6.21,6.21,13,2019,6,
2019-06-12,6.114615384615385,4.97,13,2019,6,
2019-06-13,6.21,6.21,15,2019,6,
2019-06-14,6.21,6.21,16,2019,6,
2019-06-15,6.21,6.21,18,2019,6,
2019-06-16,6.21,6.21,17,2019,6,
2019-06-17,6.210000000000001,6.21,23,2019,6,
2019-06-18,6.21,6.21,18,2019,6,
2019-06-19,6.21,6.21,16,2019,6,
2019-06-20,6.21,6.21,22,2019,6,
2019-06-21,6.21,6.21,12,2019,6,
2019-06-24,6.0142105263157895,4.97,19,2019,6,
2019-06-25,6.21,6.21,11,2019,6,
2019-06-28,6.21,6.21,11,2019,6,
2019-06-29,6.21,6.21,19,2019,6,
2019-06-30,6.21,6.21,20,2019,6,
2019-07-01,6.055,3.11,20,2019,7,
2019-07-02,6.210000000000001,6.21,23,2019,7,
2019-07-03,6.044666666666667,3.73,15,2019,7,
2019-07-04,6.21,6.21,18,2019,7,
2019-07-05,6.21,6.21,18,2019,7,
2019-07-06,6.21,6.21,17,2019,7,
2019-07-07,6.21,6.21,16,2019,7,
2019-07-08,5.6674999999999995,3.11,16,2019,7,
2019-07-09,6.21,6.21,20,2019,7,
2019-07-10,6.21,6.21,17,2019,7,
2019-07-11,5.916315789473684,2.49,19,2019,7,
2019-07-12,6.21,6.21,22,2019,7,
2019-07-13,6.21,6.21,20,2019,7,
2019-07-14,6.012272727272728,1.86,22,2019,7,
2019-07-15,6.21,6.21,16,2019,7,
2019-07-16,6.21,6.21,7,2019,7,
2019-08-07,6.21,6.21,8,2019,8,
2019-08-08,5.973333333333334,1.24,21,2019,8,
2019-08-09,6.21,6.21,16,2019,8,
2019-08-10,6.21,6.21,24,2019,8,
2019-08-11,6.21,6.21,22,2019,8,
2019-08-12,6.012727272727273,4.35,22,2019,8,
2019-08-13,6.21,6.21,22,2019,8,
2019-08-14,6.21,6.21,19,2019,8,
2019-08-15,6.21,6.21,22,2019,8,
2019-08-16,6.0377777777777775,4.35,18,2019,8,
2019-08-17,6.21,6.21,19,2019,8,
2019-08-18,6.21,6.21,19,2019,8,
2019-08-19,6.100588235294118,4.35,17,2019,8,
2019-08-20,6.21,6.21,22,2019,8,
2019-08-21,5.497,3.11,20,2019,8,
2019-08-22,6.21,6.21,17,2019,8,
2019-08-23,6.210000000000001,6.21,23,2019,8,
2019-08-24,6.21,6.21,12,2019,8,
2019-08-25,6.21,6.21,2,2019,8,
2019-08-26,6.21,6.21,1,2019,8,
2019-08-27,5.59,4.97,2,2019,8,
2019-08-28,6.21,6.21,1,2019,8,
2019-08-29,6.21,6.21,1,2019,8,
2019-08-30,6.21,6.21,4,2019,8,
2019-08-31,6.21,6.21,19,2019,8,
2019-09-01,6.21,6.21,17,2019,9,
2019-09-02,6.144736842105263,4.97,19,2019,9,
2019-09-03,6.21,6.21,20,2019,9,
2019-09-04,6.021304347826088,3.11,23,2019,9,
2019-09-05,6.21,6.21,19,2019,9,
2019-09-06,6.062380952380953,3.11,21,2019,9,
2019-09-07,6.21,6.21,24,2019,9,
2019-09-08,6.21,6.21,19,2019,9,
2019-09-09,6.21,6.21,19,2019,9,
2019-09-10,6.1325,4.97,16,2019,9,
2019-09-11,6.21,6.21,5,2019,9,
2019-09-12,6.21,6.21,4,2019,9,
2019-09-13,6.21,6.21,2,2019,9,
2019-09-14,6.21,6.21,2,2019,9,
2019-09-15,6.21,6.21,19,2019,9,
2019-09-16,6.003333333333334,4.97,18,2019,9,
2019-09-17,6.21,6.21,9,2019,9,
2019-09-18,6.21,6.21,4,2019,9,
2019-09-19,5.8999999999999995,4.35,12,2019,9,
2019-09-20,6.21,6.21,18,2019,9,
2019-09-21,6.040909090909091,4.35,22,2019,9,
2019-09-22,6.21,6.21,20,2019,9,
2019-09-23,3.3128571428571427,1.55,21,2019,9,
2019-09-24,2.996818181818182,1.86,22,2019,9,
2019-09-25,4.188260869565218,3.11,23,2019,9,
2019-09-26,4.152727272727272,2.49,22,2019,9,
2019-09-27,5.59,3.11,22,2019,9,
2019-09-28,5.9943478260869565,4.97,23,2019,9,
2019-09-29,6.210000000000001,6.21,23,2019,9,
2019-09-30,5.914761904761905,4.35,21,2019,9,
2019-10-01,6.21,6.21,20,2019,10,
2019-10-02,6.21,6.21,20,2019,10,
2019-10-03,6.21,6.21,18,2019,10,
2019-10-04,6.032857142857143,4.97,21,2019,10,
2019-10-05,6.21,6.21,18,2019,10,
2019-10-06,5.940434782608696,3.73,23,2019,10,
2019-10-07,6.21,6.21,20,2019,10,
2019-10-08,6.048260869565218,3.73,23,2019,10,
2019-10-09,6.210000000000001,6.21,23,2019,10,
2019-10-10,6.21,6.21,22,2019,10,
2019-10-11,6.210000000000001,6.21,23,2019,10,
2019-10-12,6.158333333333334,4.97,24,2019,10,
2019-10-13,6.003333333333333,4.35,24,2019,10,
2019-10-14,6.048260869565217,4.35,23,2019,10,
2019-10-15,6.062380952380953,4.35,21,2019,10,
2019-10-16,6.1325,4.35,24,2019,10,
2019-10-17,6.003333333333333,4.97,24,2019,10,
2019-10-18,6.040909090909091,4.97,22,2019,10,
2019-10-19,6.21,6.21,21,2019,10,
2019-10-20,6.048260869565217,4.97,23,2019,10,
2019-10-21,6.21,6.21,22,2019,10,
2019-10-22,5.7247826086956515,4.35,23,2019,10,
2019-10-23,5.6463636363636365,4.35,22,2019,10,
2019-10-24,3.0435,1.24,20,2019,10,
2019-10-25,2.2045,0.62,20,2019,10,
2019-10-26,5.497,4.35,20,2019,10,
2019-10-27,5.948947368421052,4.97,19,2019,10,
2019-10-28,5.973809523809524,4.35,21,2019,10,
2019-10-29,5.859565217391305,3.73,23,2019,10,
2019-10-30,5.9,3.73,18,2019,10,
2019-10-31,5.931,3.73,20,2019,10,
2019-11-01,6.21,6.21,6,2019,11,2019.0
2019-11-02,6.21,6.21,1,2019,11,2019.0
2019-11-03,4.97,3.73,3,2019,11,2019.0
2019-11-04,4.35,4.35,1,2019,11,2019.0
2019-11-05,3.11,3.11,1,2019,11,2019.0
2019-11-06,5.370588235294117,1.86,17,2019,11,2019.0
2019-11-07,5.227777777777778,2.17,18,2019,11,2019.0
2019-11-08,6.21,6.21,3,2019,11,2019.0
2019-11-09,6.21,6.21,2,2019,11,2019.0
2019-11-10,4.453333333333333,3.73,6,2019,11,2019.0
2019-11-11,5.435,3.11,4,2019,11,2019.0
2019-11-12,6.21,6.21,3,2019,11,2019.0
2019-11-13,6.21,6.21,3,2019,11,2019.0
2019-11-14,4.04,3.73,2,2019,11,2019.0
2019-11-15,6.21,6.21,6,2019,11,2019.0
2019-11-16,6.21,6.21,1,2019,11,2019.0
2019-11-17,4.97,4.97,1,2019,11,2019.0
2019-11-18,6.21,6.21,1,2019,11,2019.0
2019-11-19,5.59,4.97,2,2019,11,2019.0
2019-11-20,6.21,6.21,2,2019,11,2019.0
2019-11-21,6.21,6.21,2,2019,11,2019.0
2019-11-22,4.97,4.97,2,2019,11,2019.0
2019-11-23,5.962,4.97,5,2019,11,2019.0
2019-11-24,6.21,6.21,1,2019,11,2019.0
2019-11-25,6.072222222222222,4.97,9,2019,11,2019.0
2019-11-26,6.003333333333333,4.35,24,2019,11,2019.0
2019-11-27,5.28,3.73,22,2019,11,2019.0
2019-11-28,6.097272727272727,4.97,11,2019,11,2019.0
2019-11-29,6.21,6.21,1,2019,11,2019.0
2019-11-30,5.59,4.97,4,2019,11,2019.0
2019-12-01,5.8999999999999995,4.97,24,2019,12,2019.0
2019-12-02,5.9,3.73,20,2019,12,2019.0
2019-12-03,4.659545454545454,1.86,22,2019,12,2019.0
2019-12-04,4.969130434782608,1.24,23,2019,12,2019.0
2019-12-05,5.564166666666666,4.35,24,2019,12,2019.0
2019-12-06,6.091904761904762,4.97,21,2019,12,2019.0
2019-12-07,6.055,4.35,20,2019,12,2019.0
2019-12-08,3.41625,1.24,24,2019,12,2019.0
2019-12-09,3.4495238095238094,2.49,21,2019,12,2019.0
2019-12-10,4.897058823529412,3.73,17,2019,12,2019.0
2019-12-11,5.674545454545455,3.73,22,2019,12,2019.0
2019-12-12,6.1066666666666665,4.97,24,2019,12,2019.0
2019-12-13,4.97,3.11,23,2019,12,2019.0
2019-12-14,4.105652173913043,1.55,23,2019,12,2019.0
2019-12-15,6.040909090909091,4.97,22,2019,12,2019.0
2019-12-16,3.921666666666667,1.86,24,2019,12,2019.0
2019-12-17,2.038095238095238,0.37,21,2019,12,2019.0
2019-12-18,1.8543478260869564,0.62,23,2019,12,2019.0
2019-12-19,3.2209090909090907,1.55,22,2019,12,2019.0
2019-12-20,3.0095652173913043,0.75,23,2019,12,2019.0
2019-12-21,4.246666666666666,3.11,24,2019,12,2019.0
2019-12-22,4.885454545454545,3.11,22,2019,12,2019.0
2019-12-23,6.158333333333334,4.97,24,2019,12,2019.0
2019-12-24,6.1066666666666665,4.97,24,2019,12,2019.0
2019-12-25,5.2126086956521736,3.73,23,2019,12,2019.0
2019-12-26,1.736,0.25,20,2019,12,2019.0
2019-12-27,2.325909090909091,0.37,22,2019,12,2019.0
2019-12-28,3.7691304347826087,1.24,23,2019,12,2019.0
2019-12-29,5.374347826086956,4.35,23,2019,12,2019.0
2019-12-30,6.210000000000001,6.21,23,2019,12,2019.0
2019-12-31,6.21,6.21,22,2019,12,2019.0
2020-01-01,6.21,6.21,22,2020,1,2019.0
2020-01-02,4.468095238095238,2.49,21,2020,1,2019.0
2020-01-03,1.3,0.16,23,2020,1,2019.0
2020-01-04,1.00875,0.5,16,2020,1,2019.0
2020-01-05,0.9468181818181819,0.19,22,2020,1,2019.0
2020-01-06,1.0578260869565217,0.5,23,2020,1,2019.0
2020-01-07,3.5409999999999995,0.93,20,2020,1,2019.0
2020-01-08,4.214285714285714,1.55,21,2020,1,2019.0
2020-01-09,2.3133333333333335,0.62,21,2020,1,2019.0
2020-01-10,2.0186363636363636,0.93,22,2020,1,2019.0
2020-01-11,3.2430434782608697,0.93,23,2020,1,2019.0
2020-01-12,4.478333333333333,1.24,24,2020,1,2019.0
2020-01-13,4.604347826086957,0.93,23,2020,1,2019.0
2020-01-14,5.678571428571429,3.73,21,2020,1,2019.0
2020-01-15,3.7295000000000003,1.86,20,2020,1,2019.0
2020-01-16,2.9030434782608694,1.55,23,2020,1,2019.0
2020-01-17,2.549583333333333,1.24,24,2020,1,2019.0
2020-01-18,1.6025,0.31,16,2020,1,2019.0
2020-01-19,1.0833333333333333,0.37,18,2020,1,2019.0
2020-01-20,1.201,0.75,20,2020,1,2019.0
2020-01-21,1.821304347826087,1.24,23,2020,1,2019.0
2020-01-22,1.6669565217391302,0.25,23,2020,1,2019.0
2020-01-23,1.827,0.75,20,2020,1,2019.0
2020-01-24,2.6941176470588233,1.24,17,2020,1,2019.0
2020-01-25,3.066666666666667,1.24,15,2020,1,2019.0
2020-01-26,2.49,2.49,2,2020,1,2019.0
2020-01-27,0.8700000000000001,0.81,2,2020,1,2019.0
2020-01-28,4.27,2.17,4,2020,1,2019.0
2020-01-29,6.21,6.21,2,2020,1,2019.0
2020-01-30,5.383333333333333,3.73,3,2020,1,2019.0
2020-01-31,3.79,2.17,5,2020,1,2019.0
2020-02-01,3.465,2.49,4,2020,2,2019.0
2020-02-02,6.21,6.21,1,2020,2,2019.0
2020-02-03,5.308181818181819,4.35,11,2020,2,2019.0
2020-02-04,5.0475,2.49,24,2020,2,2019.0
2020-02-05,5.228333333333333,4.35,24,2020,2,2019.0
2020-02-06,6.156086956521739,4.97,23,2020,2,2019.0
2020-02-07,6.210000000000001,6.21,23,2020,2,2019.0
2020-02-08,4.4609523809523814,1.86,21,2020,2,2019.0
2020-02-09,1.221304347826087,0.12,23,2020,2,2019.0
2020-02-10,0.9222222222222223,0.12,18,2020,2,2019.0
2020-02-11,0.6968421052631579,0.16,19,2020,2,2019.0
2020-02-12,0.8789473684210526,0.19,19,2020,2,2019.0
2020-02-13,1.2095454545454545,0.5,22,2020,2,2019.0
2020-02-14,3.6825,1.86,20,2020,2,2019.0
2020-02-15,5.624444444444444,4.35,18,2020,2,2019.0
2020-02-16,4.4421739130434785,1.55,23,2020,2,2019.0
2020-02-17,2.9966666666666666,0.5,21,2020,2,2019.0
2020-02-18,2.4909090909090907,0.62,22,2020,2,2019.0
2020-02-19,3.6641666666666666,1.55,24,2020,2,2019.0
2020-02-20,2.0741666666666667,0.62,24,2020,2,2019.0
2020-02-21,1.311304347826087,0.62,23,2020,2,2019.0
2020-02-22,3.3016666666666663,1.86,24,2020,2,2019.0
2020-02-23,4.2095,1.12,20,2020,2,2019.0
2020-02-24,4.066363636363636,2.17,22,2020,2,2019.0
2020-02-25,2.06125,0.31,16,2020,2,2019.0
2020-02-26,1.426111111111111,0.62,18,2020,2,2019.0
2020-02-27,3.403809523809524,1.55,21,2020,2,2019.0
2020-02-28,5.305833333333333,3.73,24,2020,2,2019.0
2020-02-29,6.15095238095238,4.97,21,2020,2,2019.0
2020-03-01,5.59,3.73,24,2020,3,2019.0
2020-03-02,3.1770588235294115,1.86,17,2020,3,2019.0
2020-03-03,3.371052631578947,2.49,19,2020,3,2019.0
2020-03-04,5.973809523809524,4.97,21,2020,3,2019.0
2020-03-05,6.121428571428572,4.35,21,2020,3,2019.0
2020-03-06,6.21,6.21,21,2020,3,2019.0
2020-03-07,5.505454545454546,3.73,22,2020,3,2019.0
2020-03-08,3.834736842105263,0.93,19,2020,3,2019.0
2020-03-09,5.575454545454545,2.17,22,2020,3,2019.0
2020-03-10,5.392727272727273,3.73,22,2020,3,2019.0
2020-03-11,5.504545454545454,2.17,22,2020,3,2019.0
2020-03-12,2.119565217391304,0.62,23,2020,3,2019.0
2020-03-13,2.557727272727273,1.24,22,2020,3,2019.0
2020-03-14,2.4730434782608697,1.55,23,2020,3,2019.0
2020-03-15,3.9745833333333334,1.86,24,2020,3,2019.0
2020-03-16,5.956363636363636,4.35,22,2020,3,2019.0
2020-03-17,6.069090909090909,4.35,22,2020,3,2019.0
2020-03-18,5.383333333333333,3.73,24,2020,3,2019.0
2020-03-19,3.46875,1.24,24,2020,3,2019.0
2020-03-20,3.56125,2.17,24,2020,3,2019.0
2020-03-21,4.879583333333334,2.8,24,2020,3,2019.0
2020-03-22,4.98578947368421,2.17,19,2020,3,2019.0
2020-03-23,5.670869565217392,3.73,23,2020,3,2019.0
2020-03-24,6.210000000000001,6.21,23,2020,3,2019.0
2020-03-25,6.032857142857143,4.97,21,2020,3,2019.0
2020-03-26,5.751739130434783,4.35,23,2020,3,2019.0
2020-03-27,6.072222222222222,4.97,18,2020,3,2019.0
2020-03-28,5.298235294117647,4.35,17,2020,3,2019.0
2020-03-29,3.078333333333333,1.24,24,2020,3,2019.0
2020-03-30,3.0278260869565217,2.17,23,2020,3,2019.0
2020-03-31,3.9612499999999997,1.24,16,2020,3,2019.0
2020-04-01,5.031499999999999,1.86,20,2020,4,
2020-04-02,6.0142105263157895,4.97,19,2020,4,
2020-04-03,6.210000000000001,6.21,23,2020,4,
2020-04-04,6.048260869565217,4.97,23,2020,4,
2020-04-05,6.21,6.21,15,2020,4,
2020-04-06,6.055,3.73,16,2020,4,
2020-04-07,6.055,3.11,20,2020,4,
2020-04-08,6.21,6.21,22,2020,4,
2020-04-09,5.951666666666667,4.97,24,2020,4,
2020-04-10,2.4194736842105264,0.75,19,2020,4,
2020-04-11,3.0543478260869565,1.86,23,2020,4,
2020-04-12,3.175,1.24,18,2020,4,
2020-04-13,4.484782608695652,3.11,23,2020,4,
2020-04-14,5.28,3.73,24,2020,4,
2020-04-15,3.6068181818181815,1.55,22,2020,4,
2020-04-16,5.147142857142858,3.11,21,2020,4,
2020-04-17,5.428260869565217,4.35,23,2020,4,
2020-04-18,5.678571428571429,4.97,7,2020,4,
2020-04-19,6.003333333333334,3.73,12,2020,4,
2020-04-20,6.21,6.21,19,2020,4,
2020-04-21,6.21,6.21,21,2020,4,
2020-04-22,6.21,6.21,17,2020,4,
2020-04-23,6.044666666666667,4.97,15,2020,4,
2020-04-24,6.210000000000001,6.21,23,2020,4,
2020-04-25,6.21,6.21,12,2020,4,
2020-04-26,6.21,6.21,24,2020,4,
2020-04-27,6.21,6.21,24,2020,4,
2020-04-28,6.21,6.21,21,2020,4,
2020-04-29,5.914761904761905,4.97,21,2020,4,
2020-04-30,6.21,6.21,21,2020,4,
2020-05-01,6.21,6.21,22,2020,5,
2020-05-02,5.962,4.97,15,2020,5,
2020-05-03,6.21,6.21,16,2020,5,
2020-05-04,6.21,6.21,15,2020,5,
2020-05-05,6.21,6.21,8,2020,5,
2020-05-06,6.048260869565217,4.97,23,2020,5,
2020-05-07,3.853181818181818,1.24,22,2020,5,
2020-05-08,4.66,3.11,22,2020,5,
2020-05-09,6.21,6.21,20,2020,5,
2020-05-10,6.21,6.21,19,2020,5,
2020-05-12,6.21,6.21,5,2020,5,
2020-05-13,6.21,6.21,17,2020,5,
2020-05-14,6.21,6.21,19,2020,5,
2020-05-15,6.21,6.21,17,2020,5,
2020-05-17,6.21,6.21,19,2020,5,
2020-05-18,6.210000000000001,6.21,23,2020,5,
2020-05-19,6.055,3.73,24,2020,5,
2020-05-20,6.21,6.21,21,2020,5,
2020-05-21,6.0142105263157895,4.97,19,2020,5,
2020-05-22,6.097272727272727,4.97,22,2020,5,
2020-05-23,6.21,6.21,21,2020,5,
2020-05-24,6.21,6.21,12,2020,5,
2020-05-25,6.044666666666667,4.97,15,2020,5,
2020-05-26,6.210000000000001,6.21,23,2020,5,
2020-05-27,6.21,6.21,17,2020,5,
2020-05-28,6.21,6.21,24,2020,5,
2020-05-29,6.21,6.21,24,2020,5,
2020-05-30,6.21,6.21,22,2020,5,
2020-05-31,6.21,6.21,21,2020,5,
2020-06-01,6.21,6.21,12,2020,6,
2020-06-02,6.21,6.21,21,2020,6,
2020-06-03,6.21,6.21,21,2020,6,
2020-06-04,6.21,6.21,19,2020,6,
2020-06-05,6.21,6.21,2,2020,6,
2020-06-06,6.21,6.21,13,2020,6,
2020-06-07,6.21,6.21,20,2020,6,
2020-06-08,6.21,6.21,21,2020,6,
2020-06-09,6.21,6.21,21,2020,6,
2020-06-10,6.210000000000001,6.21,23,2020,6,
2020-06-11,5.958571428571428,2.17,21,2020,6,
2020-06-12,6.210000000000001,6.21,23,2020,6,
2020-06-13,6.012727272727273,3.11,22,2020,6,
2020-06-14,6.21,6.21,22,2020,6,
2020-06-15,6.21,6.21,22,2020,6,
2020-06-16,6.21,6.21,21,2020,6,
2020-06-17,6.21,6.21,17,2020,6,
2020-06-18,6.21,6.21,21,2020,6,
2020-06-19,6.021304347826088,3.11,23,2020,6,
2020-06-20,6.210000000000001,6.21,23,2020,6,
2020-06-21,6.21,6.21,17,2020,6,
2020-06-22,6.069090909090909,4.35,22,2020,6,
2020-06-23,6.21,6.21,16,2020,6,
2020-06-24,6.210000000000001,6.21,23,2020,6,
2020-06-25,6.210000000000001,6.21,23,2020,6,
2020-06-26,6.21,6.21,20,2020,6,
2020-06-27,6.21,6.21,24,2020,6,
2020-06-28,5.628333333333334,2.17,24,2020,6,
2020-06-29,6.210000000000001,6.21,23,2020,6,
2020-06-30,6.21,6.21,17,2020,6,
2020-07-01,6.21,6.21,17,2020,7,
2020-07-02,6.21,6.21,18,2020,7,
2020-07-03,5.993,4.35,20,2020,7,
2020-07-04,6.21,6.21,22,2020,7,
2020-07-05,5.9925,1.86,20,2020,7,
2020-07-06,6.21,6.21,19,2020,7,
2020-07-07,6.21,6.21,20,2020,7,
2020-07-08,6.148,4.97,20,2020,7,
2020-07-09,6.102173913043478,3.73,23,2020,7,
2020-07-10,6.21,6.21,21,2020,7,
2020-07-11,6.21,6.21,14,2020,7,
2020-07-12,6.064117647058824,4.97,17,2020,7,
2020-07-13,6.21,6.21,19,2020,7,
2020-07-14,6.21,6.21,21,2020,7,
2020-07-15,6.0808333333333335,4.35,24,2020,7,
2020-07-16,5.988571428571428,4.35,14,2020,7,
2020-07-17,6.097272727272727,4.97,22,2020,7,
2020-07-18,6.21,6.21,20,2020,7,
2020-07-19,6.21,6.21,22,2020,7,
2020-07-20,6.21,6.21,22,2020,7,
2020-07-21,6.21,6.21,11,2020,7,
2020-07-22,5.6933333333333325,3.11,24,2020,7,
2020-07-23,6.072222222222222,4.97,18,2020,7,
2020-07-24,6.21,6.21,22,2020,7,
2020-07-25,6.125454545454545,4.35,22,2020,7,
2020-07-26,6.21,6.21,14,2020,7,
2020-07-27,5.786818181818182,1.86,22,2020,7,
2020-07-28,6.114615384615385,4.97,13,2020,7,
2020-07-29,6.21,6.21,22,2020,7,
2020-07-30,5.727777777777778,3.11,18,2020,7,
2020-07-31,6.21,6.21,7,2020,7,
2020-08-01,6.21,6.21,6,2020,8,
2020-08-02,6.064117647058824,4.97,17,2020,8,
2020-08-03,6.21,6.21,15,2020,8,
2020-08-04,5.745,4.97,16,2020,8,
2020-08-05,6.21,6.21,16,2020,8,
2020-08-06,5.382777777777778,1.86,18,2020,8,
2020-08-07,6.210000000000001,6.21,23,2020,8,
2020-08-08,6.15095238095238,4.97,21,2020,8,
2020-08-09,6.21,6.21,8,2020,8,
2020-08-10,6.21,6.21,13,2020,8,
2020-08-11,6.21,6.21,20,2020,8,
2020-08-12,6.21,6.21,21,2020,8,
2020-08-13,6.032857142857142,4.97,14,2020,8,
2020-08-14,5.5125,3.11,16,2020,8,
2020-08-15,6.210000000000001,6.21,23,2020,8,
2020-08-16,6.210000000000001,6.21,23,2020,8,
2020-08-17,6.0142105263157895,2.49,19,2020,8,
2020-08-18,6.129130434782609,4.35,23,2020,8,
2020-08-19,6.21,6.21,20,2020,8,
2020-08-20,5.641111111111112,0.93,18,2020,8,
2020-08-21,5.0165,2.49,20,2020,8,
2020-08-22,6.079473684210527,3.73,19,2020,8,
2020-08-23,6.21,6.21,19,2020,8,
2020-08-24,5.962000000000001,2.49,15,2020,8,
2020-08-25,6.21,6.21,13,2020,8,
2020-08-26,6.086,3.73,20,2020,8,
2020-08-27,6.079473684210527,4.97,19,2020,8,
2020-08-28,6.007826086956522,2.8,23,2020,8,
2020-08-29,5.973809523809524,4.35,21,2020,8,
2020-08-30,6.1066666666666665,4.97,12,2020,8,
2020-08-31,6.144736842105263,4.97,19,2020,8,
2020-09-01,6.21,6.21,17,2020,9,
2020-09-02,5.176666666666667,3.11,3,2020,9,
2020-09-04,6.21,6.21,1,2020,9,
2020-09-07,6.21,6.21,12,2020,9,
2020-09-08,6.21,6.21,21,2020,9,
2020-09-09,6.21,6.21,18,2020,9,
2020-09-10,5.913478260869565,3.11,23,2020,9,
2020-09-11,6.21,6.21,22,2020,9,
2020-09-12,6.21,6.21,22,2020,9,
2020-09-13,6.0752173913043475,4.35,23,2020,9,
2020-09-14,6.21,6.21,17,2020,9,
2020-09-15,6.210000000000001,6.21,23,2020,9,
2020-09-16,6.21,6.21,11,2020,9,
2020-09-17,6.21,6.21,9,2020,9,
2020-09-18,6.21,6.21,13,2020,9,
2020-09-19,6.21,6.21,21,2020,9,
2020-09-20,6.21,6.21,21,2020,9,
2020-09-21,5.753157894736842,3.73,19,2020,9,
2020-09-22,5.714,3.73,20,2020,9,
2020-09-23,4.443,2.49,10,2020,9,
2020-09-24,6.21,6.21,3,2020,9,
2020-09-25,6.032857142857142,4.97,7,2020,9,
2020-09-26,6.21,6.21,3,2020,9,
2020-09-27,5.928181818181818,4.35,11,2020,9,
2020-09-28,6.21,6.21,22,2020,9,
2020-09-29,6.21,6.21,16,2020,9,
2020-09-30,6.097272727272727,4.97,22,2020,9,
2020-10-01,6.21,6.21,21,2020,10,
2020-10-02,6.21,6.21,17,2020,10,
2020-10-03,6.072222222222222,4.97,9,2020,10,
2020-10-04,5.776,3.73,20,2020,10,
2020-10-05,6.102173913043478,4.97,23,2020,10,
2020-10-06,5.683,3.11,20,2020,10,
2020-10-07,6.21,6.21,24,2020,10,
2020-10-08,5.818421052631579,4.97,19,2020,10,
2020-10-09,6.21,6.21,22,2020,10,
2020-10-10,6.21,6.21,22,2020,10,
2020-10-11,6.158333333333334,4.97,24,2020,10,
2020-10-12,6.21,6.21,19,2020,10,
2020-10-13,6.003333333333333,4.35,24,2020,10,
2020-10-14,5.254166666666666,3.11,24,2020,10,
2020-10-15,6.210000000000001,6.21,23,2020,10,
2020-10-16,6.21,6.21,22,2020,10,
2020-10-17,6.21,6.21,24,2020,10,
2020-10-18,5.751739130434783,3.73,23,2020,10,
2020-10-19,6.15095238095238,4.97,21,2020,10,
2020-10-20,6.1066666666666665,4.97,24,2020,10,
2020-10-21,5.361578947368422,3.73,19,2020,10,
2020-10-22,4.928260869565217,2.17,23,2020,10,
2020-10-23,4.5858823529411765,0.93,17,2020,10,
2020-10-24,1.9560869565217391,0.43,23,2020,10,
2020-10-25,1.9729166666666667,0.93,24,2020,10,
2020-10-26,2.8091666666666666,1.24,24,2020,10,
2020-10-27,4.3545454545454545,1.55,22,2020,10,
2020-10-28,5.8326086956521745,3.73,23,2020,10,
2020-10-29,6.21,6.21,18,2020,10,
2020-10-30,5.6933333333333325,4.35,12,2020,10,
2020-10-31,1.752857142857143,0.68,14,2020,10,
2020-11-01,3.145,1.86,16,2020,11,2020.0
2020-11-02,1.905,0.93,14,2020,11,2020.0
2020-11-03,1.8916666666666666,0.75,24,2020,11,2020.0
2020-11-04,1.8714285714285712,0.68,21,2020,11,2020.0
2020-11-05,1.8808695652173915,0.81,23,2020,11,2020.0
2020-11-06,2.902,2.17,15,2020,11,2020.0
2020-11-07,2.641818181818182,1.24,22,2020,11,2020.0
2020-11-08,4.378181818181818,2.49,22,2020,11,2020.0
2020-11-09,6.21,6.21,24,2020,11,2020.0
2020-11-10,4.940476190476191,3.11,21,2020,11,2020.0
2020-11-11,5.871818181818182,4.97,22,2020,11,2020.0
2020-11-12,5.822500000000001,4.35,24,2020,11,2020.0
2020-11-13,5.124583333333333,1.86,24,2020,11,2020.0
2020-11-14,4.747619047619048,2.17,21,2020,11,2020.0
2020-11-15,2.861818181818182,0.81,22,2020,11,2020.0
2020-11-16,1.864090909090909,0.62,22,2020,11,2020.0
2020-11-17,4.904736842105263,3.73,19,2020,11,2020.0
2020-11-18,4.606086956521739,2.49,23,2020,11,2020.0
2020-11-19,5.670869565217392,4.97,23,2020,11,2020.0
2020-11-20,5.928181818181818,4.97,22,2020,11,2020.0
2020-11-21,6.21,6.21,20,2020,11,2020.0
2020-11-22,5.59,3.73,22,2020,11,2020.0
2020-11-23,5.11090909090909,3.11,22,2020,11,2020.0
2020-11-24,5.6675,3.73,24,2020,11,2020.0
2020-11-25,6.091904761904762,4.97,21,2020,11,2020.0
2020-11-26,6.21,6.21,21,2020,11,2020.0
2020-11-27,6.032857142857143,4.97,21,2020,11,2020.0
2020-11-28,5.948947368421052,3.73,19,2020,11,2020.0
2020-11-29,6.112105263157894,4.35,19,2020,11,2020.0
2020-11-30,6.153636363636363,4.97,22,2020,11,2020.0
2020-12-01,6.21,6.21,22,2020,12,2020.0
2020-12-02,6.153636363636363,4.97,22,2020,12,2020.0
2020-12-03,6.129130434782609,4.35,23,2020,12,2020.0
2020-12-04,5.222727272727273,1.55,22,2020,12,2020.0
2020-12-05,5.533181818181818,2.17,22,2020,12,2020.0
2020-12-06,5.838,3.73,20,2020,12,2020.0
2020-12-07,5.940434782608696,3.73,23,2020,12,2020.0
2020-12-08,6.21,6.21,21,2020,12,2020.0
2020-12-09,5.984545454545454,4.97,22,2020,12,2020.0
2020-12-10,6.032857142857143,4.97,21,2020,12,2020.0
2020-12-11,6.102173913043478,4.97,23,2020,12,2020.0
2020-12-12,6.21,6.21,24,2020,12,2020.0
2020-12-13,6.21,6.21,24,2020,12,2020.0
2020-12-14,6.1066666666666665,4.97,24,2020,12,2020.0
2020-12-15,6.097272727272727,4.97,22,2020,12,2020.0
2020-12-16,5.435,3.73,24,2020,12,2020.0
2020-12-17,2.376086956521739,0.62,23,2020,12,2020.0
2020-12-18,1.9470833333333335,1.06,24,2020,12,2020.0
2020-12-19,3.0785714285714287,1.24,21,2020,12,2020.0
2020-12-20,5.392727272727273,3.11,22,2020,12,2020.0
2020-12-21,5.9943478260869565,3.73,23,2020,12,2020.0
2020-12-22,6.048260869565217,4.97,23,2020,12,2020.0
2020-12-23,6.21,6.21,24,2020,12,2020.0
2020-12-24,6.21,6.21,24,2020,12,2020.0
2020-12-25,5.11090909090909,3.73,22,2020,12,2020.0
2020-12-26,2.2256521739130433,0.43,23,2020,12,2020.0
2020-12-27,1.4278260869565218,0.56,23,2020,12,2020.0
2020-12-28,4.915652173913044,1.86,23,2020,12,2020.0
2020-12-29,5.886521739130434,4.97,23,2020,12,2020.0
2020-12-30,6.055,4.35,24,2020,12,2020.0
2020-12-31,6.21,6.21,24,2020,12,2020.0
2021-01-01,6.210000000000001,6.21,23,2021,1,2020.0
2021-01-02,5.826190476190476,3.11,21,2021,1,2020.0
2021-01-03,5.759090909090909,2.49,22,2021,1,2020.0
2021-01-04,5.859565217391305,3.73,23,2021,1,2020.0
2021-01-05,6.029166666666666,3.73,24,2021,1,2020.0
2021-01-06,5.984545454545454,4.97,22,2021,1,2020.0
2021-01-07,6.21,6.21,22,2021,1,2020.0
2021-01-08,6.210000000000001,6.21,23,2021,1,2020.0
2021-01-09,5.383333333333333,3.11,21,2021,1,2020.0
2021-01-10,5.293478260869565,3.11,23,2021,1,2020.0
2021-01-11,5.223636363636364,3.11,22,2021,1,2020.0
2021-01-12,5.886521739130434,4.35,23,2021,1,2020.0
2021-01-13,5.944285714285714,4.97,21,2021,1,2020.0
2021-01-14,5.465999999999999,3.73,20,2021,1,2020.0
2021-01-15,3.59304347826087,0.62,23,2021,1,2020.0
2021-01-16,5.131739130434783,3.73,23,2021,1,2020.0
2021-01-17,5.9943478260869565,4.97,23,2021,1,2020.0
2021-01-18,6.210000000000001,6.21,23,2021,1,2020.0
2021-01-19,2.5578260869565215,0.62,23,2021,1,2020.0
2021-01-20,1.6981818181818182,0.75,22,2021,1,2020.0
2021-01-21,0.8620000000000001,0.16,20,2021,1,2020.0
2021-01-22,1.0876190476190477,0.75,21,2021,1,2020.0
2021-01-23,3.70047619047619,3.11,21,2021,1,2020.0
2021-01-24,6.21,6.21,20,2021,1,2020.0
2021-01-25,6.21,6.21,18,2021,1,2020.0
2021-01-26,4.391333333333334,3.11,15,2021,1,2020.0
2021-01-27,6.091904761904762,4.97,21,2021,1,2020.0
2021-01-28,6.21,6.21,24,2021,1,2020.0
2021-01-29,2.5817391304347828,0.31,23,2021,1,2020.0
2021-01-30,1.0545454545454545,0.43,11,2021,1,2020.0
2021-01-31,1.0518750000000001,0.5,16,2021,1,2020.0
2021-02-01,3.9195652173913045,0.99,23,2021,2,2020.0
2021-02-02,6.21,6.21,21,2021,2,2020.0
2021-02-03,5.899583333333333,0.62,24,2021,2,2020.0
2021-02-04,3.3516666666666666,1.24,24,2021,2,2020.0
2021-02-05,1.661304347826087,0.37,23,2021,2,2020.0
2021-02-06,1.1490909090909092,0.5,22,2021,2,2020.0
2021-02-07,4.065833333333333,2.49,24,2021,2,2020.0
2021-02-08,5.984545454545454,4.97,22,2021,2,2020.0
2021-02-09,6.21,6.21,21,2021,2,2020.0
2021-02-10,6.21,6.21,20,2021,2,2020.0
2021-02-11,5.928181818181818,4.97,22,2021,2,2020.0
2021-02-12,6.210000000000001,6.21,23,2021,2,2020.0
2021-02-13,6.21,6.21,22,2021,2,2020.0
2021-02-14,4.364761904761904,2.49,21,2021,2,2020.0
2021-02-15,5.6463636363636365,3.73,22,2021,2,2020.0
2021-02-16,5.7247826086956515,4.35,23,2021,2,2020.0
2021-02-17,2.8455,0.62,20,2021,2,2020.0
2021-02-18,0.7376923076923076,0.19,13,2021,2,2020.0
2021-02-19,0.9134782608695653,0.62,23,2021,2,2020.0
2021-02-20,1.4756521739130437,0.62,23,2021,2,2020.0
2021-02-21,2.6504761904761907,1.86,21,2021,2,2020.0
2021-02-22,4.565652173913043,3.11,23,2021,2,2020.0
2021-02-23,5.158695652173913,3.73,23,2021,2,2020.0
2021-02-24,1.9038095238095236,0.5,21,2021,2,2020.0
2021-02-25,0.7965,0.5,20,2021,2,2020.0
2021-02-26,1.58,0.62,18,2021,2,2020.0
2021-02-27,2.8308695652173914,1.86,23,2021,2,2020.0
2021-02-28,5.767142857142857,4.35,21,2021,2,2020.0
2021-03-01,2.023,0.5,20,2021,3,2020.0
2021-03-02,2.0147826086956524,0.75,23,2021,3,2020.0
2021-03-03,2.7606666666666664,0.81,15,2021,3,2020.0
2021-03-04,2.9494736842105262,0.99,19,2021,3,2020.0
2021-03-05,2.818260869565217,0.75,23,2021,3,2020.0
2021-03-06,3.8145454545454545,3.11,22,2021,3,2020.0
2021-03-07,5.328947368421052,3.11,19,2021,3,2020.0
2021-03-08,5.072173913043478,2.49,23,2021,3,2020.0
2021-03-09,5.619047619047619,1.86,21,2021,3,2020.0
2021-03-10,5.824347826086957,1.68,23,2021,3,2020.0
2021-03-11,5.643913043478261,3.11,23,2021,3,2020.0
2021-03-12,6.003333333333333,4.97,24,2021,3,2020.0
2021-03-13,5.914761904761905,4.97,21,2021,3,2020.0
2021-03-14,2.259583333333333,0.5,24,2021,3,2020.0
2021-03-15,1.5654545454545454,0.68,22,2021,3,2020.0
2021-03-16,2.315909090909091,1.86,22,2021,3,2020.0
2021-03-17,2.9836842105263157,1.86,19,2021,3,2020.0
2021-03-18,1.736,0.75,20,2021,3,2020.0
2021-03-19,4.385882352941176,1.86,17,2021,3,2020.0
2021-03-20,6.048260869565217,4.97,23,2021,3,2020.0
2021-03-21,6.210000000000001,6.21,23,2021,3,2020.0
2021-03-22,5.931,4.35,20,2021,3,2020.0
2021-03-23,5.702727272727272,4.35,22,2021,3,2020.0
2021-03-24,3.105,1.24,22,2021,3,2020.0
2021-03-25,3.8758823529411766,3.73,17,2021,3,2020.0
2021-03-26,3.3270000000000004,2.49,20,2021,3,2020.0
2021-03-27,1.7404347826086957,0.56,23,2021,3,2020.0
2021-03-28,0.7585714285714286,0.19,21,2021,3,2020.0
2021-03-29,0.8320833333333333,0.19,24,2021,3,2020.0
2021-03-30,1.061,0.19,20,2021,3,2020.0
2021-03-31,1.7408695652173913,0.5,23,2021,3,2020.0
2021-04-01,3.0541176470588236,1.86,17,2021,4,
2021-04-02,5.822500000000001,4.35,24,2021,4,
2021-04-03,3.6525,0.93,24,2021,4,
2021-04-04,5.186999999999999,4.35,20,2021,4,
2021-04-05,6.21,6.21,11,2021,4,
2021-04-06,5.984545454545454,4.35,22,2021,4,
2021-04-07,5.714,2.49,20,2021,4,
2021-04-08,6.21,6.21,15,2021,4,
2021-04-09,6.032857142857142,4.97,14,2021,4,
2021-04-10,6.21,6.21,22,2021,4,
2021-04-11,4.887333333333333,3.11,15,2021,4,
2021-04-12,5.815454545454545,4.97,22,2021,4,
2021-04-13,5.4815,2.49,20,2021,4,
2021-04-14,5.940434782608696,3.73,23,2021,4,
2021-04-15,6.21,6.21,24,2021,4,
2021-04-16,5.796666666666667,4.97,3,2021,4,
2021-04-17,6.21,6.21,16,2021,4,
2021-04-18,6.21,6.21,20,2021,4,
2021-04-19,6.21,6.21,17,2021,4,
2021-04-20,6.21,6.21,13,2021,4,
2021-04-21,6.21,6.21,20,2021,4,
2021-04-22,6.21,6.21,17,2021,4,
2021-04-23,6.21,6.21,17,2021,4,
2021-04-24,6.048260869565217,4.35,23,2021,4,
2021-04-25,6.21,6.21,18,2021,4,
2021-04-26,6.21,6.21,21,2021,4,
2021-04-27,6.21,6.21,17,2021,4,
2021-04-28,6.21,6.21,24,2021,4,
2021-04-29,6.21,6.21,24,2021,4,
2021-04-30,6.210000000000001,6.21,23,2021,4,
2021-05-01,6.21,6.21,22,2021,5,
2021-05-02,6.21,6.21,24,2021,5,
2021-05-03,6.158333333333334,4.97,24,2021,5,
2021-05-04,6.21,6.21,22,2021,5,
2021-05-05,6.21,6.21,22,2021,5,
2021-05-06,6.21,6.21,20,2021,5,
2021-05-07,6.210000000000001,6.21,23,2021,5,
2021-05-08,6.184166666666666,5.59,24,2021,5,
2021-05-09,6.0752173913043475,3.11,23,2021,5,
2021-05-10,6.21,6.21,21,2021,5,
2021-05-11,6.21,6.21,14,2021,5,
2021-05-12,6.21,6.21,21,2021,5,
2021-05-13,6.21,6.21,19,2021,5,
2021-05-14,5.658888888888889,3.11,18,2021,5,
2021-05-15,5.956363636363636,4.35,22,2021,5,
2021-05-16,6.21,6.21,20,2021,5,
2021-05-17,6.21,6.21,17,2021,5,
2021-05-18,6.21,6.21,17,2021,5,
2021-05-19,6.21,6.21,17,2021,5,
2021-05-20,6.21,6.21,17,2021,5,
2021-05-21,6.21,6.21,19,2021,5,
2021-05-22,6.1066666666666665,4.97,24,2021,5,
2021-05-23,6.21,6.21,16,2021,5,
2021-05-24,6.21,6.21,18,2021,5,
2021-05-25,6.21,6.21,20,2021,5,
2021-05-26,6.21,6.21,20,2021,5,
2021-05-27,6.21,6.21,22,2021,5,
2021-05-28,6.210000000000001,6.21,23,2021,5,
2021-05-29,5.9775,4.35,24,2021,5,
2021-05-30,6.21,6.21,17,2021,5,
2021-05-31,6.210000000000001,6.21,23,2021,5,
2021-06-01,6.21,6.21,22,2021,6,
2021-06-02,6.21,6.21,20,2021,6,
2021-06-03,6.21,6.21,18,2021,6,
2021-06-04,5.465999999999999,2.49,20,2021,6,
2021-06-05,6.21,6.21,21,2021,6,
2021-06-06,6.21,6.21,20,2021,6,
2021-06-07,6.21,6.21,20,2021,6,
2021-06-08,6.21,6.21,12,2021,6,
2021-06-09,6.21,6.21,16,2021,6,
2021-06-10,6.21,6.21,16,2021,6,
2021-06-11,6.144736842105263,4.97,19,2021,6,
2021-06-12,6.210000000000001,6.21,23,2021,6,
2021-06-13,6.21,6.21,19,2021,6,
2021-06-14,6.21,6.21,21,2021,6,
2021-06-15,5.9688888888888885,3.11,18,2021,6,
2021-06-16,6.21,6.21,22,2021,6,
2021-06-17,6.210000000000001,6.21,23,2021,6,
2021-06-18,6.21,6.21,19,2021,6,
2021-06-19,5.984090909090909,1.24,22,2021,6,
2021-06-20,6.21,6.21,21,2021,6,
2021-06-21,6.079473684210527,4.97,19,2021,6,
2021-06-22,5.9775,4.97,16,2021,6,
2021-06-30,6.21,6.21,8,2021,6,
2021-07-01,6.032857142857142,3.73,14,2021,7,
2021-07-02,6.024,4.97,20,2021,7,
2021-07-03,5.962,4.97,20,2021,7,
2021-07-04,6.21,6.21,18,2021,7,
2021-07-05,6.21,6.21,19,2021,7,
2021-07-06,6.055,3.11,20,2021,7,
2021-07-07,5.625294117647059,1.24,17,2021,7,
2021-07-08,5.871363636363636,1.86,22,2021,7,
2021-07-09,5.28,3.11,16,2021,7,
2021-07-10,5.744999999999999,4.35,20,2021,7,
2021-07-11,6.21,6.21,17,2021,7,
2021-07-12,6.21,6.21,22,2021,7,
2021-07-13,6.21,6.21,21,2021,7,
2021-07-14,6.21,6.21,22,2021,7,
2021-07-15,5.913478260869565,4.35,23,2021,7,
2021-07-16,6.210000000000001,6.21,23,2021,7,
2021-07-17,6.210000000000001,6.21,23,2021,7,
2021-07-18,6.210000000000001,6.21,23,2021,7,
2021-07-19,6.21,6.21,20,2021,7,
2021-07-20,6.21,6.21,16,2021,7,
2021-07-21,6.21,6.21,15,2021,7,
2021-07-22,5.7139999999999995,4.35,15,2021,7,
2021-07-23,6.21,6.21,21,2021,7,
2021-07-24,6.21,6.21,16,2021,7,
2021-07-25,6.21,6.21,17,2021,7,
2021-07-26,5.39625,3.11,16,2021,7,
2021-07-27,6.21,6.21,22,2021,7,
2021-07-28,5.649047619047619,3.73,21,2021,7,
2021-07-29,6.21,6.21,22,2021,7,
2021-07-30,5.828461538461538,3.11,13,2021,7,
2021-07-31,6.21,6.21,20,2021,7,
2021-08-01,6.153636363636363,4.97,22,2021,8,
2021-08-02,6.091904761904762,3.73,21,2021,8,
2021-08-03,6.079473684210527,4.97,19,2021,8,
2021-08-04,6.21,6.21,13,2021,8,
2021-08-05,6.21,6.21,21,2021,8,
2021-08-06,6.153636363636363,4.97,22,2021,8,
2021-08-07,6.21,6.21,21,2021,8,
2021-08-08,5.865555555555556,4.97,18,2021,8,
2021-08-09,5.981578947368422,3.11,19,2021,8,
2021-08-10,6.21,6.21,22,2021,8,
2021-08-11,6.029166666666666,4.35,24,2021,8,
2021-08-12,6.148,4.97,20,2021,8,
2021-08-13,6.062380952380953,3.11,21,2021,8,
2021-08-14,6.21,6.21,20,2021,8,
2021-08-15,6.040909090909091,2.49,22,2021,8,
2021-08-16,6.158333333333334,4.97,24,2021,8,
2021-08-17,6.21,6.21,21,2021,8,
2021-08-18,6.21,6.21,20,2021,8,
2021-08-19,6.21,6.21,20,2021,8,
2021-08-20,6.21,6.21,22,2021,8,
2021-08-21,6.129130434782609,4.35,23,2021,8,
2021-08-22,6.0142105263157895,4.35,19,2021,8,
2021-08-23,6.21,6.21,22,2021,8,
2021-08-24,6.153636363636363,4.97,22,2021,8,
2021-08-25,5.951666666666667,3.11,24,2021,8,
2021-08-26,6.21,6.21,22,2021,8,
2021-08-27,6.210000000000001,6.21,23,2021,8,
2021-08-28,5.850526315789473,1.86,19,2021,8,
2021-08-29,6.079473684210527,4.97,19,2021,8,
2021-08-30,6.21,6.21,21,2021,8,
2021-08-31,6.21,6.21,24,2021,8,
2021-09-01,5.6933333333333325,4.35,24,2021,9,
2021-09-02,5.9688888888888885,3.11,18,2021,9,
2021-09-03,5.5630434782608695,3.11,23,2021,9,
2021-09-04,6.21,6.21,21,2021,9,
2021-09-05,6.21,6.21,24,2021,9,
2021-09-06,6.21,6.21,21,2021,9,
2021-09-07,4.8621739130434785,3.11,23,2021,9,
2021-09-08,5.59,3.11,18,2021,9,
2021-09-09,5.973809523809524,4.35,21,2021,9,
2021-09-10,6.21,6.21,19,2021,9,
2021-09-11,6.21,6.21,17,2021,9,
2021-09-12,5.822500000000001,3.11,24,2021,9,
2021-09-13,6.210000000000001,6.21,23,2021,9,
2021-09-14,6.21,6.21,4,2021,9,
2021-09-15,6.21,6.21,5,2021,9,
2021-09-16,6.21,6.21,2,2021,9,
2021-09-17,6.21,6.21,1,2021,9,
2021-09-18,6.21,6.21,3,2021,9,
2021-09-19,6.21,6.21,4,2021,9,
2021-09-20,6.21,6.21,3,2021,9,
2021-09-21,6.21,6.21,1,2021,9,
2021-09-22,6.21,6.21,8,2021,9,
2021-09-23,6.1066666666666665,4.35,18,2021,9,
2021-09-24,6.21,6.21,20,2021,9,
2021-09-25,6.21,6.21,22,2021,9,
2021-09-26,6.210000000000001,6.21,23,2021,9,
2021-09-27,6.210000000000001,6.21,23,2021,9,
2021-09-28,6.15095238095238,4.97,21,2021,9,
2021-09-29,5.984545454545454,3.73,22,2021,9,
2021-09-30,5.807,4.35,20,2021,9,
2021-10-01,5.8741666666666665,4.35,24,2021,10,
2021-10-02,6.21,6.21,21,2021,10,
2021-10-03,6.21,6.21,12,2021,10,
2021-10-04,6.121428571428572,4.97,14,2021,10,
2021-10-05,6.069090909090909,4.35,22,2021,10,
2021-10-06,6.21,6.21,21,2021,10,
2021-10-07,6.148,4.97,20,2021,10,
2021-10-08,5.869,2.49,20,2021,10,
2021-10-09,5.815454545454545,3.11,22,2021,10,
2021-10-10,5.486666666666667,3.11,24,2021,10,
2021-10-11,5.497,3.11,20,2021,10,
2021-10-12,5.6463636363636365,3.73,22,2021,10,
2021-10-13,6.055,4.35,12,2021,10,
2021-10-14,6.210000000000001,6.21,23,2021,10,
2021-10-15,5.848333333333333,4.35,24,2021,10,
2021-10-16,6.21,6.21,15,2021,10,
2021-10-17,6.21,6.21,22,2021,10,
2021-10-18,6.21,6.21,20,2021,10,
2021-10-19,6.21,6.21,22,2021,10,
2021-10-20,6.210000000000001,6.21,23,2021,10,
2021-10-21,5.191428571428572,3.73,14,2021,10,
2021-10-22,5.311,4.35,20,2021,10,
2021-10-23,5.796666666666667,4.97,21,2021,10,
2021-10-24,5.426842105263158,3.73,19,2021,10,
2021-10-25,5.088095238095238,3.73,21,2021,10,
2021-10-26,5.353809523809524,3.73,21,2021,10,
2021-10-27,6.210000000000001,6.21,23,2021,10,
2021-10-28,5.796666666666667,4.35,21,2021,10,
2021-10-29,6.055,4.97,24,2021,10,
2021-10-30,5.615833333333334,4.35,24,2021,10,
2021-10-31,5.4350000000000005,4.35,20,2021,10,
2021-11-01,3.3776470588235297,1.55,17,2021,11,2021.0
2021-11-02,3.4244999999999997,0.93,20,2021,11,2021.0
2021-11-03,5.471904761904762,3.73,21,2021,11,2021.0
2021-11-04,5.305833333333333,3.11,24,2021,11,2021.0
2021-11-05,5.471904761904762,3.73,21,2021,11,2021.0
2021-11-06,5.59,4.35,23,2021,11,2021.0
2021-11-07,5.428260869565217,3.73,23,2021,11,2021.0
2021-11-08,5.8741666666666665,3.73,24,2021,11,2021.0
2021-11-09,5.536086956521739,4.35,23,2021,11,2021.0
2021-11-10,5.796666666666667,4.35,21,2021,11,2021.0
2021-11-11,5.3420000000000005,3.11,20,2021,11,2021.0
2021-11-12,4.880952380952381,1.86,21,2021,11,2021.0
2021-11-13,5.435,2.49,24,2021,11,2021.0
2021-11-14,5.641666666666667,3.73,24,2021,11,2021.0
2021-11-15,5.848333333333333,4.35,24,2021,11,2021.0
2021-11-16,5.61695652173913,4.35,23,2021,11,2021.0
2021-11-17,4.904736842105263,3.11,19,2021,11,2021.0
2021-11-18,5.557368421052632,3.11,19,2021,11,2021.0
2021-11-19,6.055,4.97,24,2021,11,2021.0
2021-11-20,5.759090909090909,4.97,22,2021,11,2021.0
2021-11-21,5.796666666666667,4.97,24,2021,11,2021.0
2021-11-22,5.392727272727273,2.49,22,2021,11,2021.0
2021-11-23,5.511666666666667,1.86,24,2021,11,2021.0
2021-11-24,5.745,3.73,24,2021,11,2021.0
2021-11-25,6.21,6.21,24,2021,11,2021.0
2021-11-26,6.21,6.21,5,2021,11,2021.0
2021-11-27,5.59,3.11,22,2021,11,2021.0
2021-11-28,5.254166666666666,3.73,24,2021,11,2021.0
2021-11-29,5.8326086956521745,4.35,23,2021,11,2021.0
2021-11-30,6.086,4.97,20,2021,11,2021.0
2021-12-01,5.239565217391304,4.97,23,2021,12,2021.0
2021-12-02,2.526842105263158,0.31,19,2021,12,2021.0
2021-12-03,1.3494117647058825,0.4,17,2021,12,2021.0
2021-12-04,3.034,1.24,25,2021,12,2021.0
2021-12-05,4.792857142857143,4.35,21,2021,12,2021.0
2021-12-06,2.7621052631578946,1.24,19,2021,12,2021.0
2021-12-07,4.410625,0.37,16,2021,12,2021.0
2021-12-08,3.377083333333333,0.93,24,2021,12,2021.0
2021-12-09,1.8827272727272728,0.43,22,2021,12,2021.0
2021-12-10,1.3343478260869566,0.43,23,2021,12,2021.0
2021-12-11,4.438571428571429,3.11,21,2021,12,2021.0
2021-12-12,5.815454545454545,4.35,22,2021,12,2021.0
2021-12-13,5.8326086956521745,4.35,23,2021,12,2021.0
2021-12-14,5.951666666666667,4.97,24,2021,12,2021.0
2021-12-15,2.49,2.49,1,2021,12,2021.0
2021-12-16,3.7299999999999995,3.11,2,2021,12,2021.0
2021-12-17,0.93,0.93,1,2021,12,2021.0
2021-12-18,2.49,2.49,1,2021,12,2021.0
2021-12-19,2.17,2.17,1,2021,12,2021.0
2021-12-20,5.59,4.35,3,2021,12,2021.0
2021-12-21,3.73,3.73,1,2021,12,2021.0
2021-12-23,3.1719999999999997,2.49,10,2021,12,2021.0
2021-12-24,4.5825,3.73,24,2021,12,2021.0
2021-12-25,3.4030434782608694,0.93,23,2021,12,2021.0
2021-12-26,3.017916666666667,1.24,24,2021,12,2021.0
2021-12-27,4.66,3.11,24,2021,12,2021.0
2021-12-28,5.796666666666667,4.97,9,2021,12,2021.0
2021-12-29,6.21,6.21,15,2021,12,2021.0
2021-12-30,6.21,6.21,7,2021,12,2021.0
2021-12-31,6.21,6.21,14,2021,12,2021.0
2022-01-01,6.21,6.21,19,2022,1,2021.0
2022-01-02,3.6090476190476193,1.86,21,2022,1,2021.0
2022-01-03,1.5481818181818183,0.62,22,2022,1,2021.0
2022-01-04,1.7233333333333334,1.24,24,2022,1,2021.0
2022-01-05,2.356666666666667,1.55,12,2022,1,2021.0
2022-01-06,4.940476190476191,3.11,21,2022,1,2021.0
2022-01-07,221.69173913043483,3.73,23,2022,1,2021.0
2022-01-08,6.055,4.97,24,2022,1,2021.0
2022-01-09,5.618181818181818,3.73,22,2022,1,2021.0
2022-01-10,4.083333333333333,1.86,21,2022,1,2021.0
2022-01-11,6.21,6.21,17,2022,1,2021.0
2022-01-12,5.558999999999999,2.49,20,2022,1,2021.0
2022-01-13,5.815454545454545,3.73,22,2022,1,2021.0
2022-01-14,5.848333333333333,3.73,24,2022,1,2021.0
2022-01-15,6.210000000000001,6.21,23,2022,1,2021.0
2022-01-16,6.153636363636363,4.97,22,2022,1,2021.0
2022-01-17,6.032857142857143,4.97,21,2022,1,2021.0
2022-01-18,3.2880000000000003,0.75,20,2022,1,2021.0
2022-01-19,3.013478260869565,2.17,23,2022,1,2021.0
2022-01-20,2.2404347826086957,0.75,23,2022,1,2021.0
2022-01-21,1.6061904761904764,0.5,21,2022,1,2021.0
2022-01-22,4.482857142857143,4.35,14,2022,1,2021.0
2022-01-23,5.534705882352942,0.93,17,2022,1,2021.0
2022-01-24,6.21,6.21,10,2022,1,2021.0
2022-01-25,6.21,6.21,2,2022,1,2021.0
2022-01-26,5.876153846153846,4.97,13,2022,1,2021.0
2022-01-27,1.7966666666666666,0.16,24,2022,1,2021.0
2022-01-28,0.535,0.16,16,2022,1,2021.0
2022-01-29,1.4454545454545455,0.5,22,2022,1,2021.0
2022-01-30,3.2204545454545452,1.55,22,2022,1,2021.0
2022-01-31,4.753,3.73,20,2022,1,2021.0
2022-02-01,2.265,0.62,24,2022,2,2021.0
2022-02-02,3.5885714285714285,0.5,21,2022,2,2021.0
2022-02-03,6.21,6.21,24,2022,2,2021.0
2022-02-04,193.48956521739132,3.11,23,2022,2,2021.0
2022-02-05,1.4079166666666667,0.22,24,2022,2,2021.0
2022-02-06,1.4475,0.37,20,2022,2,2021.0
2022-02-07,1.0278947368421054,0.62,19,2022,2,2021.0
2022-02-08,3.545,1.55,22,2022,2,2021.0
2022-02-09,5.428260869565217,3.73,23,2022,2,2021.0
2022-02-10,4.492083333333333,2.8,24,2022,2,2021.0
2022-02-11,2.055454545454545,0.81,22,2022,2,2021.0
2022-02-12,1.5995833333333334,0.62,24,2022,2,2021.0
2022-02-13,3.6611111111111105,2.49,18,2022,2,2021.0
2022-02-14,3.9131818181818185,2.8,22,2022,2,2021.0
2022-02-15,4.1175,3.11,24,2022,2,2021.0
2022-02-16,5.471904761904762,4.35,21,2022,2,2021.0
2022-02-17,5.364545454545454,4.97,22,2022,2,2021.0
2022-02-18,4.422941176470588,3.73,17,2022,2,2021.0
2022-02-19,2.44625,0.93,24,2022,2,2021.0
2022-02-20,1.5582608695652176,0.31,23,2022,2,2021.0
2022-02-21,1.9583333333333333,0.62,18,2022,2,2021.0
2022-02-22,3.3236842105263156,0.93,19,2022,2,2021.0
2022-02-23,5.0009999999999994,3.73,20,2022,2,2021.0
2022-02-24,4.704285714285714,3.11,21,2022,2,2021.0
2022-02-25,1.984375,0.75,16,2022,2,2021.0
2022-02-26,2.189047619047619,0.93,21,2022,2,2021.0
2022-02-27,4.026521739130435,2.49,23,2022,2,2021.0
2022-02-28,5.755333333333334,4.35,15,2022,2,2021.0
2022-03-01,4.968571428571429,1.86,21,2022,3,2021.0
2022-03-02,6.064117647058824,4.97,17,2022,3,2021.0
2022-03-03,5.708095238095238,3.11,21,2022,3,2021.0
2022-03-04,4.8305,3.42,20,2022,3,2021.0
2022-03-05,3.4066666666666663,0.99,21,2022,3,2021.0
2022-03-06,3.0547826086956524,1.86,23,2022,3,2021.0
2022-03-07,3.826875,2.49,16,2022,3,2021.0
2022-03-08,5.002631578947368,4.35,19,2022,3,2021.0
2022-03-09,4.082380952380952,1.86,21,2022,3,2021.0
2022-03-10,2.29,1.24,16,2022,3,2021.0
2022-03-11,1.6441666666666668,0.22,12,2022,3,2021.0
2022-03-12,0.31823529411764706,0.25,17,2022,3,2021.0
2022-03-13,2.411304347826087,0.5,23,2022,3,2021.0
2022-03-14,4.530833333333333,3.11,24,2022,3,2021.0
2022-03-15,2.4118181818181816,0.25,11,2022,3,2021.0
2022-03-16,0.541764705882353,0.19,17,2022,3,2021.0
2022-03-17,0.7966666666666666,0.5,15,2022,3,2021.0
2022-03-18,2.289473684210526,0.93,19,2022,3,2021.0
2022-03-19,5.619523809523809,4.35,21,2022,3,2021.0
2022-03-20,5.347391304347826,3.11,23,2022,3,2021.0
2022-03-21,5.981578947368422,3.73,19,2022,3,2021.0
2022-03-22,5.8225,4.97,16,2022,3,2021.0
2022-03-23,2.4031578947368417,0.5,19,2022,3,2021.0
2022-03-24,0.65,0.5,21,2022,3,2021.0
2022-03-25,0.8010526315789473,0.5,19,2022,3,2021.0
2022-03-26,1.1852380952380952,0.25,21,2022,3,2021.0
2022-03-27,1.4728571428571429,0.5,21,2022,3,2021.0
2022-03-28,1.41,0.37,22,2022,3,2021.0
2022-03-29,2.3008333333333333,0.5,24,2022,3,2021.0
2022-03-30,4.194285714285714,2.17,14,2022,3,2021.0
2022-03-31,5.125,4.35,20,2022,3,2021.0
2022-04-01,6.21,6.21,9,2022,4,
2022-04-02,5.59,2.49,18,2022,4,
2022-04-03,5.914761904761905,4.97,21,2022,4,
2022-04-04,5.9775,4.97,16,2022,4,
2022-04-05,6.21,6.21,21,2022,4,
2022-04-06,6.072222222222222,4.97,9,2022,4,
2022-04-07,6.21,6.21,7,2022,4,
2022-04-08,5.501428571428571,4.97,7,2022,4,
2022-04-09,6.21,6.21,3,2022,4,
2022-04-10,6.21,6.21,9,2022,4,
2022-04-11,6.21,6.21,10,2022,4,
2022-04-12,5.59,3.73,8,2022,4,
2022-04-13,4.505,3.11,8,2022,4,
2022-04-14,5.796666666666667,3.73,12,2022,4,
2022-04-15,6.032857142857142,4.97,7,2022,4,
2022-04-16,6.21,6.21,2,2022,4,
2022-04-17,6.21,6.21,13,2022,4,
2022-04-18,5.883684210526315,4.97,19,2022,4,
2022-04-19,6.21,6.21,15,2022,4,
2022-04-20,6.21,6.21,8,2022,4,
2022-04-21,5.981578947368422,4.35,19,2022,4,
2022-04-22,6.21,6.21,18,2022,4,
2022-04-23,6.21,6.21,20,2022,4,
2022-04-24,6.21,6.21,20,2022,4,
2022-04-25,6.21,6.21,21,2022,4,
2022-04-26,6.21,6.21,24,2022,4,
2022-04-27,6.21,6.21,22,2022,4,
2022-04-28,6.21,6.21,24,2022,4,
2022-04-29,6.21,6.21,17,2022,4,
2022-04-30,6.210000000000001,6.21,23,2022,4,
2022-05-01,6.21,6.21,20,2022,5,
2022-05-02,6.21,6.21,20,2022,5,
2022-05-03,6.21,6.21,24,2022,5,
2022-05-04,5.9775,4.35,16,2022,5,
2022-05-05,6.21,6.21,24,2022,5,
2022-05-06,5.869,3.73,20,2022,5,
2022-05-07,5.394210526315789,3.11,19,2022,5,
2022-05-08,6.097272727272727,4.97,22,2022,5,
2022-05-10,6.21,6.21,17,2022,5,
2022-05-11,6.21,6.21,20,2022,5,
2022-05-12,6.21,6.21,16,2022,5,
2022-05-13,5.497,3.73,20,2022,5,
2022-05-14,6.15095238095238,4.97,21,2022,5,
2022-05-15,6.21,6.21,21,2022,5,
2022-05-16,4.261428571428572,3.11,21,2022,5,
2022-05-17,3.4495238095238094,2.49,21,2022,5,
2022-05-18,5.100526315789473,4.35,19,2022,5,
2022-05-19,4.6735,1.24,20,2022,5,
2022-05-20,5.5618181818181816,4.35,22,2022,5,
2022-05-21,4.7219999999999995,2.49,20,2022,5,
2022-05-22,5.651999999999999,4.97,20,2022,5,
2022-05-23,5.505454545454546,3.73,22,2022,5,
2022-05-24,6.21,6.21,22,2022,5,
2022-05-25,6.21,6.21,22,2022,5,
2022-05-26,6.21,6.21,21,2022,5,
2022-05-27,6.21,6.21,21,2022,5,
2022-05-28,6.21,6.21,24,2022,5,
2022-05-29,6.21,6.21,24,2022,5,
2022-05-30,6.21,6.21,20,2022,5,
2022-05-31,6.21,6.21,10,2022,5,
2022-06-01,6.21,6.21,18,2022,6,
2022-06-02,6.21,6.21,21,2022,6,
2022-06-03,5.364545454545454,4.35,11,2022,6,
2022-06-04,5.720526315789473,3.11,19,2022,6,
2022-06-05,5.5618181818181816,3.73,22,2022,6,
2022-06-06,6.1370588235294115,4.97,17,2022,6,
2022-06-07,5.944285714285714,4.35,21,2022,6,
2022-06-08,6.21,6.21,21,2022,6,
2022-06-09,6.21,6.21,21,2022,6,
2022-06-10,5.973809523809524,2.49,21,2022,6,
2022-06-11,5.59,4.97,10,2022,6,
2022-06-12,6.21,6.21,15,2022,6,
2022-06-13,6.21,6.21,22,2022,6,
2022-06-14,6.21,6.21,20,2022,6,
2022-06-15,5.24125,2.49,16,2022,6,
2022-06-16,5.486666666666666,4.35,18,2022,6,
2022-06-17,5.815454545454545,3.11,22,2022,6,
2022-06-18,6.21,6.21,22,2022,6,
2022-06-19,6.210000000000001,6.21,23,2022,6,
2022-06-20,6.210000000000001,6.21,23,2022,6,
2022-06-21,5.973809523809524,4.97,21,2022,6,
2022-06-22,6.210000000000001,6.21,23,2022,6,
2022-06-23,6.040909090909091,2.49,22,2022,6,
2022-06-24,6.032857142857142,4.97,7,2022,6,
2022-06-25,6.21,6.21,17,2022,6,
2022-06-26,5.6376923076923084,2.49,13,2022,6,
2022-06-27,6.21,6.21,22,2022,6,
2022-06-28,6.21,6.21,19,2022,6,
2022-06-29,5.8326086956521745,3.11,23,2022,6,
2022-06-30,5.674545454545455,3.11,22,2022,6,
2022-07-01,6.21,6.21,22,2022,7,
2022-07-02,6.210000000000001,6.21,23,2022,7,
2022-07-03,6.027647058823529,3.11,17,2022,7,
2022-07-04,5.482173913043479,2.49,23,2022,7,
2022-07-05,6.21,6.21,24,2022,7,
2022-07-06,6.0752173913043475,3.11,23,2022,7,
2022-07-07,6.055,4.97,24,2022,7,
2022-07-08,6.21,6.21,24,2022,7,
2022-07-09,6.21,6.21,12,2022,7,
2022-07-10,6.21,6.21,3,2022,7,
2022-07-12,6.086,4.97,10,2022,7,
2022-07-13,6.21,6.21,24,2022,7,
2022-07-14,6.21,6.21,21,2022,7,
2022-07-15,6.097272727272727,4.97,11,2022,7,
2022-07-16,6.21,6.21,18,2022,7,
2022-07-17,5.393157894736842,1.86,19,2022,7,
2022-07-18,6.21,6.21,1,2022,7,
2022-07-27,6.21,6.21,1,2022,7,
2022-07-28,6.21,6.21,3,2022,7,
2022-08-01,6.21,6.21,2,2022,8,
2022-08-02,5.156000000000001,3.73,10,2022,8,
2022-08-03,4.504545454545454,1.24,22,2022,8,
2022-08-04,5.796666666666667,4.35,18,2022,8,
2022-08-05,6.144736842105263,4.97,19,2022,8,
2022-08-06,6.21,6.21,24,2022,8,
2022-08-07,6.21,6.21,19,2022,8,
2022-08-08,6.114615384615385,4.97,13,2022,8,
2022-08-09,6.21,6.21,8,2022,8,
2022-08-10,6.21,6.21,12,2022,8,
2022-08-11,5.759090909090909,3.11,11,2022,8,
2022-08-12,6.21,6.21,11,2022,8,
2022-08-13,5.1123076923076916,1.86,13,2022,8,
2022-08-14,6.21,6.21,8,2022,8,
2022-08-15,6.097272727272727,4.97,11,2022,8,
2022-08-16,6.21,6.21,12,2022,8,
2022-08-17,6.21,6.21,11,2022,8,
2022-08-18,6.086,4.97,10,2022,8,
2022-08-19,5.59,4.97,4,2022,8,
2022-08-20,6.21,6.21,18,2022,8,
2022-08-21,6.141111111111111,4.97,18,2022,8,
2022-08-22,6.21,6.21,21,2022,8,
2022-08-23,6.210000000000001,6.21,23,2022,8,
2022-08-24,6.21,6.21,18,2022,8,
2022-08-25,5.670869565217392,3.73,23,2022,8,
2022-08-26,5.59,4.35,18,2022,8,
2022-08-27,6.156086956521739,4.97,23,2022,8,
2022-08-28,5.925833333333333,2.49,24,2022,8,
2022-08-29,5.745,2.49,20,2022,8,
2022-08-30,5.928181818181818,3.11,22,2022,8,
2022-08-31,6.21,6.21,22,2022,8,
2022-09-01,6.21,6.21,20,2022,9,
2022-09-02,6.21,6.21,19,2022,9,
2022-09-03,6.21,6.21,19,2022,9,
2022-09-04,6.153636363636363,4.97,22,2022,9,
2022-09-05,6.21,6.21,24,2022,9,
2022-09-06,6.012727272727273,3.11,22,2022,9,
2022-09-07,6.040909090909091,4.97,22,2022,9,
2022-09-08,6.158333333333334,4.97,24,2022,9,
2022-09-09,5.821666666666666,2.17,24,2022,9,
2022-09-10,6.055,4.97,8,2022,9,
2022-09-12,6.21,6.21,8,2022,9,
2022-09-13,5.826190476190476,3.11,21,2022,9,
2022-09-14,6.210000000000001,6.21,23,2022,9,
2022-09-15,6.210000000000001,6.21,23,2022,9,
2022-09-16,5.54,1.55,19,2022,9,
2022-09-17,6.21,6.21,22,2022,9,
2022-09-18,5.9775,4.35,24,2022,9,
2022-09-19,6.21,6.21,24,2022,9,
2022-09-20,6.21,6.21,24,2022,9,
2022-09-21,5.940434782608696,3.11,23,2022,9,
2022-09-22,5.914761904761905,3.73,21,2022,9,
2022-09-23,6.21,6.21,24,2022,9,
2022-09-24,6.21,6.21,24,2022,9,
2022-09-25,6.21,6.21,18,2022,9,
2022-09-26,6.21,6.21,20,2022,9,
2022-09-27,5.818421052631579,4.35,19,2022,9,
2022-09-28,6.21,6.21,20,2022,9,
2022-09-29,6.066923076923077,4.35,13,2022,9,
2022-09-30,6.21,6.21,9,2022,9,
2022-10-01,6.21,6.21,13,2022,10,
2022-10-02,6.21,6.21,10,2022,10,
2022-10-03,6.21,6.21,10,2022,10,
2022-10-04,6.21,6.21,18,2022,10,
2022-10-05,6.21,6.21,22,2022,10,
2022-10-06,6.21,6.21,22,2022,10,
2022-10-07,6.21,6.21,21,2022,10,
2022-10-08,6.21,6.21,18,2022,10,
2022-10-09,6.029166666666666,4.35,24,2022,10,
2022-10-10,4.615714285714286,3.73,21,2022,10,
2022-10-11,4.913636363636363,3.73,22,2022,10,
2022-10-12,4.754347826086956,2.49,23,2022,10,
2022-10-13,5.328947368421052,3.11,19,2022,10,
2022-10-14,4.8621739130434785,2.49,23,2022,10,
2022-10-15,2.924090909090909,1.86,22,2022,10,
2022-10-16,3.0817391304347823,1.24,23,2022,10,
2022-10-17,4.187619047619047,2.49,21,2022,10,
2022-10-18,3.870416666666667,1.24,24,2022,10,
2022-10-19,3.8850000000000002,2.49,20,2022,10,
2022-10-20,3.8075,2.49,20,2022,10,
2022-10-21,5.86125,4.35,16,2022,10,
2022-10-22,6.21,6.21,20,2022,10,
2022-10-23,6.21,6.21,17,2022,10,
2022-10-24,5.465999999999999,4.35,20,2022,10,
2022-10-25,3.1608695652173915,0.93,23,2022,10,
2022-10-26,4.0252380952380955,2.49,21,2022,10,
2022-10-27,3.9342857142857146,0.93,21,2022,10,
2022-10-28,4.6445454545454545,2.17,22,2022,10,
2022-10-29,5.5125,4.35,16,2022,10,
2022-10-30,5.2647619047619045,1.86,21,2022,10,
2022-10-31,5.195454545454545,2.49,22,2022,10,
2022-11-01,5.745,4.35,24,2022,11,2022.0
2022-11-02,2.4066666666666667,0.43,24,2022,11,2022.0
2022-11-03,2.019090909090909,0.56,22,2022,11,2022.0
2022-11-04,3.6736363636363634,3.11,22,2022,11,2022.0
2022-11-05,5.0475,3.11,24,2022,11,2022.0
2022-11-06,5.9943478260869565,3.73,23,2022,11,2022.0
2022-11-07,6.158333333333334,4.97,24,2022,11,2022.0
2022-11-08,6.158333333333334,4.97,24,2022,11,2022.0
2022-11-09,5.59,4.35,23,2022,11,2022.0
2022-11-10,4.711666666666667,2.49,24,2022,11,2022.0
2022-11-11,5.110454545454545,1.86,22,2022,11,2022.0
2022-11-12,5.088095238095238,4.35,21,2022,11,2022.0
2022-11-13,4.6881818181818184,3.11,11,2022,11,2022.0
2022-11-14,6.1370588235294115,4.97,17,2022,11,2022.0
2022-11-15,5.651999999999999,3.73,20,2022,11,2022.0
2022-11-16,3.7849999999999997,1.86,22,2022,11,2022.0
2022-11-17,4.107391304347826,3.11,23,2022,11,2022.0
2022-11-18,5.883684210526315,4.35,19,2022,11,2022.0
2022-11-19,5.984545454545454,4.35,22,2022,11,2022.0
2022-11-20,6.210000000000001,6.21,23,2022,11,2022.0
2022-11-21,6.210000000000001,6.21,23,2022,11,2022.0
2022-11-22,6.21,6.21,24,2022,11,2022.0
2022-11-23,3.9569565217391305,1.86,23,2022,11,2022.0
2022-11-24,5.56047619047619,3.73,21,2022,11,2022.0
2022-11-25,5.185652173913043,3.11,23,2022,11,2022.0
2022-11-26,4.97,3.11,23,2022,11,2022.0
2022-11-27,3.3689473684210527,0.93,19,2022,11,2022.0
2022-11-28,5.419,1.55,20,2022,11,2022.0
2022-11-29,5.152352941176471,3.73,17,2022,11,2022.0
2022-11-30,5.913478260869565,4.35,23,2022,11,2022.0
2022-12-01,6.153636363636363,4.97,22,2022,12,2022.0
2022-12-02,5.308181818181819,4.97,22,2022,12,2022.0
2022-12-03,5.745,3.11,24,2022,12,2022.0
2022-12-04,6.048260869565217,4.97,23,2022,12,2022.0
2022-12-05,4.71125,1.86,24,2022,12,2022.0
2022-12-06,2.566818181818182,0.43,22,2022,12,2022.0
2022-12-07,2.9186956521739127,1.55,23,2022,12,2022.0
2022-12-08,4.405454545454545,1.86,22,2022,12,2022.0
2022-12-09,4.080909090909091,1.24,22,2022,12,2022.0
2022-12-10,3.5465217391304344,0.5,23,2022,12,2022.0
2022-12-11,4.781304347826087,2.49,23,2022,12,2022.0
2022-12-12,5.796666666666667,4.97,21,2022,12,2022.0
2022-12-13,5.505454545454546,3.73,22,2022,12,2022.0
2022-12-14,6.079473684210527,4.97,19,2022,12,2022.0
2022-12-15,5.984545454545454,4.97,22,2022,12,2022.0
2022-12-16,6.012727272727273,4.35,22,2022,12,2022.0
2022-12-17,6.1066666666666665,4.97,24,2022,12,2022.0
2022-12-18,5.266521739130434,4.35,23,2022,12,2022.0
2022-12-19,5.9943478260869565,4.97,23,2022,12,2022.0
2022-12-20,5.59,4.97,10,2022,12,2022.0
2022-12-21,6.21,6.21,17,2022,12,2022.0
2022-12-22,6.21,6.21,24,2022,12,2022.0
2022-12-23,6.1066666666666665,4.97,24,2022,12,2022.0
2022-12-24,3.139130434782609,0.75,23,2022,12,2022.0
2022-12-25,3.7695652173913046,1.86,23,2022,12,2022.0
2022-12-26,3.3519999999999994,0.62,20,2022,12,2022.0
2022-12-27,3.3857894736842105,0.93,19,2022,12,2022.0
2022-12-28,2.72625,0.5,24,2022,12,2022.0
2022-12-29,2.7286363636363635,0.68,22,2022,12,2022.0
2022-12-30,2.104,0.62,20,2022,12,2022.0
2022-12-31,3.3533333333333335,0.62,24,2022,12,2022.0
2023-01-01,2.764705882352941,0.5,17,2023,1,2022.0
2023-01-02,1.3275,0.19,24,2023,1,2022.0
2023-01-03,1.0004545454545455,0.37,22,2023,1,2022.0
2023-01-04,1.041304347826087,0.25,23,2023,1,2022.0
2023-01-05,1.492727272727273,0.4,22,2023,1,2022.0
2023-01-06,1.5491304347826087,0.56,23,2023,1,2022.0
2023-01-07,2.637826086956522,1.12,23,2023,1,2022.0
2023-01-08,5.28,3.73,22,2023,1,2022.0
2023-01-09,5.984545454545454,4.97,22,2023,1,2022.0
2023-01-10,2.61304347826087,0.37,23,2023,1,2022.0
2023-01-11,1.2763636363636364,0.5,22,2023,1,2022.0
2023-01-12,3.4763636363636365,2.49,22,2023,1,2022.0
2023-01-13,3.6436363636363636,1.55,22,2023,1,2022.0
2023-01-14,3.9852173913043476,1.24,23,2023,1,2022.0
2023-01-15,4.77625,2.49,24,2023,1,2022.0
2023-01-16,4.315454545454545,1.86,22,2023,1,2022.0
2023-01-17,3.0595238095238093,1.06,21,2023,1,2022.0
2023-01-18,3.7568181818181814,1.86,22,2023,1,2022.0
2023-01-19,5.449090909090909,3.11,22,2023,1,2022.0
2023-01-20,5.871818181818182,4.35,22,2023,1,2022.0
2023-01-21,6.040909090909091,4.97,22,2023,1,2022.0
2023-01-22,5.940434782608696,4.97,23,2023,1,2022.0
2023-01-23,6.079473684210527,4.97,19,2023,1,2022.0
2023-01-24,6.21,6.21,22,2023,1,2022.0
2023-01-25,6.003333333333333,4.97,24,2023,1,2022.0
2023-01-26,6.21,6.21,22,2023,1,2022.0
2023-01-27,4.95625,1.86,24,2023,1,2022.0
2023-01-28,5.455217391304347,3.73,23,2023,1,2022.0
2023-01-29,6.003333333333333,3.73,24,2023,1,2022.0
2023-01-30,5.787272727272727,4.35,22,2023,1,2022.0
2023-01-31,5.783333333333334,0.93,24,2023,1,2022.0
2023-02-01,3.649090909090909,1.99,22,2023,2,2022.0
2023-02-02,1.5391304347826087,0.43,23,2023,2,2022.0
2023-02-03,1.1821739130434783,0.5,23,2023,2,2022.0
2023-02-04,3.86875,0.93,24,2023,2,2022.0
2023-02-05,6.064117647058824,4.97,17,2023,2,2022.0
2023-02-06,4.673478260869565,3.11,23,2023,2,2022.0
2023-02-07,2.470869565217391,0.93,23,2023,2,2022.0
2023-02-08,1.4686363636363637,0.62,22,2023,2,2022.0
2023-02-09,3.390869565217391,1.86,23,2023,2,2022.0
2023-02-10,5.885238095238096,4.35,21,2023,2,2022.0
2023-02-11,4.631818181818182,2.49,22,2023,2,2022.0
2023-02-12,3.558181818181818,0.93,22,2023,2,2022.0
2023-02-13,3.0029166666666662,1.24,24,2023,2,2022.0
2023-02-14,4.5825,3.73,24,2023,2,2022.0
2023-02-15,2.301304347826087,0.56,23,2023,2,2022.0
2023-02-16,0.8060869565217391,0.19,23,2023,2,2022.0
2023-02-17,1.0147826086956522,0.12,23,2023,2,2022.0
2023-02-18,0.8578260869565217,0.12,23,2023,2,2022.0
2023-02-19,1.0330434782608697,0.25,23,2023,2,2022.0
2023-02-20,0.984090909090909,0.31,22,2023,2,2022.0
2023-02-21,1.6925000000000001,0.62,20,2023,2,2022.0
2023-02-22,1.7045833333333331,0.56,24,2023,2,2022.0
2023-02-23,4.110434782608695,1.24,23,2023,2,2022.0
2023-02-24,5.934444444444444,4.97,9,2023,2,2022.0
2023-02-25,6.21,6.21,6,2023,2,2022.0
2023-02-26,6.21,6.21,3,2023,2,2022.0
2023-02-27,5.928181818181818,4.35,11,2023,2,2022.0
2023-02-28,5.951666666666667,3.73,24,2023,2,2022.0
2023-03-01,5.848333333333333,3.11,24,2023,3,2022.0
2023-03-02,6.153636363636363,4.97,22,2023,3,2022.0
2023-03-03,5.6675,3.11,24,2023,3,2022.0
2023-03-04,5.6463636363636365,4.35,22,2023,3,2022.0
2023-03-05,6.040909090909091,4.97,22,2023,3,2022.0
2023-03-06,6.086,4.97,20,2023,3,2022.0
2023-03-07,5.796666666666667,3.73,24,2023,3,2022.0
2023-03-08,5.984545454545454,4.35,22,2023,3,2022.0
2023-03-09,5.720526315789473,4.35,19,2023,3,2022.0
2023-03-10,5.778695652173913,4.97,23,2023,3,2022.0
2023-03-11,5.678571428571429,4.97,21,2023,3,2022.0
2023-03-12,6.003333333333334,4.97,18,2023,3,2022.0
2023-03-13,6.21,6.21,22,2023,3,2022.0
2023-03-14,6.21,6.21,24,2023,3,2022.0
2023-03-15,6.21,6.21,22,2023,3,2022.0
2023-03-16,6.21,6.21,19,2023,3,2022.0
2023-03-17,6.21,6.21,18,2023,3,2022.0
2023-03-18,6.21,6.21,21,2023,3,2022.0
2023-03-19,6.21,6.21,19,2023,3,2022.0
2023-03-20,6.21,6.21,20,2023,3,2022.0
2023-03-21,6.064117647058824,4.97,17,2023,3,2022.0
2023-03-22,6.1066666666666665,4.97,24,2023,3,2022.0
2023-03-23,6.21,6.21,24,2023,3,2022.0
2023-03-24,6.055,4.97,24,2023,3,2022.0
2023-03-25,5.61695652173913,4.97,23,2023,3,2022.0
2023-03-26,5.328947368421052,4.35,19,2023,3,2022.0
2023-03-27,2.5816666666666666,0.81,24,2023,3,2022.0
2023-03-28,2.8375,1.55,24,2023,3,2022.0
2023-03-29,4.172857142857143,2.8,21,2023,3,2022.0
2023-03-30,6.21,6.21,19,2023,3,2022.0
2023-03-31,2.1714285714285717,0.25,21,2023,3,2022.0
2023-04-01,1.0247368421052632,0.4,19,2023,4,
2023-04-02,2.8633333333333333,1.86,24,2023,4,
2023-04-03,5.697826086956522,4.35,23,2023,4,
2023-04-04,6.21,6.21,24,2023,4,
2023-04-05,5.9,3.73,22,2023,4,
2023-04-06,6.21,6.21,21,2023,4,
2023-04-07,5.796666666666667,4.35,24,2023,4,
2023-04-08,6.21,6.21,22,2023,4,
2023-04-09,6.21,6.21,22,2023,4,
2023-04-10,6.21,6.21,24,2023,4,
2023-04-11,6.1066666666666665,4.97,24,2023,4,
2023-04-12,4.215217391304348,3.11,23,2023,4,
2023-04-13,2.2920833333333333,0.62,24,2023,4,
2023-04-14,2.3747826086956523,0.75,23,2023,4,
2023-04-15,4.781304347826087,2.49,23,2023,4,
2023-04-16,5.412857142857143,3.73,21,2023,4,
2023-04-17,6.21,6.21,8,2023,4,
2023-04-18,6.003333333333334,4.97,18,2023,4,
2023-04-19,6.21,6.21,21,2023,4,
2023-04-20,6.097272727272727,4.97,22,2023,4,
2023-04-21,6.21,6.21,19,2023,4,
2023-04-22,6.21,6.21,24,2023,4,
2023-04-23,5.796666666666667,4.97,18,2023,4,
2023-04-24,6.079473684210527,4.97,19,2023,4,
2023-04-25,6.21,6.21,24,2023,4,
2023-04-26,5.843636363636364,3.11,22,2023,4,
2023-04-27,6.21,6.21,21,2023,4,
2023-04-28,6.210000000000001,6.21,23,2023,4,
2023-04-29,6.210000000000001,6.21,23,2023,4,
2023-04-30,6.21,6.21,24,2023,4,
2023-05-01,6.21,6.21,24,2023,5,
2023-05-02,6.210000000000001,6.21,23,2023,5,
2023-05-03,6.210000000000001,6.21,23,2023,5,
2023-05-04,6.21,6.21,22,2023,5,
2023-05-05,6.156086956521739,4.97,23,2023,5,
2023-05-06,6.21,6.21,24,2023,5,
2023-05-07,6.21,6.21,24,2023,5,
2023-05-08,6.024,4.97,20,2023,5,
2023-05-09,6.21,6.21,22,2023,5,
2023-05-10,6.21,6.21,18,2023,5,
2023-05-11,5.859565217391305,3.73,23,2023,5,
2023-05-12,6.210000000000001,6.21,23,2023,5,
2023-05-13,6.210000000000001,6.21,23,2023,5,
2023-05-14,6.21,6.21,24,2023,5,
2023-05-15,6.210000000000001,6.21,23,2023,5,
2023-05-16,6.21,6.21,20,2023,5,
2023-05-17,6.21,6.21,9,2023,5,
2023-05-18,6.21,6.21,9,2023,5,
2023-05-19,6.21,6.21,16,2023,5,
2023-05-20,6.21,6.21,20,2023,5,
2023-05-21,5.984545454545454,3.11,22,2023,5,
2023-05-22,5.826190476190476,3.11,21,2023,5,
2023-05-23,6.097272727272727,4.97,22,2023,5,
2023-05-24,6.158333333333334,4.97,24,2023,5,
2023-05-25,6.210000000000001,6.21,23,2023,5,
2023-05-26,6.21,6.21,24,2023,5,
2023-05-27,6.21,6.21,24,2023,5,
2023-05-28,6.21,6.21,22,2023,5,
2023-05-29,6.210000000000001,6.21,23,2023,5,
2023-05-30,6.21,6.21,21,2023,5,
2023-05-31,5.537222222222223,0.62,18,2023,5,
2023-06-01,6.21,6.21,22,2023,6,
2023-06-02,6.021304347826088,3.73,23,2023,6,
2023-06-03,6.21,6.21,20,2023,6,
2023-06-04,6.21,6.21,20,2023,6,
2023-06-05,6.21,6.21,22,2023,6,
2023-06-06,6.210000000000001,6.21,23,2023,6,
2023-06-07,5.476818181818182,1.24,22,2023,6,
2023-06-08,6.21,6.21,24,2023,6,
2023-06-09,6.210000000000001,6.21,23,2023,6,
2023-06-10,6.003333333333333,4.97,24,2023,6,
2023-06-11,6.21,6.21,22,2023,6,
2023-06-12,6.21,6.21,20,2023,6,
2023-06-13,6.0752173913043475,3.11,23,2023,6,
2023-06-14,6.21,6.21,21,2023,6,
2023-06-15,6.21,6.21,22,2023,6,
2023-06-16,6.21,6.21,18,2023,6,
2023-06-17,6.210000000000001,6.21,23,2023,6,
2023-06-18,6.21,6.21,19,2023,6,
2023-06-19,6.21,6.21,20,2023,6,
2023-06-20,6.21,6.21,18,2023,6,
2023-06-21,6.0142105263157895,3.73,19,2023,6,
2023-06-22,6.085999999999999,4.35,15,2023,6,
2023-06-23,6.125454545454545,4.35,22,2023,6,
2023-06-24,6.003333333333334,3.73,18,2023,6,
2023-06-25,5.805652173913043,3.73,23,2023,6,
2023-06-26,6.21,6.21,22,2023,6,
2023-06-27,6.156086956521739,4.97,23,2023,6,
2023-06-28,5.940434782608696,4.97,23,2023,6,
2023-06-29,6.210000000000001,6.21,23,2023,6,
2023-06-30,6.21,6.21,22,2023,6,
2023-07-01,6.029166666666666,3.11,24,2023,7,
2023-07-02,5.6933333333333325,3.73,24,2023,7,
2023-07-03,6.0752173913043475,3.11,23,2023,7,
2023-07-04,6.158333333333334,4.97,24,2023,7,
2023-07-05,6.210000000000001,6.21,23,2023,7,
2023-07-06,6.210000000000001,6.21,23,2023,7,
2023-07-07,5.925833333333333,3.11,24,2023,7,
2023-07-08,6.21,6.21,20,2023,7,
2023-07-09,6.1066666666666665,4.97,24,2023,7,
2023-07-10,6.21,6.21,24,2023,7,
2023-07-11,6.129130434782609,4.35,23,2023,7,
2023-07-12,5.956363636363636,3.11,22,2023,7,
2023-07-13,6.21,6.21,24,2023,7,
2023-07-14,5.702727272727272,4.97,22,2023,7,
2023-07-15,6.210000000000001,6.21,23,2023,7,
2023-07-16,6.210000000000001,6.21,23,2023,7,
2023-07-17,6.210000000000001,6.21,23,2023,7,
2023-07-18,6.21,6.21,24,2023,7,
2023-07-19,6.21,6.21,24,2023,7,
2023-07-20,6.21,6.21,24,2023,7,
2023-07-21,5.59,3.11,23,2023,7,
2023-07-22,6.153636363636363,4.97,22,2023,7,
2023-07-23,5.826190476190476,3.11,21,2023,7,
2023-07-24,6.21,6.21,21,2023,7,
2023-07-25,6.21,6.21,10,2023,7,
2023-07-26,6.21,6.21,18,2023,7,
2023-07-27,5.913478260869565,3.11,23,2023,7,
2023-07-28,5.9943478260869565,4.97,23,2023,7,
2023-07-29,6.21,6.21,24,2023,7,
2023-07-30,6.210000000000001,6.21,23,2023,7,
2023-07-31,5.8999999999999995,3.11,24,2023,7,
2023-08-01,6.21,6.21,19,2023,8,
2023-08-02,6.210000000000001,6.21,23,2023,8,
2023-08-03,6.21,6.21,18,2023,8,
2023-08-04,6.21,6.21,15,2023,8,
2023-08-05,5.796666666666667,3.11,24,2023,8,
2023-08-06,5.641666666666667,3.11,24,2023,8,
2023-08-07,6.21,6.21,22,2023,8,
2023-08-08,6.21,6.21,22,2023,8,
2023-08-09,6.003333333333334,4.97,18,2023,8,
2023-08-10,5.855714285714286,2.49,14,2023,8,
2023-08-11,6.21,6.21,14,2023,8,
2023-08-12,6.21,6.21,22,2023,8,
2023-08-13,6.032857142857143,4.97,21,2023,8,
2023-08-14,6.21,6.21,22,2023,8,
2023-08-15,6.21,6.21,20,2023,8,
2023-08-16,6.21,6.21,20,2023,8,
2023-08-17,6.153636363636363,4.97,22,2023,8,
2023-08-18,6.15095238095238,4.97,21,2023,8,
2023-08-19,5.967391304347826,4.35,23,2023,8,
2023-08-20,6.158333333333334,4.97,24,2023,8,
2023-08-21,6.21,6.21,24,2023,8,
2023-08-22,6.210000000000001,6.21,23,2023,8,
2023-08-23,6.158333333333334,4.97,24,2023,8,
2023-08-24,5.940434782608696,3.11,23,2023,8,
2023-08-25,6.21,6.21,21,2023,8,
2023-08-26,6.210000000000001,6.21,23,2023,8,
2023-08-27,5.776,3.11,20,2023,8,
2023-08-28,6.21,6.21,21,2023,8,
2023-08-29,6.21,6.21,18,2023,8,
2023-08-30,5.871818181818182,4.97,11,2023,8,
2023-08-31,6.21,6.21,12,2023,8,
2023-09-01,6.21,6.21,10,2023,9,
2023-09-02,6.21,6.21,17,2023,9,
2023-09-03,6.21,6.21,19,2023,9,
2023-09-04,5.6463636363636365,3.11,11,2023,9,
2023-09-05,6.21,6.21,10,2023,9,
2023-09-06,6.21,6.21,12,2023,9,
2023-09-07,6.21,6.21,10,2023,9,
2023-09-08,6.21,6.21,9,2023,9,
2023-09-09,5.934444444444444,3.73,9,2023,9,
2023-09-10,6.21,6.21,9,2023,9,
2023-09-11,6.21,6.21,7,2023,9,
2023-09-12,6.21,6.21,11,2023,9,
2023-09-13,6.21,6.21,13,2023,9,
2023-09-14,6.21,6.21,9,2023,9,
2023-09-15,6.21,6.21,8,2023,9,
2023-09-16,6.21,6.21,18,2023,9,
2023-09-17,6.21,6.21,11,2023,9,
2023-09-18,6.003333333333333,4.97,6,2023,9,
2023-09-19,6.21,6.21,10,2023,9,
2023-09-20,6.21,6.21,13,2023,9,
2023-09-21,6.21,6.21,11,2023,9,
2023-09-22,6.21,6.21,9,2023,9,
2023-09-23,6.21,6.21,11,2023,9,
2023-09-24,6.21,6.21,12,2023,9,
2023-09-25,6.21,6.21,7,2023,9,
2023-09-26,6.21,6.21,15,2023,9,
2023-09-27,6.21,6.21,10,2023,9,
2023-09-28,6.086,3.73,20,2023,9,
2023-09-29,6.21,6.21,22,2023,9,
2023-09-30,5.956363636363636,4.35,22,2023,9,
2023-10-01,5.778695652173913,4.35,23,2023,10,
2023-10-02,6.062380952380953,4.35,21,2023,10,
2023-10-03,4.071,2.49,20,2023,10,
2023-10-04,2.5487499999999996,0.93,24,2023,10,
2023-10-05,1.7074999999999998,0.5,24,2023,10,
2023-10-06,2.7377777777777776,0.87,18,2023,10,
2023-10-07,4.401666666666666,3.11,24,2023,10,
2023-10-08,3.1079166666666667,0.93,24,2023,10,
2023-10-09,4.866666666666666,3.11,24,2023,10,
2023-10-10,5.967391304347826,4.35,23,2023,10,
2023-10-11,4.0117391304347825,1.86,23,2023,10,
2023-10-12,2.4569565217391305,1.55,23,2023,10,
2023-10-13,4.618260869565217,1.86,23,2023,10,
2023-10-14,5.029047619047619,3.11,21,2023,10,
2023-10-15,3.755652173913043,1.86,23,2023,10,
2023-10-16,4.0517391304347825,1.55,23,2023,10,
2023-10-17,4.384444444444444,3.73,18,2023,10,
2023-10-18,4.835217391304347,4.35,23,2023,10,
2023-10-19,5.9943478260869565,4.35,23,2023,10,
2023-10-20,5.708095238095238,3.73,21,2023,10,
2023-10-21,5.7309090909090905,3.11,22,2023,10,
2023-10-22,5.9943478260869565,4.97,23,2023,10,
2023-10-23,5.9943478260869565,4.97,23,2023,10,
2023-10-24,4.555238095238095,1.86,21,2023,10,
2023-10-25,3.5749999999999997,2.49,24,2023,10,
2023-10-26,4.129583333333334,1.86,24,2023,10,
2023-10-27,4.515333333333333,2.49,15,2023,10,
2023-10-28,4.8149999999999995,4.35,16,2023,10,
2023-10-29,5.762222222222222,4.35,18,2023,10,
2023-10-30,5.697826086956522,4.35,23,2023,10,
2023-10-31,3.5173913043478264,1.24,23,2023,10,
2023-11-01,3.4183333333333334,1.24,18,2023,11,2023.0
2023-11-02,1.802857142857143,0.75,14,2023,11,2023.0
2023-11-03,2.952142857142857,0.93,14,2023,11,2023.0
2023-11-04,6.21,6.21,8,2023,11,2023.0
2023-11-05,6.21,6.21,13,2023,11,2023.0
2023-11-06,6.21,6.21,8,2023,11,2023.0
2023-11-07,4.412,3.73,10,2023,11,2023.0
2023-11-08,5.383333333333333,4.35,9,2023,11,2023.0
2023-11-09,5.701818181818182,1.86,11,2023,11,2023.0
2023-11-10,5.9,3.73,16,2023,11,2023.0
2023-11-11,5.59,3.11,5,2023,11,2023.0
2023-11-12,5.435,4.97,8,2023,11,2023.0
2023-11-13,6.21,6.21,14,2023,11,2023.0
2023-11-14,4.206153846153846,1.86,13,2023,11,2023.0
2023-11-15,2.0738095238095235,0.5,21,2023,11,2023.0
2023-11-16,3.885,3.11,24,2023,11,2023.0
2023-11-17,3.5216666666666665,1.86,24,2023,11,2023.0
2023-11-18,3.2552173913043476,0.93,23,2023,11,2023.0
2023-11-19,4.530833333333333,2.49,24,2023,11,2023.0
2023-11-20,2.8575,0.93,20,2023,11,2023.0
2023-11-21,2.0857142857142854,0.93,21,2023,11,2023.0
2023-11-22,2.8831249999999997,0.75,16,2023,11,2023.0
2023-11-23,3.301875,1.24,16,2023,11,2023.0
2023-11-24,3.0013333333333336,1.06,15,2023,11,2023.0
2023-11-25,5.176666666666667,3.73,21,2023,11,2023.0
2023-11-26,6.210000000000001,6.21,23,2023,11,2023.0
2023-11-27,5.9,4.97,20,2023,11,2023.0
2023-11-28,5.185652173913043,4.35,23,2023,11,2023.0
2023-11-29,5.536086956521739,3.73,23,2023,11,2023.0
2023-11-30,6.055,4.97,24,2023,11,2023.0
2023-12-01,6.21,6.21,21,2023,12,2023.0
2023-12-02,6.21,6.21,21,2023,12,2023.0
2023-12-03,6.21,6.21,17,2023,12,2023.0
2023-12-04,6.21,6.21,21,2023,12,2023.0
2023-12-05,6.048260869565217,4.97,23,2023,12,2023.0
2023-12-06,6.21,6.21,13,2023,12,2023.0
2023-12-07,6.21,6.21,7,2023,12,2023.0
2023-12-08,6.210000000000001,6.21,23,2023,12,2023.0
2023-12-09,6.21,6.21,21,2023,12,2023.0
2023-12-10,6.102173913043478,3.73,23,2023,12,2023.0
2023-12-11,4.294347826086956,1.24,23,2023,12,2023.0
2023-12-12,3.448571428571429,1.55,21,2023,12,2023.0
2023-12-13,2.1957142857142857,0.5,21,2023,12,2023.0
2023-12-14,1.4900000000000002,0.43,23,2023,12,2023.0
2023-12-15,2.909090909090909,1.24,22,2023,12,2023.0
2023-12-16,5.455217391304347,4.97,23,2023,12,2023.0
2023-12-17,6.048260869565217,4.97,23,2023,12,2023.0
2023-12-18,4.565652173913044,3.73,23,2023,12,2023.0
2023-12-19,4.107391304347826,3.11,23,2023,12,2023.0
2023-12-20,5.59,3.73,24,2023,12,2023.0
2023-12-21,5.011333333333334,4.35,15,2023,12,2023.0
2023-12-22,4.54375,3.11,16,2023,12,2023.0
2023-12-23,5.776,4.97,20,2023,12,2023.0
2023-12-24,3.3236363636363637,0.62,22,2023,12,2023.0
2023-12-25,3.6608695652173915,0.93,23,2023,12,2023.0
2023-12-26,2.4233333333333333,0.75,24,2023,12,2023.0
2023-12-27,2.4074999999999998,0.93,20,2023,12,2023.0
2023-12-28,3.0086363636363633,0.93,22,2023,12,2023.0
2023-12-29,2.8230434782608693,1.24,23,2023,12,2023.0
2023-12-30,4.941818181818181,3.11,22,2023,12,2023.0
2023-12-31,5.435,4.97,24,2023,12,2023.0
2024-01-01,6.21,6.21,22,2024,1,2023.0
2024-01-02,6.21,6.21,24,2024,1,2023.0
2024-01-03,6.210000000000001,6.21,23,2024,1,2023.0
2024-01-04,6.032857142857143,4.97,21,2024,1,2023.0
2024-01-05,6.21,6.21,22,2024,1,2023.0
2024-01-06,6.21,6.21,22,2024,1,2023.0
2024-01-07,6.062380952380953,4.35,21,2024,1,2023.0
2024-01-08,6.21,6.21,24,2024,1,2023.0
2024-01-09,6.21,6.21,24,2024,1,2023.0
2024-01-10,6.21,6.21,24,2024,1,2023.0
2024-01-11,3.1725,0.75,24,2024,1,2023.0
2024-01-12,2.2557894736842106,0.75,19,2024,1,2023.0
2024-01-13,5.125,3.11,24,2024,1,2023.0
2024-01-14,5.223636363636364,3.73,22,2024,1,2023.0
2024-01-15,2.6218181818181816,0.75,22,2024,1,2023.0
2024-01-16,2.396190476190476,0.93,21,2024,1,2023.0
2024-01-17,4.321818181818181,2.49,22,2024,1,2023.0
2024-01-18,5.254166666666666,3.73,24,2024,1,2023.0
2024-01-19,6.003333333333333,4.97,24,2024,1,2023.0
2024-01-20,5.435,4.35,24,2024,1,2023.0
2024-01-21,5.984545454545454,4.97,22,2024,1,2023.0
2024-01-22,5.8999999999999995,3.73,24,2024,1,2023.0
2024-01-23,6.210000000000001,6.21,23,2024,1,2023.0
2024-01-24,3.6134999999999997,0.75,20,2024,1,2023.0
2024-01-25,3.6611111111111114,2.49,18,2024,1,2023.0
2024-01-26,2.4063999999999997,0.4,25,2024,1,2023.0
2024-01-27,1.9415,0.43,20,2024,1,2023.0
2024-01-28,1.8087499999999999,0.5,24,2024,1,2023.0
2024-01-29,3.181904761904762,0.93,21,2024,1,2023.0
2024-01-30,3.0256521739130435,1.24,23,2024,1,2023.0
2024-01-31,2.7883333333333336,0.56,24,2024,1,2023.0
2024-02-01,1.5145454545454546,0.25,22,2024,2,2023.0
2024-02-02,1.1604347826086958,0.22,23,2024,2,2023.0
2024-02-03,1.312,0.25,15,2024,2,2023.0
2024-02-04,2.710909090909091,1.24,11,2024,2,2023.0
2024-02-05,2.9152173913043478,0.75,23,2024,2,2023.0
2024-02-06,1.728695652173913,0.19,23,2024,2,2023.0
2024-02-07,0.8395652173913044,0.25,23,2024,2,2023.0
2024-02-08,2.261304347826087,0.81,23,2024,2,2023.0
2024-02-09,5.158695652173913,3.11,23,2024,2,2023.0
2024-02-10,5.702727272727272,3.73,22,2024,2,2023.0
2024-02-11,5.826190476190476,3.73,21,2024,2,2023.0
2024-02-12,6.21,6.21,24,2024,2,2023.0
2024-02-13,6.21,6.21,24,2024,2,2023.0
2024-02-14,6.156086956521739,4.97,23,2024,2,2023.0
2024-02-15,4.117083333333333,1.55,24,2024,2,2023.0
2024-02-16,1.9563636363636363,0.43,22,2024,2,2023.0
2024-02-17,1.5770833333333334,0.62,24,2024,2,2023.0
2024-02-18,2.6041666666666665,0.93,24,2024,2,2023.0
2024-02-19,4.261428571428572,2.49,21,2024,2,2023.0
2024-02-20,5.512499999999999,4.35,24,2024,2,2023.0
2024-02-21,4.97,3.73,22,2024,2,2023.0
2024-02-22,6.1066666666666665,3.73,24,2024,2,2023.0
2024-02-23,4.941818181818181,3.11,22,2024,2,2023.0
2024-02-24,5.176666666666667,3.11,24,2024,2,2023.0
2024-02-25,5.8741666666666665,4.35,24,2024,2,2023.0
2024-02-26,6.210000000000001,6.21,23,2024,2,2023.0
2024-02-27,6.210000000000001,6.21,23,2024,2,2023.0
2024-02-28,6.21,6.21,18,2024,2,2023.0
2024-02-29,6.086,4.97,20,2024,2,2023.0
2024-03-01,6.21,6.21,21,2024,3,2023.0
2024-03-02,4.8149999999999995,3.73,20,2024,3,2023.0
2024-03-03,4.079130434782608,1.86,23,2024,3,2023.0
2024-03-04,3.123157894736842,0.93,19,2024,3,2023.0
2024-03-05,5.296315789473684,3.73,19,2024,3,2023.0
2024-03-06,5.5630434782608695,0.63,23,2024,3,2023.0
2024-03-07,5.452222222222222,2.49,18,2024,3,2023.0
2024-03-08,5.509130434782608,4.97,23,2024,3,2023.0
2024-03-09,5.973809523809524,4.97,21,2024,3,2023.0
2024-03-10,5.767142857142857,3.73,21,2024,3,2023.0
2024-03-11,6.21,6.21,24,2024,3,2023.0
2024-03-12,6.21,6.21,22,2024,3,2023.0
2024-03-13,5.751739130434783,3.73,23,2024,3,2023.0
2024-03-14,5.59,2.49,22,2024,3,2023.0
2024-03-15,6.21,6.21,21,2024,3,2023.0
2024-03-16,6.21,6.21,17,2024,3,2023.0
2024-03-17,3.6343478260869566,2.17,23,2024,3,2023.0
2024-03-18,3.15,1.24,22,2024,3,2023.0
2024-03-19,1.704736842105263,0.19,19,2024,3,2023.0
2024-03-20,1.1790909090909092,0.37,22,2024,3,2023.0
2024-03-21,3.323478260869565,1.55,23,2024,3,2023.0
2024-03-22,5.254166666666666,4.35,24,2024,3,2023.0
2024-03-23,3.390869565217391,1.24,23,2024,3,2023.0
2024-03-24,4.413749999999999,2.17,24,2024,3,2023.0
2024-03-25,6.21,6.21,24,2024,3,2023.0
2024-03-26,6.21,6.21,22,2024,3,2023.0
2024-03-27,4.619565217391305,2.49,23,2024,3,2023.0
2024-03-28,5.805652173913043,4.35,23,2024,3,2023.0
2024-03-29,6.21,6.21,21,2024,3,2023.0
2024-03-30,5.719166666666666,4.35,24,2024,3,2023.0
2024-03-31,5.6933333333333325,3.73,24,2024,3,2023.0
2024-04-01,5.538333333333333,4.97,24,2024,4,
2024-04-02,5.228333333333333,3.73,24,2024,4,
2024-04-03,5.206190476190476,3.73,21,2024,4,
2024-04-04,6.156086956521739,4.97,23,2024,4,
2024-04-05,5.822500000000001,3.11,24,2024,4,
2024-04-06,5.239565217391304,2.49,23,2024,4,
2024-04-07,5.871818181818182,4.97,22,2024,4,
2024-04-08,5.615833333333334,3.73,24,2024,4,
2024-04-09,6.210000000000001,6.21,23,2024,4,
2024-04-10,5.759090909090909,4.97,22,2024,4,
2024-04-11,5.331666666666666,2.49,24,2024,4,
2024-04-12,4.633333333333334,1.86,24,2024,4,
2024-04-13,6.1066666666666665,4.97,24,2024,4,
2024-04-14,6.0752173913043475,4.35,23,2024,4,
2024-04-15,5.4772727272727275,4.97,22,2024,4,
2024-04-16,5.796666666666667,3.73,24,2024,4,
2024-04-17,5.185652173913043,4.35,23,2024,4,
2024-04-18,5.61695652173913,4.97,23,2024,4,
2024-04-19,6.158333333333334,4.97,24,2024,4,
2024-04-20,6.210000000000001,6.21,23,2024,4,
2024-04-21,6.21,6.21,24,2024,4,
2024-04-22,6.21,6.21,24,2024,4,
2024-04-23,6.21,6.21,24,2024,4,
2024-04-24,6.21,6.21,19,2024,4,
2024-04-25,6.210000000000001,6.21,23,2024,4,
2024-04-26,6.21,6.21,24,2024,4,
2024-04-27,6.21,6.21,20,2024,4,
2024-04-28,6.21,6.21,22,2024,4,
2024-04-29,6.21,6.21,19,2024,4,
2024-04-30,6.21,6.21,22,2024,4,
2024-05-01,5.8149999999999995,1.86,22,2024,5,
2024-05-02,6.21,6.21,22,2024,5,
2024-05-03,6.210000000000001,6.21,23,2024,5,
2024-05-04,6.21,6.21,22,2024,5,
2024-05-05,6.21,6.21,22,2024,5,
2024-05-06,6.210000000000001,6.21,23,2024,5,
2024-05-07,5.678571428571429,3.11,21,2024,5,
2024-05-08,6.21,6.21,20,2024,5,
2024-05-09,6.210000000000001,6.21,23,2024,5,
2024-05-10,6.0142105263157895,4.97,19,2024,5,
2024-05-11,6.21,6.21,24,2024,5,
2024-05-12,6.129130434782609,4.35,23,2024,5,
2024-05-13,6.21,6.21,21,2024,5,
2024-05-14,6.21,6.21,24,2024,5,
2024-05-15,6.21,6.21,19,2024,5,
2024-05-16,6.048260869565217,4.97,23,2024,5,
2024-05-17,6.158333333333334,4.97,24,2024,5,
2024-05-18,6.210000000000001,6.21,23,2024,5,
2024-05-19,6.21,6.21,9,2024,5,
2024-05-20,6.21,6.21,22,2024,5,
2024-05-21,6.21,6.21,24,2024,5,
2024-05-22,6.21,6.21,19,2024,5,
2024-05-23,6.21,6.21,22,2024,5,
2024-05-24,6.21,6.21,20,2024,5,
2024-05-25,6.21,6.21,19,2024,5,
2024-05-26,6.21,6.21,20,2024,5,
2024-05-27,6.21,6.21,24,2024,5,
2024-05-28,6.21,6.21,19,2024,5,
2024-05-29,5.670869565217392,3.11,23,2024,5,
2024-05-30,6.21,6.21,20,2024,5,
2024-05-31,6.21,6.21,24,2024,5,
2024-06-01,6.21,6.21,20,2024,6,
2024-06-02,6.210000000000001,6.21,23,2024,6,
2024-06-03,6.21,6.21,17,2024,6,
2024-06-04,6.012727272727273,3.11,22,2024,6,
2024-06-05,6.210000000000001,6.21,23,2024,6,
2024-06-06,6.21,6.21,20,2024,6,
2024-06-07,6.21,6.21,20,2024,6,
2024-06-08,5.826190476190476,4.35,21,2024,6,
2024-06-09,6.21,6.21,24,2024,6,
2024-06-10,6.21,6.21,22,2024,6,
2024-06-11,5.320434782608696,3.11,23,2024,6,
2024-06-12,6.079473684210527,4.97,19,2024,6,
2024-06-13,6.21,6.21,20,2024,6,
2024-06-14,6.210000000000001,6.21,23,2024,6,
2024-06-15,6.21,6.21,14,2024,6,
2024-06-17,6.21,6.21,14,2024,6,
2024-06-18,6.21,6.21,22,2024,6,
2024-06-19,6.210000000000001,6.21,23,2024,6,
2024-06-20,6.21,6.21,21,2024,6,
2024-06-21,6.210000000000001,6.21,23,2024,6,
2024-06-22,6.21,6.21,24,2024,6,
2024-06-23,6.21,6.21,21,2024,6,
2024-06-24,6.156086956521739,4.97,23,2024,6,
2024-06-25,6.21,6.21,24,2024,6,
2024-06-26,6.210000000000001,6.21,23,2024,6,
2024-06-27,6.210000000000001,6.21,23,2024,6,
2024-06-28,5.826190476190476,3.11,21,2024,6,
2024-06-29,6.21,6.21,21,2024,6,
2024-06-30,6.210000000000001,6.21,23,2024,6,
2024-07-01,6.21,6.21,24,2024,7,
2024-07-02,6.079473684210527,4.97,19,2024,7,
2024-07-03,6.21,6.21,18,2024,7,
2024-07-04,6.21,6.21,15,2024,7,
2024-07-05,6.210000000000001,6.21,23,2024,7,
2024-07-06,6.21,6.21,18,2024,7,
2024-07-07,5.745,4.97,8,2024,7,
2024-07-08,6.21,6.21,18,2024,7,
2024-07-09,6.210000000000001,6.21,23,2024,7,
2024-07-10,6.01625,3.11,16,2024,7,
2024-07-11,6.21,6.21,7,2024,7,
2024-07-12,6.21,6.21,10,2024,7,
2024-07-13,6.21,6.21,17,2024,7,
2024-07-14,6.21,6.21,17,2024,7,
2024-07-15,5.341333333333334,1.86,15,2024,7,
2024-07-16,6.21,6.21,3,2024,7,
2024-07-17,6.21,6.21,10,2024,7,
2024-07-18,6.21,6.21,1,2024,7,
2024-07-19,6.21,6.21,7,2024,7,
2024-07-27,6.21,6.21,4,2024,7,
2024-07-28,6.21,6.21,2,2024,7,
2024-08-01,6.21,6.21,2,2024,8,
2024-08-07,6.21,6.21,10,2024,8,
2024-08-08,6.21,6.21,10,2024,8,
2024-08-09,6.086,4.97,10,2024,8,
2024-08-10,6.21,6.21,6,2024,8,
2024-08-11,6.040909090909091,4.35,11,2024,8,
2024-08-12,5.8225,3.11,8,2024,8,
2024-08-13,5.59,2.49,13,2024,8,
2024-08-14,6.1066666666666665,4.97,12,2024,8,
2024-08-15,6.21,6.21,1,2024,8,
2024-08-16,5.038888888888889,3.73,9,2024,8,
2024-08-17,6.21,6.21,15,2024,8,
2024-08-18,6.21,6.21,8,2024,8,
2024-08-19,5.962,4.97,10,2024,8,
2024-08-20,6.21,6.21,9,2024,8,
2024-08-21,6.21,6.21,14,2024,8,
2024-08-22,5.714,3.11,10,2024,8,
2024-08-23,6.21,6.21,13,2024,8,
2024-08-24,6.019230769230769,4.97,13,2024,8,
2024-08-25,5.934444444444444,4.97,9,2024,8,
2024-08-26,5.7807692307692315,3.11,13,2024,8,
2024-08-27,6.21,6.21,16,2024,8,
2024-08-28,6.21,6.21,11,2024,8,
2024-08-29,5.951666666666667,3.11,12,2024,8,
2024-08-30,5.796666666666667,4.97,3,2024,8,
2024-08-31,6.21,6.21,6,2024,8,
2024-09-01,6.21,6.21,11,2024,9,
2024-09-02,6.21,6.21,7,2024,9,
2024-09-03,6.21,6.21,7,2024,9,
2024-09-06,6.21,6.21,1,2024,9,
2024-09-07,6.21,6.21,5,2024,9,
2024-09-15,6.21,6.21,6,2024,9,
2024-09-20,6.21,6.21,2,2024,9,
2024-09-21,6.21,6.21,2,2024,9,
2024-09-25,6.21,6.21,1,2024,9,
2024-09-26,6.21,6.21,1,2024,9,
2024-09-27,4.35,4.35,1,2024,9,
2024-10-02,6.21,6.21,4,2024,10,
2024-10-03,6.21,6.21,8,2024,10,
2024-10-04,6.21,6.21,13,2024,10,
2024-10-05,6.032857142857142,4.97,7,2024,10,
2024-10-06,6.044666666666667,3.73,15,2024,10,
2024-10-07,6.21,6.21,15,2024,10,
2024-10-08,6.21,6.21,12,2024,10,
2024-10-09,5.962,3.73,10,2024,10,
2024-10-10,6.21,6.21,9,2024,10,
2024-10-11,5.9,4.35,10,2024,10,
2024-10-12,6.1370588235294115,4.97,17,2024,10,
2024-10-13,6.21,6.21,15,2024,10,
2024-10-14,6.21,6.21,12,2024,10,
2024-10-15,6.21,6.21,14,2024,10,
2024-10-16,6.21,6.21,7,2024,10,
2024-10-17,6.21,6.21,16,2024,10,
2024-10-18,6.21,6.21,11,2024,10,
2024-10-19,6.21,6.21,6,2024,10,
2024-10-20,6.086,4.97,10,2024,10,
2024-10-21,5.837999999999999,4.97,10,2024,10,
2024-10-22,6.21,6.21,9,2024,10,
2024-10-23,6.21,6.21,14,2024,10,
2024-10-24,3.80625,1.86,8,2024,10,
2024-10-25,3.067272727272727,0.5,11,2024,10,
2024-10-26,2.327,1.86,10,2024,10,
2024-10-27,3.451176470588235,1.24,17,2024,10,
2024-10-28,3.4819999999999998,3.11,15,2024,10,
2024-10-29,2.6925000000000003,1.86,12,2024,10,
2024-10-30,2.31,0.93,14,2024,10,
2024-10-31,3.560909090909091,3.11,11,2024,10,
2024-11-01,4.763333333333333,3.73,12,2024,11,2024.0
2024-11-02,5.176666666666666,4.35,9,2024,11,2024.0
2024-11-03,4.7375,3.73,8,2024,11,2024.0
2024-11-04,4.66,3.11,16,2024,11,2024.0
2024-11-05,3.4691666666666663,1.86,12,2024,11,2024.0
2024-11-06,2.825,0.56,16,2024,11,2024.0
2024-11-07,2.556842105263158,0.62,19,2024,11,2024.0
2024-11-08,1.9157142857142857,0.75,14,2024,11,2024.0
2024-11-09,4.101999999999999,3.11,15,2024,11,2024.0
2024-11-10,5.4805882352941175,4.97,17,2024,11,2024.0
2024-11-11,5.245555555555556,4.35,9,2024,11,2024.0
2024-11-12,5.176666666666666,3.73,15,2024,11,2024.0
2024-11-13,5.351538461538461,3.73,13,2024,11,2024.0
2024-11-14,6.21,6.21,20,2024,11,2024.0
2024-11-15,5.9775,4.97,16,2024,11,2024.0
2024-11-16,6.21,6.21,11,2024,11,2024.0
2024-11-17,2.83375,0.93,8,2024,11,2024.0
2024-11-18,2.8114285714285714,0.93,14,2024,11,2024.0
2024-11-19,2.615,0.62,12,2024,11,2024.0
2024-11-20,3.106666666666667,1.24,9,2024,11,2024.0
2024-11-21,6.21,6.21,6,2024,11,2024.0
2024-11-22,5.8999999999999995,4.35,6,2024,11,2024.0
2024-11-23,6.121428571428572,4.97,14,2024,11,2024.0
2024-11-24,5.928181818181818,4.35,11,2024,11,2024.0
2024-11-25,4.218181818181818,1.55,11,2024,11,2024.0
2024-11-26,4.487777777777778,2.49,9,2024,11,2024.0
2024-11-27,3.980555555555555,0.5,18,2024,11,2024.0
2024-11-28,2.752666666666667,0.75,15,2024,11,2024.0
2024-11-29,2.8523529411764703,0.93,17,2024,11,2024.0
2024-11-30,3.433,1.55,20,2024,11,2024.0
2024-12-01,4.970000000000001,2.49,10,2024,12,2024.0
2024-12-02,4.393571428571429,0.62,14,2024,12,2024.0
2024-12-03,5.446923076923077,4.97,13,2024,12,2024.0
2024-12-04,4.753,3.11,20,2024,12,2024.0
2024-12-05,5.589999999999999,4.35,7,2024,12,2024.0
2024-12-06,6.21,6.21,6,2024,12,2024.0
2024-12-07,4.35,2.49,15,2024,12,2024.0
2024-12-08,4.993076923076923,2.17,13,2024,12,2024.0
2024-12-09,2.6046153846153848,1.24,13,2024,12,2024.0
2024-12-10,3.9545454545454546,1.86,11,2024,12,2024.0
2024-12-11,6.21,6.21,8,2024,12,2024.0
2024-12-12,5.879333333333333,4.97,15,2024,12,2024.0
2024-12-13,6.21,6.21,11,2024,12,2024.0
2024-12-14,4.97,4.35,6,2024,12,2024.0
2024-12-15,0.7558333333333334,0.25,12,2024,12,2024.0
2024-12-16,1.3025,0.5,8,2024,12,2024.0
2024-12-17,4.1433333333333335,2.49,9,2024,12,2024.0
2024-12-18,6.21,6.21,4,2024,12,2024.0
2024-12-19,4.97,2.49,13,2024,12,2024.0
2024-12-20,2.785833333333333,0.5,12,2024,12,2024.0
2024-12-21,1.3644444444444446,0.5,9,2024,12,2024.0
2024-12-22,2.6392857142857147,0.93,14,2024,12,2024.0
2024-12-23,6.032857142857142,4.97,7,2024,12,2024.0
2024-12-24,6.21,6.21,13,2024,12,2024.0
2024-12-25,6.055,4.97,8,2024,12,2024.0
2024-12-27,6.21,6.21,8,2024,12,2024.0
2024-12-28,3.5433333333333334,1.55,12,2024,12,2024.0
2024-12-29,2.45,1.55,9,2024,12,2024.0
2024-12-30,5.542307692307692,4.35,13,2024,12,2024.0
2024-12-31,3.439285714285714,0.93,14,2024,12,2024.0
2025-01-01,1.6325,0.5,12,2025,1,2024.0
2025-01-02,4.151818181818182,1.24,11,2025,1,2024.0
2025-01-03,4.743636363636363,1.86,11,2025,1,2024.0
2025-01-04,5.399230769230769,3.11,13,2025,1,2024.0
2025-01-05,4.555555555555555,1.86,9,2025,1,2024.0
2025-01-06,4.348,1.86,5,2025,1,2024.0
2025-01-07,1.518888888888889,0.5,9,2025,1,2024.0
2025-01-08,2.1540000000000004,1.24,15,2025,1,2024.0
2025-01-09,4.194999999999999,3.11,12,2025,1,2024.0
2025-01-10,5.7139999999999995,4.97,15,2025,1,2024.0
2025-01-11,3.1854545454545455,0.62,11,2025,1,2024.0
2025-01-13,4.124545454545454,3.11,11,2025,1,2024.0
2025-01-14,5.759090909090909,4.35,11,2025,1,2024.0
2025-01-15,5.984545454545454,3.73,11,2025,1,2024.0
2025-01-16,6.21,6.21,14,2025,1,2024.0
2025-01-17,6.21,6.21,9,2025,1,2024.0
2025-01-18,6.21,6.21,9,2025,1,2024.0
2025-01-19,5.745,4.97,16,2025,1,2024.0
2025-01-20,6.21,6.21,8,2025,1,2024.0
2025-01-21,5.934444444444444,4.97,9,2025,1,2024.0
2025-01-22,5.658888888888889,4.97,9,2025,1,2024.0
2025-01-23,3.4479999999999995,0.62,10,2025,1,2024.0
2025-01-24,2.4453846153846155,0.5,13,2025,1,2024.0
2025-01-25,4.7219999999999995,3.73,5,2025,1,2024.0
2025-01-26,6.21,6.21,15,2025,1,2024.0
2025-01-27,6.055,4.97,8,2025,1,2024.0
2025-01-28,4.8525,1.86,16,2025,1,2024.0
2025-01-29,4.8149999999999995,3.73,4,2025,1,2024.0
2025-02-07,0.93,0.93,1,2025,2,2024.0
2025-02-08,0.6733333333333333,0.5,6,2025,2,2024.0
2025-02-09,3.657777777777778,1.24,9,2025,2,2024.0
2025-02-10,5.8225,4.35,8,2025,2,2024.0
2025-02-11,5.435,3.11,4,2025,2,2024.0
2025-02-12,3.4642857142857144,2.49,7,2025,2,2024.0
2025-02-13,1.50625,0.37,8,2025,2,2024.0
2025-02-14,2.916153846153846,1.24,13,2025,2,2024.0
2025-02-15,4.505,3.73,12,2025,2,2024.0
2025-02-16,6.21,6.21,5,2025,2,2024.0
2025-02-17,6.21,6.21,8,2025,2,2024.0
2025-02-18,5.796666666666667,4.97,6,2025,2,2024.0
2025-02-19,5.745,4.35,8,2025,2,2024.0
2025-02-20,5.984545454545454,3.73,11,2025,2,2024.0
2025-02-21,6.032857142857142,3.73,14,2025,2,2024.0
2025-02-22,6.21,6.21,16,2025,2,2024.0
2025-02-23,6.1273333333333335,4.97,15,2025,2,2024.0
2025-02-24,3.3049999999999997,0.93,14,2025,2,2024.0
2025-02-25,3.15,1.86,7,2025,2,2024.0
2025-02-26,1.55,1.24,3,2025,2,2024.0
2025-02-27,3.9446153846153846,3.73,13,2025,2,2024.0
2025-02-28,5.399230769230769,4.35,13,2025,2,2024.0
2025-03-01,5.865555555555556,4.35,18,2025,3,2024.0
2025-03-02,3.839090909090909,1.24,11,2025,3,2024.0
2025-03-03,5.279999999999999,4.35,8,2025,3,2024.0
2025-03-04,4.97,3.11,9,2025,3,2024.0
2025-03-05,4.845000000000001,0.62,10,2025,3,2024.0
2025-03-06,3.7192857142857143,1.12,14,2025,3,2024.0
2025-03-07,5.047499999999999,4.35,8,2025,3,2024.0
2025-03-08,5.538333333333333,4.35,12,2025,3,2024.0
2025-03-09,5.934444444444444,3.73,9,2025,3,2024.0
2025-03-10,5.796666666666667,4.97,6,2025,3,2024.0
2025-03-11,6.21,6.21,9,2025,3,2024.0
2025-03-12,5.988571428571428,4.35,14,2025,3,2024.0
2025-03-13,5.865555555555556,3.11,9,2025,3,2024.0
2025-03-14,6.21,6.21,12,2025,3,2024.0
2025-03-15,6.1066666666666665,4.97,12,2025,3,2024.0
2025-03-16,5.641666666666667,4.35,12,2025,3,2024.0
2025-03-17,6.21,6.21,15,2025,3,2024.0
2025-03-18,6.21,6.21,13,2025,3,2024.0
2025-03-19,6.21,6.21,7,2025,3,2024.0
2025-03-20,6.21,6.21,6,2025,3,2024.0
2025-03-21,5.542307692307692,4.35,13,2025,3,2024.0
2025-03-22,5.962,4.97,5,2025,3,2024.0
2025-03-23,5.3420000000000005,3.11,10,2025,3,2024.0
2025-03-24,5.420909090909091,4.35,11,2025,3,2024.0
2025-03-25,6.032857142857142,4.97,14,2025,3,2024.0
2025-03-26,6.21,6.21,13,2025,3,2024.0
2025-03-27,6.21,6.21,8,2025,3,2024.0
2025-03-28,6.21,6.21,12,2025,3,2024.0
2025-03-29,6.21,6.21,11,2025,3,2024.0
2025-03-30,6.21,6.21,5,2025,3,2024.0
2025-03-31,6.21,6.21,11,2025,3,2024.0
2025-04-01,5.533636363636363,4.97,11,2025,4,
2025-04-02,6.21,6.21,7,2025,4,
2025-04-03,6.21,6.21,10,2025,4,
2025-04-04,6.21,6.21,5,2025,4,
2025-04-05,6.21,6.21,8,2025,4,
2025-04-06,5.59,3.11,12,2025,4,
2025-04-07,6.21,6.21,4,2025,4,
2025-04-08,5.6675,3.73,8,2025,4,
2025-04-09,6.21,6.21,7,2025,4,
2025-04-10,6.21,6.21,11,2025,4,
2025-04-11,3.267333333333333,0.62,15,2025,4,
2025-04-12,3.8357142857142854,0.75,7,2025,4,
2025-04-13,3.664,1.55,5,2025,4,
2025-04-14,5.435,3.73,8,2025,4,
2025-04-15,5.5280000000000005,3.11,10,2025,4,
2025-04-16,5.7139999999999995,3.11,15,2025,4,
2025-04-17,6.1066666666666665,4.97,12,2025,4,
2025-04-18,5.733076923076923,4.35,13,2025,4,
2025-04-19,5.855714285714286,4.97,14,2025,4,
2025-04-20,6.21,6.21,14,2025,4,
2025-04-21,5.8225,4.97,16,2025,4,
2025-04-22,6.21,6.21,8,2025,4,
2025-04-25,4.35,2.49,13,2025,4,
2025-04-26,3.340625,1.24,16,2025,4,
2025-04-27,3.4628571428571426,1.86,14,2025,4,
2025-04-28,3.5233333333333334,2.49,9,2025,4,
2025-04-29,5.228333333333333,3.73,12,2025,4,
2025-04-30,5.501428571428571,4.97,14,2025,4,
2025-05-01,6.21,6.21,17,2025,5,
2025-05-02,3.3546666666666667,1.24,15,2025,5,
2025-05-03,2.1818181818181817,1.24,11,2025,5,
2025-05-04,1.6283333333333332,0.93,12,2025,5,
2025-05-05,4.1175,2.49,8,2025,5,
2025-05-06,4.261428571428572,2.49,14,2025,5,
2025-05-07,5.232307692307692,2.49,13,2025,5,
2025-05-08,5.879333333333333,3.73,15,2025,5,
2025-05-09,6.21,6.21,12,2025,5,
2025-05-10,6.21,6.21,14,2025,5,
2025-05-11,6.21,6.21,16,2025,5,
2025-05-12,6.21,6.21,9,2025,5,
2025-05-13,6.21,6.21,11,2025,5,
2025-05-14,6.21,6.21,10,2025,5,
2025-05-15,6.21,6.21,9,2025,5,
2025-05-16,5.678571428571429,4.97,7,2025,5,
2025-05-17,6.21,6.21,8,2025,5,
2025-05-18,6.21,6.21,11,2025,5,
2025-05-19,6.21,6.21,9,2025,5,
2025-05-20,6.21,6.21,9,2025,5,
2025-05-21,6.21,6.21,15,2025,5,
2025-05-22,6.21,6.21,13,2025,5,
2025-05-23,6.21,6.21,8,2025,5,
2025-05-24,6.21,6.21,13,2025,5,
2025-05-25,6.21,6.21,12,2025,5,
2025-05-26,6.21,6.21,14,2025,5,
2025-05-27,6.21,6.21,14,2025,5,
2025-05-28,6.21,6.21,3,2025,5,
2025-05-29,6.21,6.21,15,2025,5,
2025-05-30,6.21,6.21,15,2025,5,
2025-05-31,5.8088235294117645,3.11,17,2025,5,
2025-06-01,5.658888888888889,4.97,9,2025,6,
2025-06-02,6.1066666666666665,4.97,12,2025,6,
2025-06-03,6.21,6.21,12,2025,6,
2025-06-04,6.21,6.21,14,2025,6,
2025-06-10,6.21,6.21,5,2025,6,
2025-06-11,6.21,6.21,6,2025,6,
2025-06-12,6.097272727272727,4.97,11,2025,6,
2025-06-13,6.21,6.21,9,2025,6,
2025-06-14,6.21,6.21,16,2025,6,
2025-06-15,6.21,6.21,13,2025,6,
2025-06-16,6.21,6.21,2,2025,6,
2025-06-17,6.21,6.21,9,2025,6,
2025-06-18,6.21,6.21,17,2025,6,
2025-06-19,6.21,6.21,12,2025,6,
2025-06-20,6.21,6.21,14,2025,6,
2025-06-21,6.1370588235294115,4.97,17,2025,6,
2025-06-22,6.21,6.21,9,2025,6,
2025-06-23,6.003333333333333,4.35,15,2025,6,
2025-06-24,6.21,6.21,19,2025,6,
2025-06-25,6.21,6.21,6,2025,6,
2025-06-26,6.21,6.21,14,2025,6,
2025-06-27,6.21,6.21,13,2025,6,
2025-06-28,6.21,6.21,9,2025,6,
2025-06-29,6.21,6.21,9,2025,6,
2025-06-30,6.21,6.21,4,2025,6,
2025-07-01,6.21,6.21,1,2025,7,
2025-07-02,6.21,6.21,6,2025,7,
2025-07-03,6.21,6.21,10,2025,7,
2025-07-04,6.21,6.21,8,2025,7,
2025-07-05,6.21,6.21,8,2025,7,
2025-07-06,6.21,6.21,12,2025,7,
2025-07-07,6.21,6.21,4,2025,7,
2025-07-08,6.21,6.21,6,2025,7,
2025-07-09,6.21,6.21,10,2025,7,
2025-07-10,6.21,6.21,8,2025,7,
2025-07-11,6.21,6.21,7,2025,7,
2025-07-12,6.21,6.21,6,2025,7,
2025-07-13,6.21,6.21,1,2025,7,
2025-07-14,6.21,6.21,9,2025,7,
2025-07-15,6.21,6.21,6,2025,7,
2025-07-16,6.21,6.21,7,2025,7,
2025-07-17,6.21,6.21,4,2025,7,
2025-07-18,6.21,6.21,4,2025,7,
2025-07-19,6.21,6.21,8,2025,7,
2025-07-20,6.21,6.21,13,2025,7,
2025-07-21,6.21,6.21,11,2025,7,
2025-07-22,6.21,6.21,3,2025,7,
2025-07-23,6.21,6.21,4,2025,7,
2025-07-24,6.21,6.21,11,2025,7,
2025-07-25,6.21,6.21,11,2025,7,
2025-07-26,6.21,6.21,10,2025,7,
2025-07-27,6.21,6.21,8,2025,7,
2025-07-28,6.21,6.21,4,2025,7,
2025-07-29,6.21,6.21,7,2025,7,
2025-07-30,6.21,6.21,8,2025,7,
2025-07-31,6.21,6.21,11,2025,7,
2025-08-01,6.21,6.21,5,2025,8,
2025-08-02,6.21,6.21,4,2025,8,
2025-08-03,6.21,6.21,12,2025,8,
2025-08-04,5.796666666666667,4.97,6,2025,8,
2025-08-05,6.055,4.35,12,2025,8,
2025-08-06,6.21,6.21,6,2025,8,
2025-08-07,5.928181818181818,3.11,11,2025,8,
2025-08-08,6.21,6.21,10,2025,8,
2025-08-09,6.072222222222222,4.97,9,2025,8,
2025-08-10,6.21,6.21,11,2025,8,
2025-08-11,6.21,6.21,9,2025,8,
2025-08-12,5.533636363636363,3.73,11,2025,8,
2025-08-13,6.21,6.21,7,2025,8,
2025-08-14,6.019230769230769,3.73,13,2025,8,
2025-08-15,5.9,4.97,8,2025,8,
2025-08-16,6.21,6.21,10,2025,8,
2025-08-17,6.21,6.21,11,2025,8,
2025-08-18,6.032857142857142,4.97,7,2025,8,
2025-08-19,6.21,6.21,6,2025,8,
2025-08-20,5.8999999999999995,3.73,12,2025,8,
2025-08-21,5.383333333333334,2.49,9,2025,8,
2025-08-22,6.21,6.21,8,2025,8,
2025-08-23,6.21,6.21,11,2025,8,
2025-08-24,6.21,6.21,9,2025,8,
2025-08-25,6.21,6.21,11,2025,8,
2025-08-26,5.0920000000000005,0.62,10,2025,8,
2025-08-27,6.086,4.97,10,2025,8,
2025-08-28,6.21,6.21,5,2025,8,
2025-08-29,6.21,6.21,12,2025,8,
2025-08-30,6.072222222222222,4.97,9,2025,8,
2025-08-31,6.21,6.21,6,2025,8,
2025-09-01,6.072222222222222,4.97,9,2025,9,
2025-09-02,6.21,6.21,7,2025,9,
2025-09-03,6.072222222222222,4.97,9,2025,9,
2025-09-04,5.308181818181819,3.11,11,2025,9,
2025-09-05,5.962,4.97,5,2025,9,
2025-09-06,6.21,6.21,4,2025,9,
2025-09-07,6.21,6.21,10,2025,9,
2025-09-08,6.003333333333333,4.97,12,2025,9,
2025-09-09,5.501428571428571,3.73,7,2025,9,
2025-09-10,6.21,6.21,12,2025,9,
2025-09-11,6.097272727272727,4.97,11,2025,9,
2025-09-12,6.21,6.21,16,2025,9,
2025-09-13,6.086,4.97,10,2025,9,
2025-09-14,6.21,6.21,8,2025,9,
2025-09-15,6.21,6.21,10,2025,9,
2025-09-16,6.21,6.21,6,2025,9,
2025-09-17,6.21,6.21,7,2025,9,
2025-09-18,5.962,4.97,10,2025,9,
2025-09-19,6.21,6.21,8,2025,9,
2025-09-20,5.326923076923077,1.55,13,2025,9,
2025-09-21,6.21,6.21,11,2025,9,
2025-09-22,5.871818181818182,4.97,11,2025,9,
2025-09-23,6.032857142857142,4.97,14,2025,9,
2025-09-24,6.21,6.21,7,2025,9,
2025-09-25,6.086,4.97,10,2025,9,
2025-09-26,6.21,6.21,8,2025,9,
2025-09-27,6.21,6.21,2,2025,9,
2025-09-28,6.21,6.21,11,2025,9,
2025-09-29,6.21,6.21,7,2025,9,
2025-09-30,6.21,6.21,11,2025,9,
2025-10-01,6.21,6.21,5,2025,10,
2025-10-02,6.21,6.21,4,2025,10,
2025-10-03,6.21,6.21,9,2025,10,
2025-10-04,6.21,6.21,12,2025,10,
2025-10-05,6.21,6.21,7,2025,10,
2025-10-06,6.21,6.21,10,2025,10,
2025-10-07,6.21,6.21,5,2025,10,
2025-10-08,6.21,6.21,3,2025,10,
2025-10-09,6.21,6.21,7,2025,10,
2025-10-10,6.21,6.21,7,2025,10,
2025-10-11,6.21,6.21,17,2025,10,
2025-10-12,6.21,6.21,9,2025,10,
2025-10-13,6.21,6.21,8,2025,10,
2025-10-14,6.21,6.21,9,2025,10,
2025-10-15,6.21,6.21,9,2025,10,
2025-10-16,5.733076923076923,4.97,13,2025,10,
2025-10-17,6.21,6.21,11,2025,10,
2025-10-18,5.837999999999999,4.35,10,2025,10,
2025-10-19,5.383333333333333,4.97,6,2025,10,
2025-10-20,5.324285714285714,4.35,7,2025,10,
2025-10-21,5.637692307692307,4.35,13,2025,10,
2025-10-22,6.055,4.97,16,2025,10,
2025-10-23,6.21,6.21,13,2025,10,
2025-10-24,5.923846153846155,4.35,13,2025,10,
2025-10-25,6.21,6.21,6,2025,10,
2025-10-26,5.412857142857143,3.11,14,2025,10,
2025-10-27,4.784,3.11,10,2025,10,
2025-10-28,6.21,6.21,12,2025,10,
2025-10-29,5.59,3.11,10,2025,10,
2025-10-30,5.053636363636364,2.17,11,2025,10,
2025-10-31,5.364545454545454,3.73,11,2025,10,
2025-11-01,6.21,6.21,7,2025,11,2025.0
2025-11-02,6.055,4.97,8,2025,11,2025.0
2025-11-03,5.962,4.97,10,2025,11,2025.0
2025-11-04,5.828461538461538,4.35,13,2025,11,2025.0
2025-11-05,6.086,4.97,10,2025,11,2025.0
2025-11-06,6.032857142857142,4.97,7,2025,11,2025.0
2025-11-07,6.086,4.97,10,2025,11,2025.0
2025-11-08,6.21,6.21,12,2025,11,2025.0
2025-11-09,6.21,6.21,10,2025,11,2025.0
2025-11-10,6.086,4.97,10,2025,11,2025.0
2025-11-11,6.21,6.21,10,2025,11,2025.0
2025-11-12,5.796666666666667,3.73,9,2025,11,2025.0
2025-11-13,3.5409999999999995,1.24,10,2025,11,2025.0
2025-11-14,2.91375,0.93,8,2025,11,2025.0
2025-11-15,2.4219999999999997,0.93,10,2025,11,2025.0
2025-11-16,4.598,3.73,5,2025,11,2025.0
2025-11-17,4.97,3.11,6,2025,11,2025.0
2025-11-18,5.796666666666667,4.35,9,2025,11,2025.0
2025-11-19,6.097272727272727,4.97,11,2025,11,2025.0
2025-11-20,5.879333333333333,4.97,15,2025,11,2025.0
2025-11-21,5.991176470588235,4.97,17,2025,11,2025.0
2025-11-22,6.21,6.21,7,2025,11,2025.0
2025-11-23,6.032857142857142,4.97,14,2025,11,2025.0
2025-11-24,5.984545454545454,4.97,11,2025,11,2025.0
2025-11-25,2.2818181818181817,0.75,11,2025,11,2025.0
2025-11-26,3.0157142857142856,1.24,7,2025,11,2025.0
2025-11-27,4.737857142857143,1.12,14,2025,11,2025.0
2025-11-28,5.962,4.97,10,2025,11,2025.0
2025-11-29,6.21,6.21,6,2025,11,2025.0
2025-11-30,6.21,6.21,14,2025,11,2025.0
2025-12-01,2.1033333333333335,0.62,9,2025,12,2025.0
2025-12-02,5.218,3.11,5,2025,12,2025.0
2025-12-03,4.521111111111111,1.55,9,2025,12,2025.0
2025-12-04,3.5,0.93,13,2025,12,2025.0
2025-12-05,4.874615384615384,3.11,13,2025,12,2025.0
2025-12-06,6.019230769230769,4.97,13,2025,12,2025.0
2025-12-07,4.7219999999999995,2.49,10,2025,12,2025.0
2025-12-08,4.66,3.73,6,2025,12,2025.0
2025-12-09,2.23625,0.81,8,2025,12,2025.0
2025-12-10,3.036923076923077,1.55,13,2025,12,2025.0
2025-12-11,4.101999999999999,3.73,10,2025,12,2025.0
2025-12-12,4.97,4.97,7,2025,12,2025.0
2025-12-13,5.501428571428571,4.97,14,2025,12,2025.0
2025-12-14,5.538333333333333,4.35,12,2025,12,2025.0
2025-12-15,1.6166666666666667,0.62,9,2025,12,2025.0
2025-12-16,3.183,0.75,10,2025,12,2025.0
2025-12-17,3.575,3.11,4,2025,12,2025.0
2025-12-18,5.745,4.35,8,2025,12,2025.0
2025-12-19,5.435,3.73,8,2025,12,2025.0
2025-12-20,5.641666666666667,4.35,12,2025,12,2025.0
2025-12-21,5.8225,4.35,8,2025,12,2025.0
2025-12-22,4.525714285714286,1.24,7,2025,12,2025.0
2025-12-23,4.97,2.49,7,2025,12,2025.0
2025-12-24,5.59,3.73,10,2025,12,2025.0
2025-12-25,5.6933333333333325,2.49,12,2025,12,2025.0
2025-12-26,6.21,6.21,4,2025,12,2025.0
2025-12-27,5.962,4.97,5,2025,12,2025.0
2025-12-28,6.21,6.21,8,2025,12,2025.0
2025-12-29,6.21,6.21,8,2025,12,2025.0
2025-12-30,6.21,6.21,8,2025,12,2025.0
