date,daily_mean,daily_min,n_obs,year,month,season
1981-01-02,5.5,5.0,2,1981,1,1980.0
1981-01-11,12.0,12.0,1,1981,1,1980.0
1981-01-20,,,0,1981,1,1980.0
1981-01-27,6.0,6.0,1,1981,1,1980.0
1981-01-28,8.0,8.0,1,1981,1,1980.0
1981-02-03,16.0,16.0,1,1981,2,1980.0
1981-02-04,6.0,6.0,1,1981,2,1980.0
1981-02-07,9.0,9.0,1,1981,2,1980.0
1981-02-12,3.0,3.0,1,1981,2,1980.0
1981-02-14,5.0,4.0,3,1981,2,1980.0
1981-02-16,11.333333333333334,9.0,3,1981,2,1980.0
1981-02-17,12.0,12.0,4,1981,2,1980.0
1981-02-18,25.0,16.0,3,1981,2,1980.0
1981-02-19,12.0,12.0,1,1981,2,1980.0
1981-02-20,6.0,6.0,1,1981,2,1980.0
1981-02-21,11.5,11.0,2,1981,2,1980.0
1981-02-22,12.0,12.0,3,1981,2,1980.0
1981-02-23,1.0,1.0,1,1981,2,1980.0
1981-02-24,10.0,10.0,1,1981,2,1980.0
1981-02-26,1.0,1.0,1,1981,2,1980.0
1981-02-27,2.5,1.0,2,1981,2,1980.0
1981-02-28,5.0,5.0,1,1981,2,1980.0
1981-03-04,3.5,3.0,2,1981,3,1980.0
1981-03-05,9.0,9.0,2,1981,3,1980.0
1981-03-06,10.0,9.0,2,1981,3,1980.0
1981-03-07,12.0,12.0,2,1981,3,1980.0
1981-03-08,7.75,1.0,4,1981,3,1980.0
1981-03-10,4.333333333333333,1.0,3,1981,3,1980.0
1981-03-11,4.0,4.0,1,1981,3,1980.0
1981-03-12,9.0,9.0,1,1981,3,1980.0
1981-03-13,7.5,6.0,2,1981,3,1980.0
1981-03-15,9.0,9.0,1,1981,3,1980.0
1981-03-16,9.333333333333334,6.0,3,1981,3,1980.0
1981-03-17,12.0,12.0,3,1981,3,1980.0
1981-03-18,12.0,12.0,1,1981,3,1980.0
1981-03-19,12.0,12.0,2,1981,3,1980.0
1981-03-20,12.0,12.0,1,1981,3,1980.0
1981-03-22,12.0,12.0,2,1981,3,1980.0
1981-03-23,16.0,16.0,1,1981,3,1980.0
1981-03-24,6.0,6.0,1,1981,3,1980.0
1981-03-25,2.125,1.25,2,1981,3,1980.0
1981-03-26,6.5,4.0,2,1981,3,1980.0
1981-03-27,5.5,2.0,2,1981,3,1980.0
1981-03-28,7.0,4.0,3,1981,3,1980.0
1981-03-29,12.0,12.0,1,1981,3,1980.0
1981-04-01,16.5,14.0,2,1981,4,
1981-04-02,14.333333333333334,12.0,3,1981,4,
1981-04-03,12.0,12.0,1,1981,4,
1981-04-05,12.0,12.0,3,1981,4,
1981-04-07,4.5,0.0,2,1981,4,
1981-04-08,7.666666666666667,1.0,3,1981,4,
1981-04-09,1.25,1.0,4,1981,4,
1981-04-10,1.875,1.5,4,1981,4,
1981-04-11,4.0,4.0,1,1981,4,
1981-04-12,18.666666666666668,4.0,3,1981,4,
1981-04-13,5.0,5.0,1,1981,4,
1981-04-14,8.5,5.0,2,1981,4,
1981-04-20,6.0,6.0,1,1981,4,
1981-05-12,1.0,1.0,1,1981,5,
1981-05-17,16.0,16.0,3,1981,5,
1981-05-18,16.0,16.0,1,1981,5,
1981-05-20,16.0,16.0,2,1981,5,
1981-05-22,12.0,12.0,1,1981,5,
1981-05-23,9.5,3.0,2,1981,5,
1981-05-26,14.666666666666666,12.0,3,1981,5,
1981-05-27,16.0,16.0,1,1981,5,
1981-05-28,16.0,16.0,2,1981,5,
1981-05-29,16.0,16.0,2,1981,5,
1981-05-30,15.0,15.0,1,1981,5,
1981-05-31,16.0,16.0,3,1981,5,
1981-06-01,16.0,16.0,3,1981,6,
1981-06-02,16.0,16.0,2,1981,6,
1981-06-05,16.0,16.0,2,1981,6,
1981-06-06,16.0,16.0,2,1981,6,
1981-06-07,16.0,16.0,2,1981,6,
1981-06-09,16.0,16.0,1,1981,6,
1981-06-12,34.0,34.0,1,1981,6,
1981-06-13,16.0,16.0,2,1981,6,
1981-06-14,11.125,0.5,4,1981,6,
1981-06-15,13.0,13.0,1,1981,6,
1981-06-16,9.0,9.0,1,1981,6,
1981-06-19,16.0,16.0,1,1981,6,
1981-06-20,16.0,16.0,1,1981,6,
1981-06-21,16.0,16.0,4,1981,6,
1981-06-23,4.0,4.0,1,1981,6,
1981-07-01,16.0,16.0,1,1981,7,
1981-07-06,16.0,16.0,1,1981,7,
1981-07-17,16.0,16.0,1,1981,7,
1981-07-18,0.0,0.0,1,1981,7,
1981-07-21,16.0,16.0,1,1981,7,
1981-07-23,14.0,12.0,2,1981,7,
1981-09-06,16.0,16.0,2,1981,9,
1981-09-08,12.0,12.0,1,1981,9,
1981-09-09,16.0,16.0,3,1981,9,
1981-09-10,16.0,16.0,2,1981,9,
1981-09-13,12.0,12.0,1,1981,9,
1981-09-14,12.0,12.0,1,1981,9,
1981-09-15,15.0,15.0,1,1981,9,
1981-09-16,16.0,16.0,1,1981,9,
1981-09-17,8.5,1.0,2,1981,9,
1981-09-18,13.666666666666666,9.0,3,1981,9,
1981-09-19,16.0,16.0,1,1981,9,
1981-09-20,16.0,16.0,1,1981,9,
1981-09-21,11.666666666666666,3.0,3,1981,9,
1981-09-22,16.0,16.0,1,1981,9,
1981-09-23,16.0,16.0,2,1981,9,
1981-09-24,7.333333333333333,0.0,3,1981,9,
1981-09-25,16.0,16.0,1,1981,9,
1981-09-26,16.0,16.0,2,1981,9,
1981-09-28,16.0,16.0,2,1981,9,
1981-09-30,16.0,16.0,2,1981,9,
1981-10-02,16.0,16.0,1,1981,10,
1981-10-06,12.0,12.0,1,1981,10,
1981-10-07,4.69,0.38,2,1981,10,
1981-10-09,16.0,16.0,3,1981,10,
1981-10-12,1.0,1.0,1,1981,10,
1981-10-16,5.0,5.0,1,1981,10,
1981-10-17,,,0,1981,10,
1981-10-19,15.0,15.0,1,1981,10,
1981-10-20,16.0,16.0,1,1981,10,
1981-10-21,12.0,12.0,1,1981,10,
1981-10-22,16.0,16.0,1,1981,10,
1981-10-24,12.0,12.0,1,1981,10,
1981-10-26,16.0,16.0,2,1981,10,
1981-10-28,16.0,16.0,1,1981,10,
1981-10-29,16.0,16.0,3,1981,10,
1981-10-31,4.0,4.0,1,1981,10,
1981-11-01,9.0,9.0,1,1981,11,1981.0
1981-11-02,6.0,6.0,1,1981,11,1981.0
1981-11-03,4.0,4.0,2,1981,11,1981.0
1981-11-04,9.0,9.0,1,1981,11,1981.0
1981-11-06,2.5,2.5,1,1981,11,1981.0
1981-11-07,7.5,1.0,2,1981,11,1981.0
1981-11-08,6.0,6.0,2,1981,11,1981.0
1981-11-09,12.0,12.0,2,1981,11,1981.0
1981-11-10,12.0,12.0,1,1981,11,1981.0
1981-11-11,19.0,19.0,1,1981,11,1981.0
1981-11-14,4.0,2.0,2,1981,11,1981.0
1981-11-16,12.0,12.0,1,1981,11,1981.0
1981-11-17,11.5,2.5,3,1981,11,1981.0
1981-11-18,6.333333333333333,1.0,3,1981,11,1981.0
1981-11-19,1.0,1.0,1,1981,11,1981.0
1981-11-23,6.0,6.0,1,1981,11,1981.0
1981-11-25,1.0,1.0,1,1981,11,1981.0
1981-11-26,2.1666666666666665,1.5,3,1981,11,1981.0
1981-11-27,16.0,16.0,1,1981,11,1981.0
1981-11-28,16.0,16.0,1,1981,11,1981.0
1981-11-29,7.5,4.0,2,1981,11,1981.0
1981-11-30,4.0,4.0,1,1981,11,1981.0
1981-12-02,16.0,16.0,1,1981,12,1981.0
1981-12-03,12.0,12.0,1,1981,12,1981.0
1981-12-04,16.0,16.0,1,1981,12,1981.0
1981-12-06,,,0,1981,12,1981.0
1981-12-15,16.0,16.0,1,1981,12,1981.0
1981-12-18,1.5,0.5,2,1981,12,1981.0
1981-12-22,17.0,17.0,1,1981,12,1981.0
1981-12-23,19.0,19.0,1,1981,12,1981.0
1981-12-26,19.0,19.0,1,1981,12,1981.0
1981-12-30,19.0,19.0,2,1981,12,1981.0
1981-12-31,9.0,9.0,2,1981,12,1981.0
1982-01-10,16.0,16.0,1,1982,1,1981.0
1982-01-13,16.0,16.0,1,1982,1,1981.0
1982-01-18,12.0,12.0,1,1982,1,1981.0
1982-01-20,16.0,16.0,1,1982,1,1981.0
1982-01-29,12.0,12.0,1,1982,1,1981.0
1982-02-04,16.0,16.0,1,1982,2,1981.0
1982-02-09,0.75,0.5,2,1982,2,1981.0
1982-02-12,16.0,16.0,1,1982,2,1981.0
1982-02-13,16.0,16.0,1,1982,2,1981.0
1982-02-16,16.0,16.0,1,1982,2,1981.0
1982-02-17,16.0,16.0,1,1982,2,1981.0
1982-02-18,6.0,6.0,1,1982,2,1981.0
1982-02-24,2.5,2.5,1,1982,2,1981.0
1982-03-14,3.0,2.0,2,1982,3,1981.0
1982-03-15,8.0,6.0,3,1982,3,1981.0
1982-03-18,12.0,12.0,1,1982,3,1981.0
1982-03-24,16.0,16.0,1,1982,3,1981.0
1982-03-26,16.0,16.0,1,1982,3,1981.0
1982-03-30,0.25,0.25,1,1982,3,1981.0
1982-03-31,1.0,1.0,2,1982,3,1981.0
1982-04-03,9.25,2.5,2,1982,4,
1982-04-06,10.5,9.0,2,1982,4,
1982-04-07,6.0,6.0,1,1982,4,
1982-04-08,12.5,9.0,2,1982,4,
1982-04-12,16.0,16.0,2,1982,4,
1982-04-13,16.0,16.0,1,1982,4,
1982-04-14,16.0,16.0,2,1982,4,
1982-04-15,16.0,16.0,1,1982,4,
1982-04-16,16.0,16.0,2,1982,4,
1982-04-18,16.0,16.0,2,1982,4,
1982-04-19,16.0,16.0,1,1982,4,
1982-04-21,16.0,16.0,1,1982,4,
1982-04-23,16.0,16.0,1,1982,4,
1982-04-24,16.0,16.0,1,1982,4,
1982-04-25,9.0,9.0,1,1982,4,
1982-04-28,16.0,16.0,2,1982,4,
1982-04-29,16.0,16.0,3,1982,4,
1982-04-30,16.0,16.0,2,1982,4,
1982-05-01,16.0,16.0,1,1982,5,
1982-05-02,16.0,16.0,1,1982,5,
1982-05-03,16.0,16.0,2,1982,5,
1982-05-07,8.75,1.5,2,1982,5,
1982-05-08,16.0,16.0,1,1982,5,
1982-05-10,9.25,2.5,2,1982,5,
1982-05-11,9.25,2.5,2,1982,5,
1982-05-12,16.0,16.0,4,1982,5,
1982-05-13,16.0,16.0,1,1982,5,
1982-05-14,16.0,16.0,2,1982,5,
1982-05-16,16.0,16.0,2,1982,5,
1982-05-17,19.0,19.0,2,1982,5,
1982-05-18,16.0,16.0,1,1982,5,
1982-05-19,19.0,19.0,1,1982,5,
1982-05-25,16.0,16.0,1,1982,5,
1982-05-26,15.0,12.0,4,1982,5,
1982-05-28,3.6666666666666665,1.0,3,1982,5,
1982-05-30,16.0,16.0,1,1982,5,
1982-05-31,16.0,16.0,1,1982,5,
1982-06-01,16.0,16.0,1,1982,6,
1982-06-03,16.0,16.0,2,1982,6,
1982-06-04,16.0,16.0,2,1982,6,
1982-06-05,14.25,12.0,4,1982,6,
1982-06-06,16.0,16.0,1,1982,6,
1982-06-07,16.0,16.0,1,1982,6,
1982-06-09,16.0,16.0,1,1982,6,
1982-06-10,16.0,16.0,2,1982,6,
1982-06-11,11.0,6.0,2,1982,6,
1982-06-12,11.0,6.0,2,1982,6,
1982-06-13,,,0,1982,6,
1982-06-15,16.0,16.0,3,1982,6,
1982-06-16,16.0,16.0,1,1982,6,
1982-06-17,16.0,16.0,1,1982,6,
1982-06-18,16.0,16.0,3,1982,6,
1982-06-19,16.0,16.0,2,1982,6,
1982-06-20,16.0,16.0,1,1982,6,
1982-06-21,16.0,16.0,2,1982,6,
1982-06-23,16.0,16.0,1,1982,6,
1982-06-24,16.0,16.0,1,1982,6,
1982-06-25,16.0,16.0,1,1982,6,
1982-06-26,16.0,16.0,1,1982,6,
1982-06-27,16.0,16.0,1,1982,6,
1982-06-29,16.0,16.0,2,1982,6,
1982-06-30,16.0,16.0,1,1982,6,
1982-07-01,16.0,16.0,1,1982,7,
1982-07-02,14.0,12.0,2,1982,7,
1982-07-03,16.0,16.0,1,1982,7,
1982-07-04,12.0,12.0,1,1982,7,
1982-07-05,16.0,16.0,1,1982,7,
1982-07-06,16.0,16.0,3,1982,7,
1982-07-07,,,0,1982,7,
1982-07-09,16.0,16.0,2,1982,7,
1982-07-10,16.0,16.0,1,1982,7,
1982-07-11,16.0,16.0,1,1982,7,
1982-07-12,16.0,16.0,1,1982,7,
1982-07-13,16.0,16.0,1,1982,7,
1982-07-15,16.0,16.0,2,1982,7,
1982-07-16,12.0,12.0,2,1982,7,
1982-07-18,16.0,16.0,3,1982,7,
1982-07-22,16.0,16.0,1,1982,7,
1982-07-23,16.0,16.0,1,1982,7,
1982-07-24,16.0,16.0,1,1982,7,
1982-07-26,16.0,16.0,2,1982,7,
1982-07-28,16.0,16.0,1,1982,7,
1982-07-29,16.0,16.0,2,1982,7,
1982-07-30,16.0,16.0,2,1982,7,
1982-07-31,17.5,16.0,2,1982,7,
1982-08-01,17.0,17.0,1,1982,8,
1982-08-02,16.0,16.0,1,1982,8,
1982-08-04,16.0,16.0,2,1982,8,
1982-08-06,16.0,16.0,1,1982,8,
1982-08-08,11.333333333333334,6.0,3,1982,8,
1982-08-09,16.0,16.0,1,1982,8,
1982-08-10,16.0,16.0,1,1982,8,
1982-08-11,14.666666666666666,12.0,3,1982,8,
1982-08-12,9.0,9.0,2,1982,8,
1982-08-13,16.0,16.0,2,1982,8,
1982-08-14,16.0,16.0,1,1982,8,
1982-08-15,13.5,6.0,4,1982,8,
1982-08-16,16.0,16.0,3,1982,8,
1982-08-17,17.0,17.0,1,1982,8,
1982-08-18,11.5,2.5,3,1982,8,
1982-08-19,16.0,16.0,2,1982,8,
1982-08-21,16.0,16.0,1,1982,8,
1982-08-25,16.0,16.0,1,1982,8,
1982-08-26,16.0,16.0,1,1982,8,
1982-08-27,16.0,16.0,2,1982,8,
1982-08-28,16.0,16.0,1,1982,8,
1982-08-29,16.0,16.0,4,1982,8,
1982-08-30,16.0,16.0,1,1982,8,
1982-08-31,16.0,16.0,1,1982,8,
1982-09-01,16.0,16.0,1,1982,9,
1982-09-02,16.0,16.0,1,1982,9,
1982-09-03,16.0,16.0,2,1982,9,
1982-09-04,16.0,16.0,3,1982,9,
1982-09-05,12.666666666666666,6.0,3,1982,9,
1982-09-06,16.0,16.0,1,1982,9,
1982-09-07,16.0,16.0,1,1982,9,
1982-09-08,16.0,16.0,1,1982,9,
1982-09-09,13.0,9.0,2,1982,9,
1982-09-13,16.0,16.0,2,1982,9,
1982-09-14,16.0,16.0,2,1982,9,
1982-09-15,16.0,16.0,3,1982,9,
1982-09-17,16.0,16.0,1,1982,9,
1982-09-21,16.0,16.0,1,1982,9,
1982-09-25,1.0,1.0,1,1982,9,
1982-09-27,19.0,19.0,1,1982,9,
1982-09-28,16.0,16.0,1,1982,9,
1982-09-29,7.126666666666666,0.38,3,1982,9,
1982-09-30,16.0,16.0,1,1982,9,
1982-10-01,16.0,16.0,1,1982,10,
1982-10-02,16.0,16.0,1,1982,10,
1982-10-03,14.0,12.0,2,1982,10,
1982-10-04,16.0,16.0,1,1982,10,
1982-10-27,16.0,16.0,1,1982,10,
1982-10-28,16.0,16.0,1,1982,10,
1982-10-30,9.0,9.0,1,1982,10,
1982-11-06,6.0,6.0,1,1982,11,1982.0
1982-12-06,5.0,5.0,1,1982,12,1982.0
1982-12-08,5.125,1.25,2,1982,12,1982.0
1982-12-21,6.0,6.0,1,1982,12,1982.0
1982-12-23,1.0,1.0,1,1982,12,1982.0
1982-12-24,6.0,6.0,1,1982,12,1982.0
1982-12-25,16.0,16.0,1,1982,12,1982.0
1982-12-26,9.25,2.5,2,1982,12,1982.0
1982-12-27,6.0,6.0,1,1982,12,1982.0
1982-12-28,5.0,5.0,1,1982,12,1982.0
1982-12-29,2.5,2.5,1,1982,12,1982.0
1982-12-30,12.0,12.0,1,1982,12,1982.0
1982-12-31,6.0,6.0,1,1982,12,1982.0
1983-01-01,11.0,6.0,2,1983,1,1982.0
1983-01-04,2.25,2.0,2,1983,1,1982.0
1983-01-05,1.0,1.0,1,1983,1,1982.0
1983-01-10,1.0,1.0,1,1983,1,1982.0
1983-01-11,1.5,1.5,1,1983,1,1982.0
1983-01-12,12.0,12.0,1,1983,1,1982.0
1983-01-14,2.5,2.5,1,1983,1,1982.0
1983-01-15,1.5,1.5,1,1983,1,1982.0
1983-01-17,2.5,2.5,1,1983,1,1982.0
1983-01-18,16.0,16.0,1,1983,1,1982.0
1983-01-19,1.0,1.0,1,1983,1,1982.0
1983-01-20,1.125,1.0,2,1983,1,1982.0
1983-01-22,12.0,12.0,1,1983,1,1982.0
1983-01-25,0.75,0.5,2,1983,1,1982.0
1983-01-26,6.5,4.0,2,1983,1,1982.0
1983-01-27,2.5,2.0,2,1983,1,1982.0
1983-01-28,1.0,1.0,1,1983,1,1982.0
1983-01-29,12.0,12.0,1,1983,1,1982.0
1983-01-30,16.0,16.0,1,1983,1,1982.0
1983-02-06,,,0,1983,2,1982.0
1983-02-08,16.0,16.0,1,1983,2,1982.0
1983-02-18,16.0,16.0,1,1983,2,1982.0
1983-02-22,16.0,16.0,1,1983,2,1982.0
1983-02-27,1.0,1.0,1,1983,2,1982.0
1983-03-01,4.0,4.0,1,1983,3,1982.0
1983-03-09,12.0,12.0,1,1983,3,1982.0
1983-03-12,9.0,9.0,1,1983,3,1982.0
1983-03-15,9.0,9.0,1,1983,3,1982.0
1983-03-17,6.5,4.0,2,1983,3,1982.0
1983-03-18,16.0,16.0,1,1983,3,1982.0
1983-03-21,8.5,5.0,2,1983,3,1982.0
1983-03-23,7.0,7.0,1,1983,3,1982.0
1983-03-24,1.0,1.0,1,1983,3,1982.0
1983-03-25,4.0,4.0,1,1983,3,1982.0
1983-03-29,12.0,12.0,1,1983,3,1982.0
1983-04-01,11.666666666666666,11.0,3,1983,4,
1983-04-06,,,0,1983,4,
1983-04-07,6.0,6.0,1,1983,4,
1983-04-08,13.25,9.0,4,1983,4,
1983-04-09,3.0,3.0,1,1983,4,
1983-04-10,2.0,2.0,1,1983,4,
1983-04-11,3.0,3.0,1,1983,4,
1983-04-12,6.0,6.0,1,1983,4,
1983-04-13,,,0,1983,4,
1983-04-14,12.0,12.0,3,1983,4,
1983-04-15,16.0,16.0,2,1983,4,
1983-04-16,16.0,16.0,1,1983,4,
1983-04-17,16.0,16.0,1,1983,4,
1983-04-19,7.25,6.0,4,1983,4,
1983-04-22,2.75,2.5,2,1983,4,
1983-04-23,4.25,2.0,4,1983,4,
1983-04-25,7.0,7.0,1,1983,4,
1983-04-26,7.5,6.0,2,1983,4,
1983-04-28,16.0,16.0,1,1983,4,
1983-04-29,6.0,6.0,1,1983,4,
1983-04-30,2.5,2.5,1,1983,4,
1983-05-01,3.0,3.0,1,1983,5,
1983-05-02,8.0,5.0,2,1983,5,
1983-05-03,14.0,14.0,1,1983,5,
1983-05-04,12.0,12.0,1,1983,5,
1983-05-06,16.0,16.0,1,1983,5,
1983-05-07,16.0,16.0,1,1983,5,
1983-05-08,16.0,16.0,1,1983,5,
1983-05-09,16.0,16.0,1,1983,5,
1983-05-10,16.0,16.0,1,1983,5,
1983-05-12,16.0,16.0,1,1983,5,
1983-05-20,16.0,16.0,2,1983,5,
1983-05-22,16.0,16.0,1,1983,5,
1983-05-23,16.0,16.0,3,1983,5,
1983-05-24,16.0,16.0,1,1983,5,
1983-05-26,16.0,16.0,1,1983,5,
1983-05-27,16.0,16.0,2,1983,5,
1983-05-28,16.0,16.0,2,1983,5,
1983-05-29,13.3,2.5,5,1983,5,
1983-05-30,1.0,1.0,1,1983,5,
1983-06-02,16.0,16.0,1,1983,6,
1983-06-07,16.0,16.0,2,1983,6,
1983-06-09,,,0,1983,6,
1983-06-11,16.0,16.0,2,1983,6,
1983-06-12,16.0,16.0,2,1983,6,
1983-06-15,16.0,16.0,2,1983,6,
1983-06-16,14.0,6.0,5,1983,6,
1983-06-18,16.0,16.0,1,1983,6,
1983-06-20,16.0,16.0,2,1983,6,
1983-06-21,16.0,16.0,1,1983,6,
1983-06-22,16.0,16.0,1,1983,6,
1983-06-23,16.0,16.0,1,1983,6,
1983-06-26,9.0,9.0,1,1983,6,
1983-06-27,16.0,16.0,3,1983,6,
1983-06-28,3.0,3.0,1,1983,6,
1983-07-17,16.0,16.0,1,1983,7,
1983-07-19,16.0,16.0,2,1983,7,
1983-07-20,16.0,16.0,1,1983,7,
1983-07-22,19.0,19.0,1,1983,7,
1983-07-23,16.0,16.0,1,1983,7,
1983-07-25,16.0,16.0,1,1983,7,
1983-07-27,16.0,16.0,1,1983,7,
1983-07-31,,,0,1983,7,
1983-08-01,2.5,2.5,1,1983,8,
1983-08-08,16.0,16.0,2,1983,8,
1983-08-31,16.0,16.0,3,1983,8,
1983-09-02,11.5,2.5,3,1983,9,
1983-09-04,16.0,16.0,2,1983,9,
1983-09-06,9.25,2.5,2,1983,9,
1983-09-07,12.0,12.0,1,1983,9,
1983-09-08,16.0,16.0,1,1983,9,
1983-09-10,9.25,2.5,2,1983,9,
1983-09-11,16.0,16.0,1,1983,9,
1983-09-12,16.0,16.0,1,1983,9,
1983-09-14,16.0,16.0,1,1983,9,
1983-09-15,16.0,16.0,1,1983,9,
1983-09-16,16.0,16.0,1,1983,9,
1983-09-17,16.0,16.0,1,1983,9,
1983-09-22,16.0,16.0,1,1983,9,
1983-09-23,16.0,16.0,1,1983,9,
1983-09-24,16.0,16.0,1,1983,9,
1983-10-04,16.0,16.0,2,1983,10,
1983-10-07,0.38,0.38,1,1983,10,
1983-10-09,7.5,6.0,2,1983,10,
1983-10-20,12.0,12.0,1,1983,10,
1983-10-24,16.0,16.0,2,1983,10,
1983-10-31,7.5,6.0,2,1983,10,
1983-11-21,16.0,16.0,2,1983,11,1983.0
1983-11-24,16.0,16.0,1,1983,11,1983.0
1983-11-25,16.0,16.0,1,1983,11,1983.0
1983-11-29,16.0,16.0,1,1983,11,1983.0
1983-12-08,16.0,16.0,1,1983,12,1983.0
1983-12-09,6.0,6.0,1,1983,12,1983.0
1983-12-11,16.0,16.0,1,1983,12,1983.0
1983-12-15,6.0,6.0,1,1983,12,1983.0
1983-12-18,12.0,12.0,1,1983,12,1983.0
1984-01-12,16.0,16.0,2,1984,1,1983.0
1984-01-13,16.0,16.0,1,1984,1,1983.0
1984-01-18,6.0,6.0,1,1984,1,1983.0
1984-02-15,4.0,4.0,1,1984,2,1983.0
1984-03-01,3.0,3.0,1,1984,3,1983.0
1984-03-02,12.0,12.0,1,1984,3,1983.0
1984-03-29,4.0,4.0,1,1984,3,1983.0
1984-04-03,1.5,1.5,1,1984,4,
1984-04-04,6.0,6.0,1,1984,4,
1984-04-06,16.0,16.0,3,1984,4,
1984-04-07,16.0,16.0,1,1984,4,
1984-04-11,16.0,16.0,1,1984,4,
1984-04-14,11.0,11.0,1,1984,4,
1984-04-16,19.0,19.0,1,1984,4,
1984-05-03,16.0,16.0,2,1984,5,
1984-05-06,16.0,16.0,1,1984,5,
1984-05-23,4.0,4.0,1,1984,5,
1984-06-16,12.0,12.0,1,1984,6,
1984-07-03,12.0,12.0,1,1984,7,
1984-08-02,6.0,6.0,1,1984,8,
1984-10-30,2.0,2.0,1,1984,10,
1984-12-26,1.0,1.0,1,1984,12,1984.0
1984-12-31,5.0,5.0,1,1984,12,1984.0
1985-01-27,3.0,3.0,1,1985,1,1984.0
1985-03-26,9.0,9.0,1,1985,3,1984.0
1985-07-24,,,0,1985,7,
1985-08-14,6.0,6.0,2,1985,8,
1985-09-11,6.0,6.0,1,1985,9,
1986-01-08,1.0,1.0,1,1986,1,1985.0
1986-01-13,6.0,6.0,1,1986,1,1985.0
1986-04-04,12.0,12.0,1,1986,4,
1986-04-28,16.0,16.0,1,1986,4,
1986-11-01,16.0,16.0,1,1986,11,1986.0
1986-11-03,12.0,12.0,1,1986,11,1986.0
1986-11-04,12.0,12.0,1,1986,11,1986.0
1986-11-05,13.5,11.0,2,1986,11,1986.0
1986-11-06,16.0,16.0,1,1986,11,1986.0
1986-11-16,4.333333333333333,4.0,3,1986,11,1986.0
1986-11-19,8.0,7.0,2,1986,11,1986.0
1986-11-21,6.0,6.0,1,1986,11,1986.0
1986-11-24,2.5,1.0,2,1986,11,1986.0
1986-11-26,4.0,4.0,1,1986,11,1986.0
1986-11-29,5.0,5.0,1,1986,11,1986.0
1986-12-01,3.0,3.0,1,1986,12,1986.0
1986-12-02,1.0,1.0,1,1986,12,1986.0
1986-12-06,4.0,4.0,1,1986,12,1986.0
1986-12-11,16.0,16.0,2,1986,12,1986.0
1986-12-15,16.0,16.0,1,1986,12,1986.0
1986-12-24,,,0,1986,12,1986.0
1987-01-22,6.0,6.0,1,1987,1,1986.0
1987-01-26,16.0,16.0,1,1987,1,1986.0
1987-01-28,6.0,6.0,1,1987,1,1986.0
1987-02-16,6.0,6.0,1,1987,2,1986.0
1987-02-19,16.0,16.0,1,1987,2,1986.0
1987-02-20,3.0,3.0,1,1987,2,1986.0
1987-02-21,12.0,12.0,1,1987,2,1986.0
1987-03-05,1.0,1.0,1,1987,3,1986.0
1987-03-12,19.0,19.0,1,1987,3,1986.0
1987-04-05,4.0,4.0,1,1987,4,
1987-04-10,7.0,7.0,1,1987,4,
1987-04-15,17.0,17.0,1,1987,4,
1987-04-17,3.0,3.0,2,1987,4,
1987-04-19,6.0,6.0,1,1987,4,
1987-04-28,1.0,1.0,1,1987,4,
1987-05-01,4.5,4.0,2,1987,5,
1987-05-04,10.0,10.0,1,1987,5,
1987-05-07,16.0,16.0,1,1987,5,
1987-05-09,14.0,12.0,2,1987,5,
1987-05-14,12.0,12.0,2,1987,5,
1987-05-18,9.0,9.0,1,1987,5,
1987-05-25,19.0,19.0,1,1987,5,
1987-05-26,19.0,19.0,1,1987,5,
1987-05-27,12.0,12.0,1,1987,5,
1987-05-30,22.0,22.0,1,1987,5,
1987-06-05,16.0,16.0,1,1987,6,
1987-06-10,16.0,16.0,1,1987,6,
1987-07-03,19.0,19.0,1,1987,7,
1987-07-09,19.0,19.0,1,1987,7,
1987-07-10,,,0,1987,7,
1987-09-30,6.0,6.0,1,1987,9,
1987-10-16,6.0,6.0,1,1987,10,
1987-11-04,12.0,12.0,1,1987,11,1987.0
1987-11-15,1.25,1.25,1,1987,11,1987.0
1987-11-25,12.0,12.0,1,1987,11,1987.0
1987-11-29,15.0,15.0,1,1987,11,1987.0
1987-12-02,14.0,14.0,1,1987,12,1987.0
1987-12-03,10.0,10.0,1,1987,12,1987.0
1987-12-10,4.0,4.0,1,1987,12,1987.0
1987-12-17,1.0,1.0,1,1987,12,1987.0
1987-12-23,4.0,4.0,1,1987,12,1987.0
1988-01-01,3.0,2.0,2,1988,1,1987.0
1988-01-11,,,0,1988,1,1987.0
1988-01-13,0.5,0.5,1,1988,1,1987.0
1988-01-14,,,0,1988,1,1987.0
1988-01-16,0.5,0.5,1,1988,1,1987.0
1988-01-21,6.0,6.0,1,1988,1,1987.0
1988-01-29,1.0,1.0,1,1988,1,1987.0
1988-01-30,1.0,1.0,1,1988,1,1987.0
1988-03-02,12.0,12.0,1,1988,3,1987.0
1988-03-06,4.0,4.0,1,1988,3,1987.0
1988-03-07,5.0,5.0,1,1988,3,1987.0
1988-03-13,15.0,15.0,1,1988,3,1987.0
1988-03-22,6.0,6.0,1,1988,3,1987.0
1988-04-09,12.0,12.0,1,1988,4,
1988-04-10,7.5,6.0,2,1988,4,
1988-04-14,12.0,12.0,1,1988,4,
1988-04-15,19.0,19.0,1,1988,4,
1988-05-07,9.0,9.0,1,1988,5,
1988-05-13,6.0,6.0,1,1988,5,
1988-06-09,6.0,6.0,1,1988,6,
1988-06-17,17.0,17.0,1,1988,6,
1988-06-18,19.0,19.0,1,1988,6,
1988-06-22,19.0,19.0,1,1988,6,
1988-06-29,19.0,19.0,1,1988,6,
1988-06-30,6.0,6.0,1,1988,6,
1988-08-05,16.0,16.0,1,1988,8,
1988-08-06,11.0,11.0,1,1988,8,
1988-08-11,9.0,9.0,1,1988,8,
1988-08-14,6.0,6.0,1,1988,8,
1988-08-28,19.0,19.0,1,1988,8,
1988-09-02,16.0,16.0,1,1988,9,
1988-09-03,11.0,11.0,1,1988,9,
1988-09-06,16.0,16.0,1,1988,9,
1988-09-07,16.0,16.0,1,1988,9,
1988-09-15,12.0,12.0,1,1988,9,
1988-09-20,12.0,9.0,3,1988,9,
1988-09-22,6.0,6.0,1,1988,9,
1988-09-29,6.0,6.0,1,1988,9,
1988-10-01,12.333333333333334,9.0,3,1988,10,
1988-10-02,16.0,16.0,1,1988,10,
1988-10-09,9.0,9.0,1,1988,10,
1988-10-17,12.0,12.0,2,1988,10,
1988-10-18,6.0,6.0,1,1988,10,
1988-10-19,9.0,9.0,1,1988,10,
1988-10-20,6.0,6.0,2,1988,10,
1988-10-26,11.0,11.0,1,1988,10,
1988-11-06,16.0,16.0,1,1988,11,1988.0
1988-11-14,4.0,4.0,1,1988,11,1988.0
1988-11-15,3.0,3.0,1,1988,11,1988.0
1988-11-22,9.0,9.0,1,1988,11,1988.0
1988-11-25,10.75,9.0,4,1988,11,1988.0
1988-11-26,12.0,12.0,1,1988,11,1988.0
1988-12-01,8.0,7.0,2,1988,12,1988.0
1988-12-02,12.0,12.0,1,1988,12,1988.0
1988-12-08,1.0,1.0,1,1988,12,1988.0
1988-12-11,5.0,5.0,1,1988,12,1988.0
1988-12-13,6.0,6.0,1,1988,12,1988.0
1988-12-17,7.0,7.0,1,1988,12,1988.0
1988-12-27,0.25,0.25,1,1988,12,1988.0
1988-12-30,4.0,4.0,1,1988,12,1988.0
1989-01-11,1.69,0.38,2,1989,1,1988.0
1989-01-12,0.5,0.5,1,1989,1,1988.0
1989-01-14,2.5,2.5,1,1989,1,1988.0
1989-01-15,1.25,1.25,1,1989,1,1988.0
1989-01-17,1.0,1.0,2,1989,1,1988.0
1989-01-19,3.0,3.0,1,1989,1,1988.0
1989-01-20,4.0,4.0,1,1989,1,1988.0
1989-01-21,4.5,3.0,2,1989,1,1988.0
1989-01-23,1.875,1.25,2,1989,1,1988.0
1989-01-24,7.0,7.0,1,1989,1,1988.0
1989-01-27,11.0,11.0,1,1989,1,1988.0
1989-01-30,1.25,1.25,1,1989,1,1988.0
1989-02-03,1.0,1.0,1,1989,2,1988.0
1989-02-06,1.25,1.25,2,1989,2,1988.0
1989-02-07,4.0,4.0,1,1989,2,1988.0
1989-02-17,8.0,5.0,2,1989,2,1988.0
1989-02-19,0.75,0.5,2,1989,2,1988.0
1989-02-22,1.0,1.0,1,1989,2,1988.0
1989-02-24,5.0,5.0,1,1989,2,1988.0
1989-02-26,14.0,14.0,1,1989,2,1988.0
1989-03-03,12.0,12.0,1,1989,3,1988.0
1989-03-04,5.0,1.0,3,1989,3,1988.0
1989-03-05,3.0,3.0,1,1989,3,1988.0
1989-03-06,4.0,4.0,1,1989,3,1988.0
1989-03-07,12.0,12.0,1,1989,3,1988.0
1989-03-08,12.0,12.0,1,1989,3,1988.0
1989-03-10,6.0,6.0,1,1989,3,1988.0
1989-03-15,6.0,6.0,1,1989,3,1988.0
1989-03-18,13.5,11.0,2,1989,3,1988.0
1989-03-29,14.0,14.0,1,1989,3,1988.0
1989-03-30,6.0,6.0,1,1989,3,1988.0
1989-04-02,2.0,2.0,1,1989,4,
1989-04-03,4.0,4.0,1,1989,4,
1989-04-04,4.5,4.0,2,1989,4,
1989-04-07,16.0,16.0,1,1989,4,
1989-04-12,17.5,16.0,2,1989,4,
1989-04-13,12.0,12.0,1,1989,4,
1989-04-14,8.5,7.0,2,1989,4,
1989-04-16,9.0,9.0,2,1989,4,
1989-04-18,14.0,12.0,2,1989,4,
1989-05-13,12.0,12.0,1,1989,5,
1989-05-16,16.0,16.0,1,1989,5,
1989-06-02,19.0,19.0,1,1989,6,
1989-06-17,12.0,12.0,1,1989,6,
1989-06-18,16.0,16.0,1,1989,6,
1989-07-17,19.0,19.0,1,1989,7,
1989-08-15,12.0,12.0,1,1989,8,
1989-08-26,,,0,1989,8,
1989-09-05,6.0,6.0,1,1989,9,
1989-10-01,6.0,6.0,1,1989,10,
1989-10-09,12.0,12.0,1,1989,10,
1989-10-14,12.0,12.0,1,1989,10,
1989-10-17,9.0,9.0,1,1989,10,
1989-10-19,2.5,2.5,1,1989,10,
1989-10-20,5.0,5.0,1,1989,10,
1989-10-21,5.0,5.0,1,1989,10,
1989-11-11,7.0,7.0,1,1989,11,1989.0
1989-11-16,2.5,2.5,1,1989,11,1989.0
1989-11-20,6.0,6.0,1,1989,11,1989.0
1989-12-04,1.0,1.0,1,1989,12,1989.0
1990-01-07,10.0,10.0,1,1990,1,1989.0
1990-01-19,1.5,1.5,1,1990,1,1989.0
1990-06-24,16.0,16.0,1,1990,6,
1990-07-05,16.0,16.0,1,1990,7,
1990-07-11,,,0,1990,7,
1990-07-26,16.0,16.0,1,1990,7,
1991-12-11,6.0,6.0,1,1991,12,1991.0
1991-12-19,3.0,3.0,1,1991,12,1991.0
1992-02-24,0.5,0.5,1,1992,2,1991.0
1992-02-29,1.5,1.5,1,1992,2,1991.0
1992-03-01,,,0,1992,3,1991.0
1992-03-11,9.0,9.0,2,1992,3,1991.0
1992-03-15,4.0,4.0,1,1992,3,1991.0
1992-03-28,6.0,6.0,1,1992,3,1991.0
1992-05-08,12.0,12.0,1,1992,5,
1992-05-27,43.0,43.0,1,1992,5,
1992-07-15,6.0,6.0,1,1992,7,
1992-07-17,12.0,12.0,1,1992,7,
1992-10-08,12.0,12.0,1,1992,10,
1992-11-30,3.0,3.0,1,1992,11,1992.0
1992-12-03,6.0,6.0,1,1992,12,1992.0
1992-12-07,6.0,6.0,1,1992,12,1992.0
1992-12-28,0.5,0.5,1,1992,12,1992.0
1993-01-04,43.0,43.0,1,1993,1,1992.0
1993-03-18,5.0,5.0,1,1993,3,1992.0
1993-06-15,6.0,6.0,1,1993,6,
1993-06-24,5.0,5.0,1,1993,6,
1993-07-05,6.0,6.0,1,1993,7,
1993-08-18,6.0,6.0,1,1993,8,
1993-08-22,6.0,6.0,1,1993,8,
1993-08-26,6.0,6.0,1,1993,8,
1993-10-14,6.0,6.0,1,1993,10,
1993-10-24,6.0,6.0,1,1993,10,
1993-11-21,11.0,11.0,1,1993,11,1993.0
1993-12-07,6.0,6.0,2,1993,12,1993.0
1993-12-09,6.0,6.0,1,1993,12,1993.0
1994-02-09,5.0,5.0,1,1994,2,1993.0
1994-03-08,7.0,7.0,1,1994,3,1993.0
1994-03-09,9.0,9.0,1,1994,3,1993.0
1994-03-12,9.0,9.0,1,1994,3,1993.0
1994-03-14,14.0,9.0,2,1994,3,1993.0
1994-03-15,6.0,6.0,1,1994,3,1993.0
1994-03-16,5.0,5.0,1,1994,3,1993.0
1994-03-22,4.0,4.0,1,1994,3,1993.0
1994-03-26,7.0,5.0,2,1994,3,1993.0
1994-03-27,6.0,6.0,1,1994,3,1993.0
1994-03-28,5.0,5.0,1,1994,3,1993.0
1994-04-01,4.0,4.0,1,1994,4,
1994-04-02,3.5,3.0,2,1994,4,
1994-04-04,12.0,12.0,1,1994,4,
1994-04-07,6.0,6.0,1,1994,4,
1994-04-08,6.0,6.0,1,1994,4,
1994-04-13,12.0,12.0,1,1994,4,
1994-04-14,43.0,43.0,1,1994,4,
1994-04-15,9.0,9.0,1,1994,4,
1994-04-19,12.0,12.0,2,1994,4,
1994-04-21,7.0,7.0,1,1994,4,
1994-04-23,,,0,1994,4,
1994-04-24,12.0,12.0,1,1994,4,
1994-04-26,9.0,9.0,1,1994,4,
1994-04-27,9.0,9.0,1,1994,4,
1994-04-29,12.0,12.0,1,1994,4,
1994-05-01,2.0,2.0,1,1994,5,
1994-05-02,12.0,12.0,1,1994,5,
1994-05-04,11.0,11.0,3,1994,5,
1994-05-06,16.0,16.0,1,1994,5,
1994-05-09,8.5,6.0,2,1994,5,
1994-05-12,12.0,12.0,1,1994,5,
1994-05-13,12.0,12.0,1,1994,5,
1994-05-18,12.0,12.0,2,1994,5,
1994-05-20,11.0,11.0,1,1994,5,
1994-05-21,12.0,12.0,1,1994,5,
1994-05-27,12.0,12.0,1,1994,5,
1994-06-14,2.5,2.5,1,1994,6,
1994-06-17,10.5,9.0,2,1994,6,
1994-06-18,11.0,11.0,1,1994,6,
1994-06-20,12.0,12.0,1,1994,6,
1994-06-30,5.0,5.0,1,1994,6,
1994-07-01,6.0,6.0,1,1994,7,
1994-07-04,12.0,12.0,1,1994,7,
1994-07-10,43.0,43.0,1,1994,7,
1994-07-30,6.0,6.0,1,1994,7,
1994-08-04,6.0,6.0,1,1994,8,
1994-08-10,12.0,12.0,1,1994,8,
1994-08-14,12.0,12.0,1,1994,8,
1994-10-26,12.0,12.0,1,1994,10,
1994-10-29,11.0,11.0,1,1994,10,
1994-10-31,12.0,12.0,1,1994,10,
1994-11-07,9.0,9.0,1,1994,11,1994.0
1994-11-12,12.0,12.0,1,1994,11,1994.0
1994-11-14,5.0,5.0,1,1994,11,1994.0
1994-11-15,12.0,12.0,2,1994,11,1994.0
1994-11-16,12.0,12.0,2,1994,11,1994.0
1994-11-17,9.0,9.0,1,1994,11,1994.0
1994-11-18,6.0,6.0,1,1994,11,1994.0
1994-11-22,6.0,6.0,1,1994,11,1994.0
1994-11-26,1.0,1.0,1,1994,11,1994.0
1994-11-29,9.0,9.0,1,1994,11,1994.0
1994-12-11,0.12,0.12,1,1994,12,1994.0
1994-12-14,2.5,2.5,2,1994,12,1994.0
1994-12-17,9.0,9.0,1,1994,12,1994.0
1994-12-18,3.0,3.0,1,1994,12,1994.0
1994-12-22,11.0,11.0,1,1994,12,1994.0
1995-02-19,43.0,43.0,1,1995,2,1994.0
1995-03-26,4.0,4.0,1,1995,3,1994.0
1995-03-31,6.0,6.0,1,1995,3,1994.0
1995-04-28,12.0,12.0,1,1995,4,
1995-05-02,12.0,12.0,1,1995,5,
1995-05-05,12.0,12.0,1,1995,5,
1995-05-26,6.0,6.0,1,1995,5,
1995-06-24,6.0,6.0,1,1995,6,
1995-07-15,12.0,12.0,1,1995,7,
1995-07-17,12.0,12.0,1,1995,7,
1995-07-19,12.0,12.0,1,1995,7,
1995-07-20,6.0,6.0,1,1995,7,
1995-07-25,6.0,6.0,1,1995,7,
1995-08-22,6.0,6.0,1,1995,8,
1995-09-13,12.0,12.0,1,1995,9,
1995-09-21,6.0,6.0,1,1995,9,
1995-09-22,12.0,12.0,1,1995,9,
1995-09-24,12.0,12.0,1,1995,9,
1995-09-26,6.0,6.0,1,1995,9,
1995-10-07,12.0,12.0,1,1995,10,
1995-10-19,11.0,11.0,1,1995,10,
1995-10-27,6.0,6.0,1,1995,10,
1995-11-06,12.0,12.0,1,1995,11,1995.0
1995-11-08,6.0,6.0,1,1995,11,1995.0
1995-11-15,0.38,0.38,1,1995,11,1995.0
1995-11-17,6.0,6.0,1,1995,11,1995.0
1995-11-20,7.0,7.0,1,1995,11,1995.0
1995-11-28,4.0,4.0,1,1995,11,1995.0
1996-01-06,12.0,12.0,1,1996,1,1995.0
1996-01-08,12.0,12.0,1,1996,1,1995.0
1996-01-10,12.0,12.0,1,1996,1,1995.0
1996-01-18,2.0,1.0,2,1996,1,1995.0
1996-01-29,9.0,9.0,1,1996,1,1995.0
1996-01-30,6.0,6.0,1,1996,1,1995.0
1996-02-01,12.0,12.0,1,1996,2,1995.0
1996-02-09,5.0,5.0,1,1996,2,1995.0
1996-03-05,9.0,9.0,1,1996,3,1995.0
1996-03-06,12.0,12.0,1,1996,3,1995.0
1996-03-11,6.0,6.0,1,1996,3,1995.0
1996-03-18,12.0,12.0,1,1996,3,1995.0
1996-03-26,1.0,1.0,1,1996,3,1995.0
1996-04-11,12.0,12.0,1,1996,4,
1996-05-10,5.0,5.0,1,1996,5,
1996-05-12,43.0,43.0,1,1996,5,
1996-06-11,12.0,12.0,1,1996,6,
1996-06-25,,,0,1996,6,
1996-06-26,12.0,12.0,2,1996,6,
1996-07-16,12.0,12.0,1,1996,7,
1996-07-24,5.0,5.0,1,1996,7,
1996-07-26,12.0,12.0,1,1996,7,
1996-08-03,9.0,9.0,1,1996,8,
1996-08-04,6.0,6.0,1,1996,8,
1996-09-08,6.0,6.0,1,1996,9,
1996-10-02,6.0,6.0,1,1996,10,
1996-10-12,1.0,1.0,1,1996,10,
1996-12-03,6.0,6.0,1,1996,12,1996.0
1996-12-11,,,0,1996,12,1996.0
1997-01-24,,,0,1997,1,1996.0
1997-02-11,0.5,0.5,1,1997,2,1996.0
1997-02-14,6.0,6.0,1,1997,2,1996.0
1997-02-19,12.0,12.0,2,1997,2,1996.0
1997-02-25,12.0,12.0,1,1997,2,1996.0
1997-03-09,6.0,6.0,1,1997,3,1996.0
1997-03-26,6.0,6.0,1,1997,3,1996.0
1997-04-02,,,0,1997,4,
1997-04-07,7.0,7.0,1,1997,4,
1997-04-14,12.0,12.0,1,1997,4,
1997-04-21,1.0,1.0,1,1997,4,
1997-04-24,12.0,12.0,1,1997,4,
1997-05-10,43.0,43.0,1,1997,5,
1997-05-13,6.0,6.0,1,1997,5,
1997-05-19,6.0,6.0,1,1997,5,
1997-06-11,12.0,12.0,1,1997,6,
1997-06-12,5.0,5.0,1,1997,6,
1997-06-28,4.0,4.0,1,1997,6,
1997-07-15,43.0,43.0,1,1997,7,
1997-08-01,12.0,12.0,1,1997,8,
1997-08-16,6.0,6.0,1,1997,8,
1997-08-26,6.0,6.0,1,1997,8,
1997-09-19,6.0,6.0,1,1997,9,
1997-10-07,6.0,6.0,1,1997,10,
1998-02-10,6.0,6.0,1,1998,2,1997.0
1998-02-23,1.25,1.25,1,1998,2,1997.0
1998-02-26,12.0,12.0,1,1998,2,1997.0
1998-03-15,12.0,12.0,1,1998,3,1997.0
1998-03-17,4.0,4.0,1,1998,3,1997.0
1998-04-04,12.0,12.0,1,1998,4,
1998-06-04,16.0,16.0,1,1998,6,
1998-08-26,2.5,2.5,1,1998,8,
1998-09-08,12.0,12.0,2,1998,9,
1998-09-17,12.0,12.0,1,1998,9,
1998-09-23,12.0,12.0,1,1998,9,
1998-09-26,12.0,12.0,1,1998,9,
1998-09-28,12.0,12.0,1,1998,9,
1998-09-30,12.0,12.0,1,1998,9,
1998-10-16,12.0,12.0,1,1998,10,
1998-10-17,12.0,12.0,1,1998,10,
1998-10-18,4.0,4.0,1,1998,10,
1998-10-19,3.1666666666666665,1.25,3,1998,10,
1998-10-20,2.5,2.5,1,1998,10,
1998-10-21,1.5,1.5,1,1998,10,
1998-10-22,5.0,5.0,1,1998,10,
1998-10-23,12.0,12.0,1,1998,10,
1998-10-24,12.0,12.0,1,1998,10,
1998-10-25,11.2,9.0,5,1998,10,
1998-10-26,12.0,12.0,1,1998,10,
1998-10-27,7.0,7.0,1,1998,10,
1998-10-28,10.5,9.0,2,1998,10,
1998-10-29,12.0,12.0,1,1998,10,
1998-10-31,1.5833333333333333,1.25,3,1998,10,
1998-11-01,3.6666666666666665,3.0,3,1998,11,1998.0
1998-11-03,12.0,12.0,2,1998,11,1998.0
1998-11-04,12.0,12.0,1,1998,11,1998.0
1999-02-24,5.0,5.0,1,1999,2,1998.0
1999-02-28,9.0,9.0,3,1999,2,1998.0
1999-03-04,8.0,6.0,3,1999,3,1998.0
1999-03-06,9.0,9.0,1,1999,3,1998.0
1999-03-07,11.0,11.0,3,1999,3,1998.0
1999-03-08,13.5,11.0,2,1999,3,1998.0
1999-03-09,9.0,9.0,2,1999,3,1998.0
1999-03-10,9.0,9.0,3,1999,3,1998.0
1999-03-11,9.0,9.0,1,1999,3,1998.0
1999-03-12,9.0,9.0,2,1999,3,1998.0
1999-03-14,11.0,11.0,1,1999,3,1998.0
1999-03-18,7.0,7.0,1,1999,3,1998.0
1999-03-26,1.25,1.25,1,1999,3,1998.0
1999-03-27,2.0,2.0,1,1999,3,1998.0
1999-03-28,3.75,2.5,2,1999,3,1998.0
1999-03-29,6.0,6.0,1,1999,3,1998.0
1999-03-30,9.0,9.0,1,1999,3,1998.0
1999-03-31,8.0,7.0,2,1999,3,1998.0
1999-04-02,7.0,7.0,1,1999,4,
1999-04-04,8.0,7.0,2,1999,4,
1999-04-07,2.5,2.5,1,1999,4,
1999-04-08,3.75,2.5,2,1999,4,
1999-04-09,1.25,1.25,1,1999,4,
1999-04-11,3.0,3.0,1,1999,4,
1999-04-12,6.0,6.0,1,1999,4,
1999-04-13,7.0,7.0,1,1999,4,
1999-04-16,9.0,9.0,1,1999,4,
1999-04-21,9.0,9.0,1,1999,4,
1999-04-22,9.0,9.0,2,1999,4,
1999-04-23,9.0,9.0,1,1999,4,
1999-04-24,7.0,7.0,1,1999,4,
1999-04-26,11.0,11.0,1,1999,4,
1999-04-27,9.0,9.0,1,1999,4,
1999-04-28,8.0,6.0,3,1999,4,
1999-05-28,11.0,11.0,2,1999,5,
1999-05-30,9.0,9.0,2,1999,5,
1999-06-01,7.0,7.0,1,1999,6,
1999-06-02,9.0,9.0,1,1999,6,
1999-06-03,9.0,9.0,1,1999,6,
1999-06-04,9.0,9.0,2,1999,6,
1999-06-05,9.0,9.0,2,1999,6,
1999-06-06,9.0,9.0,1,1999,6,
1999-06-07,9.0,9.0,4,1999,6,
1999-06-09,9.0,9.0,2,1999,6,
1999-06-10,9.0,9.0,2,1999,6,
1999-06-11,9.0,9.0,2,1999,6,
1999-06-12,9.0,9.0,1,1999,6,
1999-06-13,11.0,11.0,3,1999,6,
1999-06-14,7.0,5.0,2,1999,6,
1999-06-15,10.0,9.0,3,1999,6,
1999-06-17,7.0,7.0,1,1999,6,
1999-06-18,9.0,9.0,3,1999,6,
1999-06-19,9.0,9.0,1,1999,6,
1999-06-20,9.0,9.0,2,1999,6,
1999-06-21,9.0,9.0,3,1999,6,
1999-06-22,9.0,9.0,2,1999,6,
1999-06-23,9.0,9.0,1,1999,6,
1999-06-24,12.0,12.0,1,1999,6,
1999-06-25,12.0,12.0,2,1999,6,
1999-06-26,9.0,9.0,1,1999,6,
1999-06-27,9.0,9.0,1,1999,6,
1999-06-28,11.0,11.0,2,1999,6,
1999-06-29,12.0,12.0,2,1999,6,
1999-06-30,9.0,9.0,1,1999,6,
1999-07-01,9.0,9.0,1,1999,7,
1999-07-03,12.0,12.0,2,1999,7,
1999-07-04,9.0,9.0,1,1999,7,
1999-07-07,15.5,12.0,2,1999,7,
1999-07-08,9.5,9.0,4,1999,7,
1999-07-09,9.0,9.0,1,1999,7,
1999-07-11,9.0,9.0,2,1999,7,
1999-07-12,9.0,9.0,2,1999,7,
1999-07-13,9.0,9.0,2,1999,7,
1999-07-15,12.0,12.0,2,1999,7,
1999-07-16,9.0,9.0,1,1999,7,
1999-07-17,9.0,9.0,1,1999,7,
1999-07-20,9.0,9.0,3,1999,7,
1999-07-21,9.0,9.0,1,1999,7,
1999-07-22,12.0,12.0,1,1999,7,
1999-07-24,9.0,9.0,3,1999,7,
1999-07-25,9.0,9.0,2,1999,7,
1999-07-28,16.0,16.0,1,1999,7,
1999-07-31,9.0,9.0,2,1999,7,
1999-08-01,9.0,9.0,1,1999,8,
1999-08-02,9.0,9.0,3,1999,8,
1999-08-03,12.0,12.0,1,1999,8,
1999-08-04,9.0,9.0,1,1999,8,
1999-08-05,9.0,9.0,2,1999,8,
1999-08-06,9.0,9.0,1,1999,8,
1999-08-08,11.0,11.0,1,1999,8,
1999-08-09,9.0,9.0,1,1999,8,
1999-08-10,7.5,6.0,2,1999,8,
1999-08-11,20.333333333333332,9.0,3,1999,8,
1999-08-12,9.0,9.0,1,1999,8,
1999-08-13,9.0,9.0,2,1999,8,
1999-08-14,9.0,9.0,3,1999,8,
1999-08-15,11.0,11.0,1,1999,8,
1999-08-17,9.0,9.0,2,1999,8,
1999-08-18,10.0,9.0,2,1999,8,
1999-08-19,11.0,11.0,2,1999,8,
1999-08-20,11.0,11.0,1,1999,8,
1999-08-21,9.0,9.0,1,1999,8,
1999-08-22,9.0,9.0,1,1999,8,
1999-08-23,11.0,11.0,2,1999,8,
1999-08-24,10.0,9.0,2,1999,8,
1999-08-25,9.0,9.0,1,1999,8,
1999-08-26,9.0,9.0,1,1999,8,
1999-08-27,11.0,11.0,1,1999,8,
1999-08-28,11.0,11.0,1,1999,8,
1999-08-29,9.0,9.0,1,1999,8,
1999-08-31,11.0,11.0,1,1999,8,
1999-09-01,10.0,9.0,2,1999,9,
1999-09-02,9.0,9.0,1,1999,9,
1999-09-03,9.0,9.0,1,1999,9,
1999-09-04,11.0,11.0,1,1999,9,
1999-09-05,9.0,9.0,1,1999,9,
1999-09-06,9.0,9.0,1,1999,9,
1999-09-07,11.0,11.0,1,1999,9,
1999-09-08,9.0,9.0,1,1999,9,
1999-09-10,9.0,9.0,1,1999,9,
1999-09-13,12.0,12.0,1,1999,9,
1999-09-15,9.0,9.0,1,1999,9,
1999-09-16,6.0,6.0,1,1999,9,
1999-09-17,9.0,9.0,1,1999,9,
1999-09-18,9.0,9.0,3,1999,9,
1999-09-19,9.0,9.0,1,1999,9,
1999-09-20,11.666666666666666,11.0,3,1999,9,
1999-09-21,9.5,9.0,4,1999,9,
1999-09-22,12.0,12.0,1,1999,9,
1999-09-23,12.0,12.0,1,1999,9,
1999-09-24,10.75,9.0,4,1999,9,
1999-09-25,10.0,9.0,2,1999,9,
1999-09-26,11.0,11.0,1,1999,9,
1999-09-28,11.0,11.0,1,1999,9,
1999-09-29,9.0,9.0,3,1999,9,
1999-09-30,9.0,9.0,5,1999,9,
1999-10-01,9.571428571428571,9.0,7,1999,10,
1999-10-03,9.0,9.0,3,1999,10,
1999-10-05,9.0,9.0,2,1999,10,
1999-10-06,9.0,9.0,4,1999,10,
1999-10-07,9.0,9.0,3,1999,10,
1999-10-08,11.0,11.0,3,1999,10,
1999-10-09,10.333333333333334,9.0,3,1999,10,
1999-10-10,9.0,9.0,1,1999,10,
1999-10-11,7.0,7.0,1,1999,10,
1999-10-12,9.0,9.0,2,1999,10,
1999-10-13,8.333333333333334,7.0,3,1999,10,
1999-10-14,9.0,9.0,3,1999,10,
1999-10-15,9.0,9.0,3,1999,10,
1999-10-16,9.0,9.0,2,1999,10,
1999-10-17,6.5,4.0,2,1999,10,
1999-10-18,4.333333333333333,4.0,3,1999,10,
1999-10-19,6.0,6.0,2,1999,10,
1999-10-20,6.0,5.0,5,1999,10,
1999-10-21,5.666666666666667,5.0,3,1999,10,
1999-10-22,3.5,3.0,2,1999,10,
1999-10-23,6.0,6.0,2,1999,10,
1999-10-24,6.0,6.0,1,1999,10,
1999-10-25,6.5,6.0,2,1999,10,
1999-10-26,5.0,5.0,1,1999,10,
1999-10-27,3.8333333333333335,1.5,3,1999,10,
1999-10-28,4.0,2.0,4,1999,10,
1999-10-29,4.666666666666667,4.0,3,1999,10,
1999-10-30,5.0,4.0,3,1999,10,
1999-10-31,6.0,6.0,3,1999,10,
1999-11-01,6.75,6.0,4,1999,11,1999.0
1999-11-02,7.5,7.0,4,1999,11,1999.0
1999-11-03,6.0,6.0,3,1999,11,1999.0
1999-11-04,6.0,5.0,2,1999,11,1999.0
1999-11-05,7.0,7.0,4,1999,11,1999.0
1999-11-06,7.0,7.0,2,1999,11,1999.0
1999-11-07,6.666666666666667,6.0,3,1999,11,1999.0
1999-11-08,7.0,7.0,3,1999,11,1999.0
1999-11-09,7.5,7.0,4,1999,11,1999.0
1999-11-10,7.0,7.0,2,1999,11,1999.0
1999-11-11,7.0,7.0,5,1999,11,1999.0
1999-11-12,6.0,6.0,1,1999,11,1999.0
1999-11-13,5.5,4.0,2,1999,11,1999.0
1999-11-14,3.3333333333333335,2.5,3,1999,11,1999.0
1999-11-15,2.6666666666666665,2.5,3,1999,11,1999.0
1999-11-22,1.5,1.5,1,1999,11,1999.0
1999-12-02,6.0,6.0,1,1999,12,1999.0
1999-12-04,9.0,9.0,1,1999,12,1999.0
1999-12-05,6.0,6.0,3,1999,12,1999.0
1999-12-06,6.75,6.0,4,1999,12,1999.0
1999-12-07,5.666666666666667,5.0,3,1999,12,1999.0
1999-12-08,8.0,6.0,3,1999,12,1999.0
1999-12-09,4.666666666666667,3.0,3,1999,12,1999.0
1999-12-10,8.0,7.0,2,1999,12,1999.0
1999-12-12,7.333333333333333,6.0,3,1999,12,1999.0
1999-12-13,7.0,5.0,2,1999,12,1999.0
1999-12-14,2.125,1.25,2,1999,12,1999.0
1999-12-15,7.5,6.0,2,1999,12,1999.0
1999-12-16,9.0,9.0,1,1999,12,1999.0
1999-12-17,7.0,6.0,3,1999,12,1999.0
1999-12-18,7.0,7.0,2,1999,12,1999.0
1999-12-19,9.0,9.0,1,1999,12,1999.0
1999-12-20,9.0,9.0,3,1999,12,1999.0
1999-12-21,10.0,9.0,3,1999,12,1999.0
1999-12-22,9.0,9.0,2,1999,12,1999.0
1999-12-23,4.166666666666667,2.5,3,1999,12,1999.0
1999-12-24,5.333333333333333,5.0,3,1999,12,1999.0
1999-12-25,2.8333333333333335,2.5,3,1999,12,1999.0
1999-12-26,2.0,1.0,2,1999,12,1999.0
1999-12-27,1.0,1.0,2,1999,12,1999.0
1999-12-28,1.0,1.0,1,1999,12,1999.0
1999-12-29,2.5,1.5,3,1999,12,1999.0
1999-12-30,7.666666666666667,7.0,3,1999,12,1999.0
1999-12-31,7.5,6.0,2,1999,12,1999.0
2000-01-01,8.333333333333334,7.0,3,2000,1,1999.0
2000-01-02,9.0,9.0,2,2000,1,1999.0
2000-01-03,9.0,9.0,4,2000,1,1999.0
2000-01-04,7.0,5.0,2,2000,1,1999.0
2000-01-05,7.0,7.0,2,2000,1,1999.0
2000-01-08,9.0,9.0,3,2000,1,1999.0
2000-01-09,12.0,12.0,2,2000,1,1999.0
2000-01-10,4.0,4.0,1,2000,1,1999.0
2000-01-11,2.6666666666666665,2.5,3,2000,1,1999.0
2000-01-12,5.0,5.0,2,2000,1,1999.0
2000-01-13,7.0,7.0,1,2000,1,1999.0
2000-01-14,7.0,7.0,2,2000,1,1999.0
2000-01-15,6.0,6.0,2,2000,1,1999.0
2000-01-17,7.0,7.0,2,2000,1,1999.0
2000-01-18,7.0625,1.25,4,2000,1,1999.0
2000-01-19,9.0,9.0,1,2000,1,1999.0
2000-01-20,9.0,9.0,1,2000,1,1999.0
2000-01-21,11.0,11.0,2,2000,1,1999.0
2000-01-24,9.0,9.0,1,2000,1,1999.0
2000-01-25,9.0,9.0,1,2000,1,1999.0
2000-01-26,9.0,9.0,2,2000,1,1999.0
2000-01-27,9.0,9.0,1,2000,1,1999.0
2000-02-25,9.0,9.0,2,2000,2,1999.0
2000-02-26,1.125,1.0,4,2000,2,1999.0
2000-03-02,1.0,1.0,3,2000,3,1999.0
2000-03-03,1.0,1.0,1,2000,3,1999.0
2000-03-04,2.5,2.5,2,2000,3,1999.0
2000-03-05,1.0,1.0,1,2000,3,1999.0
2000-03-06,2.6666666666666665,2.5,3,2000,3,1999.0
2000-03-10,2.25,2.0,2,2000,3,1999.0
2000-03-12,6.5,6.0,2,2000,3,1999.0
2000-03-13,4.666666666666667,3.0,3,2000,3,1999.0
2000-03-14,5.0,5.0,1,2000,3,1999.0
2000-03-15,2.0,2.0,1,2000,3,1999.0
2000-03-16,1.25,1.25,1,2000,3,1999.0
2000-03-17,6.166666666666667,2.5,3,2000,3,1999.0
2000-03-18,6.0,6.0,3,2000,3,1999.0
2000-03-19,7.0,7.0,2,2000,3,1999.0
2000-03-20,7.0,7.0,1,2000,3,1999.0
2000-03-21,9.0,9.0,3,2000,3,1999.0
2000-03-22,8.0,6.0,3,2000,3,1999.0
2000-03-28,3.3333333333333335,2.5,3,2000,3,1999.0
2000-03-29,4.0,4.0,1,2000,3,1999.0
2000-03-30,6.0,6.0,1,2000,3,1999.0
2000-03-31,6.0,6.0,1,2000,3,1999.0
2000-04-01,5.0,1.0,2,2000,4,
2000-04-02,7.0,7.0,1,2000,4,
2000-07-15,7.0,7.0,1,2000,7,
2000-08-14,9.0,9.0,1,2000,8,
2000-08-18,7.0,7.0,1,2000,8,
2000-08-21,6.0,6.0,2,2000,8,
2000-08-23,8.333333333333334,6.0,3,2000,8,
2000-08-24,8.666666666666666,7.0,3,2000,8,
2000-08-25,12.0,12.0,1,2000,8,
2000-08-27,7.0,7.0,1,2000,8,
2000-08-28,9.0,6.0,2,2000,8,
2000-08-30,12.0,12.0,1,2000,8,
2000-09-04,9.0,9.0,1,2000,9,
2000-09-08,9.0,9.0,1,2000,9,
2000-09-20,12.0,12.0,1,2000,9,
2000-09-28,12.0,12.0,1,2000,9,
2000-09-29,9.0,9.0,1,2000,9,
2000-09-30,9.0,9.0,1,2000,9,
2000-10-01,9.0,9.0,1,2000,10,
2000-10-02,10.5,9.0,2,2000,10,
2000-10-03,7.0,7.0,3,2000,10,
2000-10-05,9.0,9.0,2,2000,10,
2000-10-06,6.0,6.0,1,2000,10,
2000-10-07,6.0,6.0,1,2000,10,
2000-10-09,10.0,9.0,2,2000,10,
2000-10-11,9.0,9.0,1,2000,10,
2000-10-12,9.0,9.0,1,2000,10,
2000-10-13,12.0,12.0,1,2000,10,
2000-11-04,6.0,6.0,1,2000,11,2000.0
2000-11-07,2.25,2.0,2,2000,11,2000.0
2000-11-11,2.5,2.5,1,2000,11,2000.0
2000-11-15,4.0,4.0,1,2000,11,2000.0
2000-11-17,5.0,5.0,1,2000,11,2000.0
2000-11-23,12.0,12.0,1,2000,11,2000.0
2000-12-07,7.0,7.0,1,2000,12,2000.0
2000-12-09,2.0,2.0,1,2000,12,2000.0
2000-12-11,1.25,1.25,1,2000,12,2000.0
2000-12-12,2.5,2.5,1,2000,12,2000.0
2000-12-15,0.38,0.38,1,2000,12,2000.0
2000-12-17,2.5,2.5,1,2000,12,2000.0
2000-12-19,3.0,3.0,1,2000,12,2000.0
2000-12-27,6.0,6.0,1,2000,12,2000.0
2000-12-29,7.0,7.0,2,2000,12,2000.0
2001-01-02,6.0,6.0,1,2001,1,2000.0
2001-01-04,1.6666666666666667,1.25,3,2001,1,2000.0
2001-01-08,2.125,1.25,4,2001,1,2000.0
2001-01-10,1.25,1.25,2,2001,1,2000.0
2001-01-11,0.38,0.38,1,2001,1,2000.0
2001-01-12,1.25,1.25,4,2001,1,2000.0
2001-01-14,3.0,3.0,2,2001,1,2000.0
2001-01-16,5.8,5.0,5,2001,1,2000.0
2001-01-18,2.5,2.5,1,2001,1,2000.0
2001-01-20,1.0,1.0,1,2001,1,2000.0
2001-01-21,2.0,2.0,1,2001,1,2000.0
2001-01-22,1.25,1.25,2,2001,1,2000.0
2001-01-26,1.0,1.0,1,2001,1,2000.0
2001-01-28,4.0,4.0,1,2001,1,2000.0
2001-01-30,6.5,6.0,2,2001,1,2000.0
2001-02-01,7.0,7.0,1,2001,2,2000.0
2001-02-03,1.25,1.25,1,2001,2,2000.0
2001-02-06,0.5,0.5,1,2001,2,2000.0
2001-02-07,1.0,1.0,2,2001,2,2000.0
2001-02-09,1.25,1.25,1,2001,2,2000.0
2001-02-12,1.5,1.5,1,2001,2,2000.0
2001-02-13,2.5,2.5,1,2001,2,2000.0
2001-02-14,2.0,2.0,1,2001,2,2000.0
2001-02-20,6.0,6.0,1,2001,2,2000.0
2001-02-21,6.0,6.0,2,2001,2,2000.0
2001-02-23,6.0,6.0,1,2001,2,2000.0
2001-02-26,9.0,9.0,2,2001,2,2000.0
2001-02-28,8.0,7.0,2,2001,2,2000.0
2001-03-01,9.0,9.0,2,2001,3,2000.0
2001-03-02,9.0,9.0,1,2001,3,2000.0
2001-03-03,5.0,5.0,1,2001,3,2000.0
2001-03-05,7.0,7.0,1,2001,3,2000.0
2001-03-23,4.0,4.0,1,2001,3,2000.0
2001-03-26,3.0,3.0,1,2001,3,2000.0
2001-03-29,7.0,7.0,1,2001,3,2000.0
2001-04-03,0.12,0.12,1,2001,4,
2001-04-10,7.0,7.0,1,2001,4,
2001-04-13,7.0,7.0,1,2001,4,
2001-04-17,9.0,9.0,1,2001,4,
2001-04-24,7.0,7.0,1,2001,4,
2001-05-01,7.0,7.0,1,2001,5,
2001-05-05,9.0,9.0,1,2001,5,
2001-05-10,7.0,7.0,1,2001,5,
2001-05-15,7.0,7.0,1,2001,5,
2001-05-25,7.0,7.0,1,2001,5,
2001-05-31,6.0,6.0,1,2001,5,
2001-06-01,,,0,2001,6,
2001-06-06,6.0,6.0,1,2001,6,
2001-06-07,7.0,7.0,1,2001,6,
2001-06-14,6.0,6.0,1,2001,6,
2001-06-18,12.0,12.0,1,2001,6,
2001-06-19,7.5,6.0,2,2001,6,
2001-06-20,6.0,6.0,2,2001,6,
2001-06-22,9.0,9.0,1,2001,6,
2001-06-23,6.5,6.0,2,2001,6,
2001-07-02,,,0,2001,7,
2001-08-27,12.0,12.0,1,2001,8,
2001-09-04,6.5,6.0,2,2001,9,
2001-09-05,6.5,6.0,4,2001,9,
2001-09-06,7.0,7.0,1,2001,9,
2001-09-07,7.5,6.0,2,2001,9,
2001-09-09,7.0,7.0,1,2001,9,
2001-09-10,7.0,7.0,1,2001,9,
2001-09-14,7.0,7.0,1,2001,9,
2001-09-18,7.0,7.0,2,2001,9,
2001-09-19,9.0,9.0,1,2001,9,
2001-09-26,7.0,7.0,1,2001,9,
2001-09-30,7.0,7.0,1,2001,9,
2001-10-02,9.0,9.0,1,2001,10,
2001-10-03,7.666666666666667,7.0,3,2001,10,
2001-10-04,9.333333333333334,7.0,3,2001,10,
2001-10-08,7.0,7.0,1,2001,10,
2001-10-28,2.0,2.0,1,2001,10,
2001-11-04,6.0,6.0,1,2001,11,2001.0
2001-11-09,5.0,5.0,1,2001,11,2001.0
2001-11-10,2.5,2.5,1,2001,11,2001.0
2001-11-13,4.0,4.0,1,2001,11,2001.0
2001-11-21,2.5,2.5,1,2001,11,2001.0
2001-11-23,1.0,1.0,1,2001,11,2001.0
2001-11-26,7.0,7.0,2,2001,11,2001.0
2001-11-27,7.0,7.0,1,2001,11,2001.0
2001-12-01,7.0,7.0,1,2001,12,2001.0
2002-01-05,6.0,6.0,1,2002,1,2001.0
2002-01-09,1.25,1.25,1,2002,1,2001.0
2002-01-11,3.5,1.0,2,2002,1,2001.0
2002-01-17,3.0,3.0,1,2002,1,2001.0
2002-01-18,3.0,3.0,1,2002,1,2001.0
2002-01-20,7.0,7.0,1,2002,1,2001.0
2002-01-21,1.0,1.0,2,2002,1,2001.0
2002-01-24,3.25,1.5,2,2002,1,2001.0
2002-01-25,2.0,2.0,1,2002,1,2001.0
2002-01-27,2.5,2.5,1,2002,1,2001.0
2002-03-19,1.0,1.0,3,2002,3,2001.0
2002-03-22,1.25,1.0,2,2002,3,2001.0
2002-03-25,4.5,4.0,2,2002,3,2001.0
2002-03-28,7.0,6.0,3,2002,3,2001.0
2002-03-31,6.0,6.0,1,2002,3,2001.0
2002-04-01,11.0,11.0,1,2002,4,
2002-04-03,1.5,1.5,1,2002,4,
2002-04-19,6.0,6.0,1,2002,4,
2002-04-26,6.0,6.0,1,2002,4,
2002-05-10,7.0,7.0,1,2002,5,
2002-05-13,7.0,7.0,2,2002,5,
2002-05-16,7.0,7.0,1,2002,5,
2002-05-18,6.0,6.0,1,2002,5,
2002-05-29,6.0,6.0,1,2002,5,
2002-05-30,7.0,7.0,1,2002,5,
2002-06-05,7.0,7.0,1,2002,6,
2002-06-12,6.0,6.0,1,2002,6,
2002-06-19,7.0,7.0,1,2002,6,
2002-06-22,9.0,9.0,1,2002,6,
2002-06-26,7.0,6.0,3,2002,6,
2002-06-30,9.0,9.0,1,2002,6,
2002-07-06,6.0,6.0,1,2002,7,
2002-08-22,6.0,6.0,1,2002,8,
2003-04-17,4.0,4.0,1,2003,4,
2004-05-14,6.0,6.0,1,2004,5,
2004-05-20,6.0,6.0,1,2004,5,
2004-05-24,6.0,6.0,1,2004,5,
2004-05-26,6.0,6.0,1,2004,5,
2004-05-27,6.0,6.0,1,2004,5,
2004-05-29,9.0,9.0,1,2004,5,
2004-05-30,7.0,7.0,1,2004,5,
2004-05-31,6.0,6.0,2,2004,5,
2004-06-01,7.0,7.0,1,2004,6,
2004-06-02,6.0,6.0,3,2004,6,
2004-06-03,6.0,6.0,1,2004,6,
2004-06-04,6.0,6.0,7,2004,6,
2004-06-05,5.0,5.0,1,2004,6,
2004-06-06,6.0,6.0,1,2004,6,
2004-06-07,6.25,6.0,4,2004,6,
2004-06-08,6.0,6.0,2,2004,6,
2004-06-10,7.0,7.0,1,2004,6,
2004-06-11,6.0,6.0,1,2004,6,
2004-06-12,6.5,6.0,2,2004,6,
2004-06-13,7.0,7.0,2,2004,6,
2004-06-14,6.0,6.0,1,2004,6,
2004-06-16,6.5,6.0,2,2004,6,
2004-06-17,6.0,6.0,3,2004,6,
2004-06-18,6.0,6.0,1,2004,6,
2004-06-19,6.666666666666667,6.0,3,2004,6,
2004-06-20,6.0,6.0,1,2004,6,
2004-06-22,6.6,6.0,5,2004,6,
2004-06-23,6.6,6.0,5,2004,6,
2004-06-24,7.0,7.0,1,2004,6,
2004-06-26,6.0,6.0,2,2004,6,
2004-06-28,6.0,6.0,1,2004,6,
2004-07-01,6.0,6.0,2,2004,7,
2004-07-02,7.0,7.0,1,2004,7,
2004-07-03,7.0,7.0,1,2004,7,
2004-07-07,6.0,5.0,3,2004,7,
2004-07-08,7.0,7.0,1,2004,7,
2004-07-11,6.0,6.0,1,2004,7,
2004-07-12,9.0,9.0,3,2004,7,
2004-07-14,6.0,6.0,1,2004,7,
2004-07-15,6.0,6.0,1,2004,7,
2004-07-16,7.0,7.0,2,2004,7,
2004-07-17,6.0,6.0,6,2004,7,
2004-07-18,6.333333333333333,6.0,6,2004,7,
2004-07-19,6.0,6.0,1,2004,7,
2004-07-20,7.0,7.0,1,2004,7,
2004-07-21,6.333333333333333,6.0,3,2004,7,
2004-07-23,6.5,6.0,4,2004,7,
2004-07-24,7.0,7.0,1,2004,7,
2004-07-25,7.0,7.0,1,2004,7,
2004-07-26,6.5,6.0,2,2004,7,
2004-07-29,7.0,7.0,1,2004,7,
2004-07-31,6.0,6.0,2,2004,7,
2004-08-01,6.666666666666667,6.0,3,2004,8,
2004-08-02,6.0,6.0,1,2004,8,
2004-08-03,6.0,6.0,1,2004,8,
2004-08-04,6.0,6.0,1,2004,8,
2004-08-05,7.0,7.0,1,2004,8,
2004-08-06,6.0,6.0,1,2004,8,
2004-08-07,6.0,6.0,2,2004,8,
2004-08-08,6.0,6.0,2,2004,8,
2004-08-10,6.0,6.0,2,2004,8,
2004-08-11,6.5,6.0,2,2004,8,
2004-08-12,6.0,6.0,2,2004,8,
2004-08-13,6.5,6.0,4,2004,8,
2004-08-14,7.5,6.0,2,2004,8,
2004-08-15,6.0,6.0,1,2004,8,
2004-08-18,6.571428571428571,6.0,7,2004,8,
2004-08-20,6.25,6.0,4,2004,8,
2004-08-22,6.75,6.0,4,2004,8,
2004-08-24,6.5,6.0,2,2004,8,
2004-08-25,6.0,6.0,1,2004,8,
2004-08-26,6.25,6.0,4,2004,8,
2004-08-27,6.0,6.0,1,2004,8,
2004-08-30,6.333333333333333,6.0,3,2004,8,
2004-09-01,6.0,6.0,2,2004,9,
2004-09-02,6.0,6.0,2,2004,9,
2004-09-03,6.0,6.0,2,2004,9,
2004-09-06,8.0,7.0,2,2004,9,
2004-09-07,6.5,6.0,2,2004,9,
2004-09-09,7.333333333333333,6.0,3,2004,9,
2004-09-10,7.5,6.0,4,2004,9,
2004-09-12,6.0,6.0,3,2004,9,
2004-09-14,6.0,6.0,1,2004,9,
2004-09-15,7.0,7.0,2,2004,9,
2004-09-19,6.5,6.0,2,2004,9,
2004-09-21,7.0,7.0,2,2004,9,
2004-09-24,7.0,7.0,1,2004,9,
2004-09-26,6.0,6.0,2,2004,9,
2004-09-29,6.0,6.0,2,2004,9,
2004-10-10,6.0,6.0,2,2004,10,
2004-10-11,6.0,6.0,2,2004,10,
2004-10-12,6.0,6.0,1,2004,10,
2004-10-13,6.0,6.0,2,2004,10,
2004-10-17,6.0,6.0,2,2004,10,
2004-10-18,6.0,6.0,3,2004,10,
2004-10-19,6.0,6.0,2,2004,10,
2004-10-21,5.5,5.0,4,2004,10,
2004-10-22,6.0,6.0,1,2004,10,
2004-10-24,5.2,5.0,5,2004,10,
2004-10-25,6.0,6.0,1,2004,10,
2004-10-26,6.0,6.0,1,2004,10,
2004-10-29,6.0,6.0,4,2004,10,
2004-10-30,6.0,6.0,1,2004,10,
2004-11-01,6.0,6.0,2,2004,11,2004.0
2004-11-02,6.5,6.0,2,2004,11,2004.0
2004-11-03,6.0,6.0,1,2004,11,2004.0
2004-11-04,6.0,6.0,1,2004,11,2004.0
2004-11-05,6.0,6.0,1,2004,11,2004.0
2004-11-06,6.0,6.0,1,2004,11,2004.0
2004-11-08,6.0,6.0,1,2004,11,2004.0
2004-11-09,6.0,6.0,1,2004,11,2004.0
2004-11-10,6.0,6.0,1,2004,11,2004.0
2004-11-13,6.0,6.0,1,2004,11,2004.0
2004-11-15,6.5,6.0,2,2004,11,2004.0
2004-11-19,3.0,2.5,3,2004,11,2004.0
2004-11-21,5.0,3.0,3,2004,11,2004.0
2004-11-25,2.25,2.0,2,2004,11,2004.0
2004-11-29,1.0,1.0,1,2004,11,2004.0
2004-11-30,3.625,1.25,2,2004,11,2004.0
2004-12-01,7.0,7.0,1,2004,12,2004.0
2004-12-03,2.25,2.0,2,2004,12,2004.0
2004-12-05,,,0,2004,12,2004.0
2004-12-07,6.0,6.0,4,2004,12,2004.0
2004-12-08,6.5,6.0,2,2004,12,2004.0
2004-12-09,6.0,6.0,2,2004,12,2004.0
2004-12-11,6.0,6.0,3,2004,12,2004.0
2004-12-13,5.28125,0.25,8,2004,12,2004.0
2004-12-14,6.0,6.0,1,2004,12,2004.0
2004-12-15,6.0,6.0,2,2004,12,2004.0
2004-12-17,1.125,1.0,4,2004,12,2004.0
2004-12-18,3.0,3.0,1,2004,12,2004.0
2004-12-19,6.0,6.0,3,2004,12,2004.0
2004-12-20,6.0,6.0,1,2004,12,2004.0
2004-12-21,6.0,6.0,2,2004,12,2004.0
2004-12-23,6.0,6.0,3,2004,12,2004.0
2004-12-27,4.0,4.0,2,2004,12,2004.0
2004-12-28,4.5,4.0,2,2004,12,2004.0
2004-12-29,8.0,4.0,2,2004,12,2004.0
2004-12-30,3.25,2.5,2,2004,12,2004.0
2005-01-01,6.0,6.0,2,2005,1,2004.0
2005-01-02,2.6875,2.5,8,2005,1,2004.0
2005-01-03,1.25,1.25,1,2005,1,2004.0
2005-01-04,4.125,2.5,4,2005,1,2004.0
2005-01-05,2.2,2.0,5,2005,1,2004.0
2005-01-07,0.44,0.38,4,2005,1,2004.0
2005-01-08,1.125,1.0,4,2005,1,2004.0
2005-01-10,0.5,0.5,1,2005,1,2004.0
2005-01-11,1.0,1.0,6,2005,1,2004.0
2005-01-13,1.375,1.25,2,2005,1,2004.0
2005-01-14,2.642857142857143,2.5,7,2005,1,2004.0
2005-01-15,3.0,3.0,1,2005,1,2004.0
2005-01-16,6.0,6.0,7,2005,1,2004.0
2005-01-17,2.75,2.5,2,2005,1,2004.0
2005-01-18,4.0,4.0,1,2005,1,2004.0
2005-01-19,6.0,6.0,2,2005,1,2004.0
2005-01-20,6.0,6.0,1,2005,1,2004.0
2005-01-23,2.1875,1.25,4,2005,1,2004.0
2005-01-25,6.0,6.0,2,2005,1,2004.0
2005-01-26,6.0,6.0,2,2005,1,2004.0
2005-01-27,6.0,6.0,4,2005,1,2004.0
2005-01-28,6.0,6.0,4,2005,1,2004.0
2005-01-29,6.0,6.0,2,2005,1,2004.0
2005-01-30,4.0,4.0,1,2005,1,2004.0
2005-01-31,6.0,6.0,2,2005,1,2004.0
2005-02-01,2.5,2.5,1,2005,2,2004.0
2005-02-03,6.0,6.0,3,2005,2,2004.0
2005-02-04,5.0,4.0,2,2005,2,2004.0
2005-02-06,4.0,4.0,2,2005,2,2004.0
2005-02-07,4.0,4.0,3,2005,2,2004.0
2005-02-09,4.0,4.0,2,2005,2,2004.0
2005-02-10,4.0,4.0,1,2005,2,2004.0
2005-02-11,1.5,1.5,1,2005,2,2004.0
2005-02-13,1.7083333333333333,1.25,6,2005,2,2004.0
2005-02-14,3.5,3.0,2,2005,2,2004.0
2005-02-15,2.0,2.0,1,2005,2,2004.0
2005-02-16,5.208333333333333,1.25,6,2005,2,2004.0
2005-02-17,6.0,6.0,1,2005,2,2004.0
2005-02-18,6.166666666666667,6.0,6,2005,2,2004.0
2005-02-19,6.0,6.0,3,2005,2,2004.0
2005-02-21,6.0,6.0,3,2005,2,2004.0
2005-02-22,3.1666666666666665,1.5,3,2005,2,2004.0
2005-03-01,6.0,6.0,1,2005,3,2004.0
2005-03-05,7.0,7.0,1,2005,3,2004.0
2005-03-11,1.5,1.5,1,2005,3,2004.0
2005-03-18,3.25,2.5,2,2005,3,2004.0
2005-03-21,3.0,3.0,1,2005,3,2004.0
2005-03-28,4.0,4.0,1,2005,3,2004.0
2005-03-30,6.0,6.0,1,2005,3,2004.0
2005-04-05,4.0,4.0,2,2005,4,
2005-04-09,4.0,4.0,2,2005,4,
2005-04-11,6.0,6.0,1,2005,4,
2005-04-13,5.5,5.0,2,2005,4,
2005-04-27,6.0,6.0,1,2005,4,
2005-04-29,4.0,4.0,1,2005,4,
2005-05-02,6.0,6.0,1,2005,5,
2005-05-06,6.0,6.0,1,2005,5,
2005-05-07,6.666666666666667,6.0,3,2005,5,
2005-05-09,11.0,11.0,1,2005,5,
2005-05-17,6.0,6.0,2,2005,5,
2005-05-18,6.0,6.0,2,2005,5,
2005-05-20,6.0,6.0,1,2005,5,
2005-05-23,6.0,6.0,1,2005,5,
2005-05-24,6.0,6.0,1,2005,5,
2005-05-26,6.0,6.0,1,2005,5,
2005-05-27,6.25,6.0,4,2005,5,
2005-05-29,6.0,6.0,3,2005,5,
2005-05-31,11.0,11.0,1,2005,5,
2005-06-01,6.0,6.0,1,2005,6,
2005-06-02,6.0,6.0,1,2005,6,
2005-06-03,6.0,6.0,1,2005,6,
2005-06-05,6.0,6.0,1,2005,6,
2005-06-06,6.0,6.0,2,2005,6,
2005-06-07,6.333333333333333,6.0,3,2005,6,
2005-06-09,6.0,6.0,1,2005,6,
2005-06-11,6.0,6.0,1,2005,6,
2005-06-12,6.0,6.0,1,2005,6,
2005-06-13,6.5,6.0,2,2005,6,
2005-06-14,6.0,6.0,1,2005,6,
2005-06-17,6.0,6.0,1,2005,6,
2005-06-28,6.0,6.0,1,2005,6,
2005-06-29,6.0,6.0,3,2005,6,
2005-06-30,6.0,6.0,1,2005,6,
2005-07-01,6.0,6.0,2,2005,7,
2005-07-02,6.0,6.0,2,2005,7,
2005-07-04,6.0,6.0,1,2005,7,
2005-07-05,9.0,9.0,1,2005,7,
2005-07-07,8.0,7.0,2,2005,7,
2005-07-11,6.75,6.0,4,2005,7,
2005-07-17,7.0,7.0,1,2005,7,
2005-07-19,7.0,7.0,2,2005,7,
2005-07-21,6.6,6.0,5,2005,7,
2005-07-22,6.0,6.0,1,2005,7,
2005-07-24,6.0,6.0,1,2005,7,
2005-07-27,6.5,6.0,2,2005,7,
2005-07-29,7.0,7.0,2,2005,7,
2005-07-30,6.5,6.0,2,2005,7,
2005-08-01,6.75,6.0,4,2005,8,
2005-08-02,6.0,6.0,3,2005,8,
2005-08-03,6.2,6.0,5,2005,8,
2005-08-04,6.2,6.0,5,2005,8,
2005-08-05,4.0,2.0,2,2005,8,
2005-08-06,6.0,6.0,1,2005,8,
2005-08-07,6.2,6.0,5,2005,8,
2005-08-09,6.0,6.0,1,2005,8,
2005-08-10,6.0,6.0,3,2005,8,
2005-08-11,6.333333333333333,6.0,3,2005,8,
2005-08-13,6.0,6.0,2,2005,8,
2005-08-16,6.0,6.0,3,2005,8,
2005-08-17,6.0,6.0,4,2005,8,
2005-08-22,6.0,6.0,4,2005,8,
2005-08-23,6.0,6.0,2,2005,8,
2005-09-07,6.0,6.0,1,2005,9,
2005-09-28,6.0,6.0,1,2005,9,
2005-10-03,11.0,11.0,1,2005,10,
2005-10-05,11.0,11.0,1,2005,10,
2005-10-08,6.0,6.0,1,2005,10,
2005-10-09,9.333333333333334,6.0,3,2005,10,
2005-10-10,6.5,6.0,2,2005,10,
2005-10-11,12.0,12.0,1,2005,10,
2005-10-12,8.25,6.0,4,2005,10,
2005-10-13,6.0,6.0,1,2005,10,
2005-10-14,7.5,6.0,2,2005,10,
2005-10-15,11.0,11.0,1,2005,10,
2005-10-16,6.0,6.0,1,2005,10,
2005-10-17,5.625,4.0,8,2005,10,
2005-10-19,2.75,2.5,2,2005,10,
2005-10-20,6.0,6.0,1,2005,10,
2005-10-21,6.0,6.0,3,2005,10,
2005-10-24,8.0,6.0,3,2005,10,
2005-10-25,6.0,6.0,4,2005,10,
2005-10-26,6.0,6.0,2,2005,10,
2005-10-27,6.0,6.0,2,2005,10,
2005-10-29,6.0,6.0,5,2005,10,
2005-10-30,5.0,5.0,1,2005,10,
2005-10-31,6.0,6.0,6,2005,10,
2005-11-01,5.0,5.0,1,2005,11,2005.0
2005-11-02,5.5,5.0,2,2005,11,2005.0
2005-11-03,6.0,6.0,1,2005,11,2005.0
2005-11-08,1.0,1.0,2,2005,11,2005.0
2005-11-10,5.666666666666667,5.0,3,2005,11,2005.0
2005-11-16,6.0,6.0,1,2005,11,2005.0
2005-11-18,6.0,6.0,2,2005,11,2005.0
2005-11-20,6.0,6.0,5,2005,11,2005.0
2005-11-21,6.0,6.0,1,2005,11,2005.0
2005-11-22,1.375,1.25,2,2005,11,2005.0
2005-11-23,1.0,1.0,1,2005,11,2005.0
2005-11-24,2.5,2.0,2,2005,11,2005.0
2005-11-28,6.0,6.0,1,2005,11,2005.0
2005-12-02,9.0,9.0,1,2005,12,2005.0
2005-12-06,6.0,6.0,1,2005,12,2005.0
2005-12-09,6.0,6.0,1,2005,12,2005.0
2005-12-10,6.0,6.0,1,2005,12,2005.0
2005-12-12,5.0,5.0,1,2005,12,2005.0
2005-12-14,6.0,6.0,1,2005,12,2005.0
2005-12-16,6.0,6.0,2,2005,12,2005.0
2005-12-18,6.0,6.0,1,2005,12,2005.0
2005-12-19,6.0,6.0,3,2005,12,2005.0
2005-12-20,6.0,6.0,1,2005,12,2005.0
2005-12-21,5.0,5.0,1,2005,12,2005.0
2005-12-23,5.0,5.0,1,2005,12,2005.0
2005-12-27,6.0,6.0,1,2005,12,2005.0
2005-12-28,5.666666666666667,4.0,6,2005,12,2005.0
2005-12-29,6.0,6.0,2,2005,12,2005.0
2005-12-30,3.0,3.0,1,2005,12,2005.0
2006-01-03,6.0,6.0,3,2006,1,2005.0
2006-01-04,6.0,6.0,2,2006,1,2005.0
2006-01-05,6.0,6.0,1,2006,1,2005.0
2006-01-15,2.5,2.5,1,2006,1,2005.0
2006-01-21,2.5,2.5,1,2006,1,2005.0
2006-01-23,1.25,1.25,1,2006,1,2005.0
2006-01-24,5.0,5.0,1,2006,1,2005.0
2006-01-25,4.666666666666667,4.0,3,2006,1,2005.0
2006-01-27,9.0,6.0,2,2006,1,2005.0
2006-02-06,4.0,4.0,2,2006,2,2005.0
2006-02-07,6.0,6.0,1,2006,2,2005.0
2006-02-08,6.0,6.0,4,2006,2,2005.0
2006-02-09,2.5,2.5,1,2006,2,2005.0
2006-02-23,6.0,6.0,1,2006,2,2005.0
2006-02-24,5.5,5.0,2,2006,2,2005.0
2006-02-26,6.0,6.0,3,2006,2,2005.0
2006-02-27,6.0,6.0,1,2006,2,2005.0
2006-03-02,11.0,11.0,1,2006,3,2005.0
2006-03-04,6.0,6.0,1,2006,3,2005.0
2006-03-07,6.0,6.0,2,2006,3,2005.0
2006-03-08,0.38,0.38,1,2006,3,2005.0
2006-03-11,1.0,1.0,1,2006,3,2005.0
2006-03-23,4.0,4.0,2,2006,3,2005.0
2006-03-25,6.0,6.0,4,2006,3,2005.0
2006-03-27,6.333333333333333,6.0,3,2006,3,2005.0
2006-03-29,3.0,3.0,1,2006,3,2005.0
2006-03-31,3.0,3.0,1,2006,3,2005.0
2006-04-02,1.0,1.0,1,2006,4,
2006-04-06,6.0,6.0,1,2006,4,
2006-04-07,2.5,2.5,1,2006,4,
2006-04-08,3.0,3.0,1,2006,4,
2006-04-12,2.0,2.0,1,2006,4,
2006-04-14,5.75,5.0,4,2006,4,
2006-04-16,5.0,5.0,1,2006,4,
2006-04-17,2.0,2.0,1,2006,4,
2006-04-18,1.0,1.0,1,2006,4,
2006-04-20,4.75,3.0,4,2006,4,
2006-04-22,6.2,6.0,5,2006,4,
2006-04-24,6.0,6.0,2,2006,4,
2006-04-26,5.0,5.0,1,2006,4,
2006-04-27,6.0,6.0,2,2006,4,
2006-04-28,6.0,6.0,3,2006,4,
2006-04-30,6.5,6.0,2,2006,4,
2006-05-02,6.25,6.0,4,2006,5,
2006-05-03,6.0,6.0,2,2006,5,
2006-05-04,6.2,6.0,5,2006,5,
2006-05-05,6.0,6.0,1,2006,5,
2006-05-06,6.0,6.0,3,2006,5,
2006-05-07,6.25,6.0,4,2006,5,
2006-05-08,6.0,6.0,10,2006,5,
2006-05-09,6.0,6.0,1,2006,5,
2006-05-10,6.333333333333333,6.0,3,2006,5,
2006-05-12,6.2,6.0,5,2006,5,
2006-05-14,6.0,6.0,8,2006,5,
2006-05-15,6.0,6.0,1,2006,5,
2006-05-16,6.0,6.0,6,2006,5,
2006-05-17,6.0,6.0,2,2006,5,
2006-05-18,5.1971428571428575,0.38,7,2006,5,
2006-05-19,6.0,6.0,3,2006,5,
2006-05-20,6.0,6.0,6,2006,5,
2006-05-21,6.0,6.0,1,2006,5,
2006-05-22,7.0,7.0,3,2006,5,
2006-05-23,6.0,6.0,1,2006,5,
2006-05-24,6.0,6.0,4,2006,5,
2006-05-26,6.3,6.0,10,2006,5,
2006-05-27,6.0,6.0,1,2006,5,
2006-05-28,6.166666666666667,6.0,6,2006,5,
2006-05-29,6.5,6.0,2,2006,5,
2006-05-30,6.0,6.0,4,2006,5,
2006-05-31,6.0,6.0,3,2006,5,
2006-06-01,6.25,6.0,8,2006,6,
2006-06-02,6.0,6.0,2,2006,6,
2006-06-03,6.375,6.0,8,2006,6,
2006-06-04,6.0,6.0,1,2006,6,
2006-06-05,6.0,6.0,5,2006,6,
2006-06-07,6.111111111111111,6.0,9,2006,6,
2006-06-09,6.0,6.0,1,2006,6,
2006-06-10,6.0,6.0,1,2006,6,
2006-06-11,6.25,6.0,4,2006,6,
2006-06-13,6.2,6.0,5,2006,6,
2006-06-14,6.0,6.0,5,2006,6,
2006-06-15,7.0,7.0,2,2006,6,
2006-06-16,6.142857142857143,6.0,7,2006,6,
2006-06-18,6.5,6.0,2,2006,6,
2006-06-19,6.0,6.0,1,2006,6,
2006-06-20,7.5,6.0,2,2006,6,
2006-06-21,6.5,6.0,6,2006,6,
2006-06-22,7.0,7.0,3,2006,6,
2006-06-23,6.6,6.0,5,2006,6,
2006-06-24,10.25,6.0,4,2006,6,
2006-06-25,2.125,1.25,2,2006,6,
2006-06-26,7.75,6.0,4,2006,6,
2006-06-27,6.178571428571429,1.25,7,2006,6,
2006-06-28,7.0,7.0,1,2006,6,
2006-06-29,6.666666666666667,6.0,3,2006,6,
2006-07-02,7.0,7.0,2,2006,7,
2006-07-03,7.0,7.0,1,2006,7,
2006-07-04,7.0,7.0,1,2006,7,
2006-07-05,7.0,7.0,2,2006,7,
2006-07-06,6.777777777777778,6.0,9,2006,7,
2006-07-08,7.0,7.0,2,2006,7,
2006-07-09,6.5,6.0,4,2006,7,
2006-07-10,7.0,7.0,2,2006,7,
2006-07-11,7.0,6.0,5,2006,7,
2006-07-12,7.333333333333333,7.0,6,2006,7,
2006-07-13,7.0,7.0,1,2006,7,
2006-07-14,6.5,6.0,2,2006,7,
2006-07-15,6.75,6.0,4,2006,7,
2006-07-17,7.333333333333333,6.0,3,2006,7,
2006-07-18,7.0,5.0,4,2006,7,
2006-07-20,7.0,7.0,2,2006,7,
2006-07-21,7.0,7.0,1,2006,7,
2006-07-22,6.75,6.0,4,2006,7,
2006-07-23,9.0,9.0,2,2006,7,
2006-07-25,7.0,7.0,4,2006,7,
2006-07-26,9.0,9.0,2,2006,7,
2006-07-27,7.0,7.0,1,2006,7,
2006-07-28,7.333333333333333,6.0,3,2006,7,
2006-07-29,8.0,6.0,3,2006,7,
2006-07-30,7.0,7.0,1,2006,7,
2006-07-31,7.0,7.0,2,2006,7,
2006-08-01,9.0,9.0,1,2006,8,
2006-08-02,7.0,7.0,1,2006,8,
2006-08-03,7.0,7.0,1,2006,8,
2006-08-06,6.5,6.0,2,2006,8,
2006-08-07,7.0,7.0,2,2006,8,
2006-09-06,6.0,6.0,2,2006,9,
2006-09-08,6.5,6.0,2,2006,9,
2006-09-12,6.0,6.0,1,2006,9,
2006-09-21,6.0,6.0,1,2006,9,
2006-09-23,6.0,6.0,1,2006,9,
2006-09-25,6.0,6.0,2,2006,9,
2006-09-27,12.0,12.0,1,2006,9,
2006-09-29,6.0,6.0,1,2006,9,
2006-10-01,6.0,6.0,1,2006,10,
2006-10-03,6.2,6.0,5,2006,10,
2006-10-09,6.0,6.0,1,2006,10,
2006-10-11,7.0,7.0,1,2006,10,
2006-10-14,6.0,6.0,2,2006,10,
2006-10-19,6.5,6.0,4,2006,10,
2006-10-20,6.0,6.0,1,2006,10,
2006-10-23,6.166666666666667,6.0,6,2006,10,
2006-10-25,6.0,6.0,5,2006,10,
2006-10-26,6.0,6.0,1,2006,10,
2006-10-27,6.0,6.0,1,2006,10,
2006-10-28,6.0,6.0,1,2006,10,
2006-10-29,6.0,6.0,3,2006,10,
2006-10-31,6.0,6.0,6,2006,10,
2006-11-01,7.0,7.0,1,2006,11,2006.0
2006-11-02,6.0,6.0,2,2006,11,2006.0
2006-11-04,7.0,6.0,3,2006,11,2006.0
2006-11-06,9.0,9.0,1,2006,11,2006.0
2006-11-08,3.5,3.0,2,2006,11,2006.0
2006-11-10,2.5357142857142856,1.25,7,2006,11,2006.0
2006-11-11,3.0,3.0,1,2006,11,2006.0
2006-11-12,3.75,3.0,4,2006,11,2006.0
2006-11-14,5.0,5.0,2,2006,11,2006.0
2006-11-16,2.65,1.25,5,2006,11,2006.0
2006-11-17,1.0,1.0,2,2006,11,2006.0
2006-11-18,3.0,2.5,4,2006,11,2006.0
2006-11-19,4.0,4.0,1,2006,11,2006.0
2006-11-20,5.0,5.0,1,2006,11,2006.0
2006-11-21,5.5,5.0,2,2006,11,2006.0
2006-11-22,6.0,6.0,2,2006,11,2006.0
2006-11-23,6.0,6.0,2,2006,11,2006.0
2006-11-24,6.0,6.0,2,2006,11,2006.0
2006-11-25,6.0,6.0,1,2006,11,2006.0
2006-11-26,6.5,6.0,2,2006,11,2006.0
2006-11-28,6.5,6.0,2,2006,11,2006.0
2006-11-29,6.0,6.0,1,2006,11,2006.0
2006-11-30,6.0,6.0,1,2006,11,2006.0
2006-12-02,2.0,2.0,1,2006,12,2006.0
2006-12-03,2.5,2.5,1,2006,12,2006.0
2006-12-05,4.5,4.0,2,2006,12,2006.0
2006-12-08,2.5,2.5,2,2006,12,2006.0
2006-12-11,1.0,1.0,1,2006,12,2006.0
2006-12-14,3.0,3.0,2,2006,12,2006.0
2006-12-17,3.0,3.0,1,2006,12,2006.0
2006-12-20,6.0,6.0,3,2006,12,2006.0
2006-12-21,4.5,4.0,2,2006,12,2006.0
2006-12-23,5.0,4.0,2,2006,12,2006.0
2006-12-24,6.0,6.0,2,2006,12,2006.0
2006-12-26,6.0,6.0,1,2006,12,2006.0
2006-12-27,6.0,6.0,2,2006,12,2006.0
2006-12-29,2.0,2.0,1,2006,12,2006.0
2007-01-04,2.0,2.0,1,2007,1,2006.0
2007-01-16,1.0,1.0,1,2007,1,2006.0
2007-01-17,1.0,1.0,1,2007,1,2006.0
2007-01-25,6.0,6.0,1,2007,1,2006.0
2007-01-28,6.0,6.0,2,2007,1,2006.0
2007-02-01,3.0,3.0,1,2007,2,2006.0
2007-02-03,6.0,6.0,1,2007,2,2006.0
2007-02-04,6.0,6.0,1,2007,2,2006.0
2007-02-06,6.0,6.0,1,2007,2,2006.0
2007-02-07,6.0,6.0,1,2007,2,2006.0
2007-02-13,4.0,4.0,1,2007,2,2006.0
2007-02-15,3.0,3.0,1,2007,2,2006.0
2007-02-16,5.0,5.0,1,2007,2,2006.0
2007-02-18,6.0,6.0,1,2007,2,2006.0
2007-02-19,6.0,6.0,1,2007,2,2006.0
2007-02-22,5.0,5.0,1,2007,2,2006.0
2007-02-24,3.0,3.0,1,2007,2,2006.0
2007-02-27,5.0,5.0,1,2007,2,2006.0
2007-02-28,6.0,6.0,1,2007,2,2006.0
2007-03-01,2.0,2.0,1,2007,3,2006.0
2007-03-31,6.0,6.0,1,2007,3,2006.0
2007-05-24,7.0,7.0,1,2007,5,
2007-05-26,6.0,6.0,1,2007,5,
2007-06-03,7.0,7.0,1,2007,6,
2007-06-13,7.0,7.0,1,2007,6,
2007-07-16,7.0,7.0,1,2007,7,
2007-07-18,7.0,7.0,1,2007,7,
2007-10-04,6.0,6.0,1,2007,10,
2007-10-15,6.0,6.0,1,2007,10,
2007-10-16,4.0,4.0,1,2007,10,
2007-10-19,6.0,6.0,2,2007,10,
2007-10-22,6.0,6.0,1,2007,10,
2007-10-23,9.0,9.0,1,2007,10,
2007-11-01,6.0,6.0,1,2007,11,2007.0
2007-12-26,1.5,1.5,1,2007,12,2007.0
2008-01-01,5.0,5.0,1,2008,1,2007.0
2008-01-04,4.0,4.0,1,2008,1,2007.0
2008-01-07,4.333333333333333,3.0,3,2008,1,2007.0
2008-01-09,5.0,5.0,1,2008,1,2007.0
2008-01-10,5.0,5.0,3,2008,1,2007.0
2008-01-12,5.0,5.0,3,2008,1,2007.0
2008-01-13,5.0,5.0,1,2008,1,2007.0
2008-01-15,6.0,6.0,3,2008,1,2007.0
2008-01-16,2.8,2.5,5,2008,1,2007.0
2008-01-17,2.25,2.0,2,2008,1,2007.0
2008-01-18,4.0,4.0,1,2008,1,2007.0
2008-01-25,5.75,5.0,4,2008,1,2007.0
2008-01-26,4.0,3.0,4,2008,1,2007.0
2008-01-27,3.3333333333333335,3.0,3,2008,1,2007.0
2008-01-28,1.625,1.25,2,2008,1,2007.0
2008-01-30,3.0,3.0,3,2008,1,2007.0
2008-01-31,1.0416666666666667,1.0,6,2008,1,2007.0
2008-02-02,1.0,1.0,1,2008,2,2007.0
2008-02-03,3.0,2.0,6,2008,2,2007.0
2008-02-05,9.0,6.0,2,2008,2,2007.0
2008-02-06,6.0,6.0,3,2008,2,2007.0
2008-02-08,6.0,6.0,1,2008,2,2007.0
2008-05-01,7.0,7.0,1,2008,5,
2008-05-05,6.0,6.0,1,2008,5,
2008-05-11,9.0,9.0,1,2008,5,
2008-05-23,6.2,6.0,5,2008,5,
2008-05-25,7.0,7.0,2,2008,5,
2008-05-29,6.5,6.0,2,2008,5,
2008-06-03,6.0,6.0,2,2008,6,
2008-06-04,7.0,7.0,2,2008,6,
2008-06-06,6.0,6.0,1,2008,6,
2008-06-07,6.666666666666667,6.0,3,2008,6,
2008-06-09,7.0,7.0,1,2008,6,
2008-06-13,6.0,6.0,1,2008,6,
2008-06-16,7.0,7.0,1,2008,6,
2008-06-20,7.0,7.0,2,2008,6,
2008-06-24,6.666666666666667,6.0,3,2008,6,
2008-06-28,7.0,7.0,2,2008,6,
2008-07-02,7.0,7.0,1,2008,7,
2008-07-10,7.0,7.0,1,2008,7,
2008-07-16,7.0,7.0,1,2008,7,
2008-07-18,5.0,4.0,2,2008,7,
2008-07-20,7.0,7.0,2,2008,7,
2008-07-22,7.0,7.0,1,2008,7,
2008-07-24,7.0,7.0,1,2008,7,
2008-08-03,7.0,7.0,1,2008,8,
2008-08-04,7.0,7.0,2,2008,8,
2008-08-05,7.0,7.0,1,2008,8,
2008-08-07,7.0,7.0,1,2008,8,
2008-08-10,7.0,7.0,1,2008,8,
2008-08-12,6.0,6.0,1,2008,8,
2008-08-14,7.0,7.0,2,2008,8,
2008-08-15,7.0,7.0,1,2008,8,
2008-08-16,7.0,7.0,2,2008,8,
2008-08-17,6.0,6.0,1,2008,8,
2008-08-19,6.0,6.0,1,2008,8,
2008-08-26,6.5,6.0,2,2008,8,
2008-08-28,6.0,6.0,1,2008,8,
2008-09-03,6.0,6.0,1,2008,9,
2008-09-04,6.0,6.0,1,2008,9,
2008-09-06,6.0,6.0,1,2008,9,
2008-09-07,6.0,6.0,1,2008,9,
2008-09-08,6.0,6.0,1,2008,9,
2008-09-09,6.0,6.0,1,2008,9,
2008-10-12,6.0,6.0,1,2008,10,
2008-10-15,5.0,5.0,1,2008,10,
2008-10-17,6.0,6.0,1,2008,10,
2008-10-18,6.0,6.0,1,2008,10,
2008-10-22,6.0,6.0,1,2008,10,
2008-10-25,5.0,5.0,1,2008,10,
2008-11-01,4.0,4.0,1,2008,11,2008.0
2008-11-03,11.0,11.0,1,2008,11,2008.0
2008-11-04,2.5,2.5,1,2008,11,2008.0
2008-11-07,5.0,5.0,1,2008,11,2008.0
2008-11-10,6.0,6.0,1,2008,11,2008.0
2008-11-13,4.0,4.0,1,2008,11,2008.0
2008-11-16,3.0,3.0,2,2008,11,2008.0
2008-11-17,5.0,5.0,1,2008,11,2008.0
2008-11-20,6.0,6.0,1,2008,11,2008.0
2008-11-21,6.0,6.0,1,2008,11,2008.0
2008-11-22,6.0,6.0,2,2008,11,2008.0
2008-11-23,6.0,6.0,1,2008,11,2008.0
2008-11-24,6.0,6.0,1,2008,11,2008.0
2008-11-26,6.0,6.0,1,2008,11,2008.0
2008-11-27,6.0,6.0,1,2008,11,2008.0
2008-11-28,6.0,6.0,3,2008,11,2008.0
2008-12-01,6.0,6.0,2,2008,12,2008.0
2008-12-02,6.0,6.0,1,2008,12,2008.0
2008-12-06,6.0,6.0,4,2008,12,2008.0
2008-12-10,5.5,5.0,2,2008,12,2008.0
2008-12-16,6.0,6.0,1,2008,12,2008.0
2008-12-19,1.25,1.25,1,2008,12,2008.0
2008-12-21,6.0,6.0,1,2008,12,2008.0
2008-12-22,1.25,1.25,1,2008,12,2008.0
2008-12-29,1.25,1.25,1,2008,12,2008.0
2009-03-03,2.5,2.5,1,2009,3,2008.0
2009-03-05,3.0,3.0,1,2009,3,2008.0
2009-03-07,6.0,6.0,1,2009,3,2008.0
2009-03-11,1.25,1.25,1,2009,3,2008.0
2009-03-15,1.0,1.0,1,2009,3,2008.0
2009-03-22,6.0,6.0,1,2009,3,2008.0
2009-03-25,4.0,4.0,1,2009,3,2008.0
2009-03-28,2.0,2.0,1,2009,3,2008.0
2009-04-12,6.0,6.0,1,2009,4,
2009-04-17,6.0,6.0,1,2009,4,
2009-04-18,6.0,6.0,1,2009,4,
2009-04-21,6.0,6.0,1,2009,4,
2009-05-16,6.0,6.0,1,2009,5,
2009-05-17,6.333333333333333,6.0,3,2009,5,
2009-05-18,6.0,6.0,2,2009,5,
2009-05-19,6.0,6.0,6,2009,5,
2009-05-20,6.2,6.0,5,2009,5,
2009-05-21,6.0,6.0,1,2009,5,
2009-05-22,6.0,6.0,6,2009,5,
2009-05-23,6.0,6.0,5,2009,5,
2009-05-24,6.0,6.0,1,2009,5,
2009-05-25,6.0,6.0,1,2009,5,
2009-05-26,6.5,6.0,2,2009,5,
2009-05-27,6.0,6.0,3,2009,5,
2009-05-28,6.0,6.0,3,2009,5,
2009-05-29,6.0,6.0,3,2009,5,
2009-06-01,6.0,6.0,1,2009,6,
2009-06-02,6.0,6.0,4,2009,6,
2009-06-03,6.0,6.0,2,2009,6,
2009-06-04,6.0,6.0,3,2009,6,
2009-06-05,6.285714285714286,6.0,7,2009,6,
2009-06-06,6.25,6.0,12,2009,6,
2009-06-07,6.0,6.0,8,2009,6,
2009-06-08,6.0,6.0,12,2009,6,
2009-06-09,6.0,6.0,5,2009,6,
2009-06-10,6.0,5.0,13,2009,6,
2009-06-11,5.6875,0.0,16,2009,6,
2009-06-12,6.538461538461538,6.0,13,2009,6,
2009-06-13,6.4,6.0,10,2009,6,
2009-06-14,6.3125,6.0,16,2009,6,
2009-06-15,5.888888888888889,5.0,9,2009,6,
2009-06-16,7.428571428571429,6.0,7,2009,6,
2009-06-17,6.0,6.0,6,2009,6,
2009-06-18,6.266666666666667,6.0,15,2009,6,
2009-06-19,5.909090909090909,5.0,11,2009,6,
2009-06-20,6.444444444444445,6.0,9,2009,6,
2009-06-21,6.1,6.0,10,2009,6,
2009-06-22,6.222222222222222,6.0,18,2009,6,
2009-06-23,6.0,6.0,7,2009,6,
2009-06-24,6.0,6.0,7,2009,6,
2009-06-25,6.0,6.0,11,2009,6,
2009-06-26,6.166666666666667,6.0,6,2009,6,
2009-06-27,6.0,6.0,7,2009,6,
2009-06-28,6.25,6.0,16,2009,6,
2009-06-29,6.0,5.0,6,2009,6,
2009-06-30,6.4,6.0,10,2009,6,
2009-07-01,6.333333333333333,6.0,12,2009,7,
2009-07-02,6.0,6.0,8,2009,7,
2009-07-03,6.0,6.0,7,2009,7,
2009-07-04,6.142857142857143,6.0,14,2009,7,
2009-07-05,6.1,6.0,10,2009,7,
2009-07-06,6.071428571428571,6.0,14,2009,7,
2009-07-07,6.3,6.0,10,2009,7,
2009-07-08,6.0,6.0,7,2009,7,
2009-07-09,6.545454545454546,6.0,11,2009,7,
2009-07-10,6.625,6.0,8,2009,7,
2009-07-11,6.625,6.0,8,2009,7,
2009-07-12,6.333333333333333,6.0,12,2009,7,
2009-07-13,6.285714285714286,6.0,7,2009,7,
2009-07-14,6.222222222222222,6.0,9,2009,7,
2009-07-15,6.5,6.0,14,2009,7,
2009-07-16,6.142857142857143,6.0,7,2009,7,
2009-07-21,6.0,6.0,7,2009,7,
2009-07-22,6.5,6.0,4,2009,7,
2009-07-23,6.0,6.0,1,2009,7,
2009-07-24,6.0,6.0,1,2009,7,
2009-07-27,6.5,6.0,4,2009,7,
2009-07-28,6.25,6.0,8,2009,7,
2009-07-29,6.0,6.0,5,2009,7,
2009-07-30,6.0,6.0,1,2009,7,
2009-07-31,6.285714285714286,6.0,7,2009,7,
2009-08-01,6.2727272727272725,6.0,11,2009,8,
2009-08-02,6.7,6.0,10,2009,8,
2009-08-03,6.571428571428571,6.0,7,2009,8,
2009-08-04,6.0,6.0,4,2009,8,
2009-08-05,6.375,6.0,8,2009,8,
2009-08-06,6.6,6.0,5,2009,8,
2009-08-07,6.0,6.0,3,2009,8,
2009-08-08,6.166666666666667,6.0,6,2009,8,
2009-08-09,6.75,6.0,8,2009,8,
2009-08-10,6.142857142857143,6.0,7,2009,8,
2009-08-11,6.4,6.0,5,2009,8,
2009-08-12,6.333333333333333,6.0,9,2009,8,
2009-08-13,6.2727272727272725,6.0,11,2009,8,
2009-08-14,6.555555555555555,6.0,9,2009,8,
2009-08-15,6.7272727272727275,6.0,11,2009,8,
2009-08-16,6.2,6.0,5,2009,8,
2009-08-17,6.666666666666667,6.0,9,2009,8,
2009-08-18,6.555555555555555,6.0,9,2009,8,
2009-08-19,6.333333333333333,6.0,12,2009,8,
2009-08-20,6.416666666666667,6.0,12,2009,8,
2009-08-21,6.0,6.0,4,2009,8,
2009-08-22,6.166666666666667,6.0,6,2009,8,
2009-08-23,6.625,6.0,16,2009,8,
2009-08-24,6.454545454545454,5.0,11,2009,8,
2009-08-25,6.375,6.0,8,2009,8,
2009-08-26,6.333333333333333,6.0,9,2009,8,
2009-08-27,6.357142857142857,6.0,14,2009,8,
2009-08-28,6.384615384615385,6.0,13,2009,8,
2009-08-29,6.153846153846154,3.0,13,2009,8,
2009-08-30,6.714285714285714,6.0,7,2009,8,
2009-08-31,6.666666666666667,6.0,3,2009,8,
2009-09-01,6.5,6.0,4,2009,9,
2009-09-02,6.75,6.0,8,2009,9,
2009-09-03,6.0,6.0,2,2009,9,
2009-09-04,6.454545454545454,6.0,11,2009,9,
2009-09-05,6.25,6.0,12,2009,9,
2009-09-06,6.222222222222222,6.0,9,2009,9,
2009-09-07,6.466666666666667,6.0,15,2009,9,
2009-09-08,6.363636363636363,6.0,11,2009,9,
2009-09-09,6.333333333333333,6.0,12,2009,9,
2009-09-10,6.4,6.0,15,2009,9,
2009-09-11,6.5,6.0,8,2009,9,
2009-09-12,6.363636363636363,6.0,11,2009,9,
2009-09-13,6.428571428571429,6.0,14,2009,9,
2009-09-14,6.75,6.0,8,2009,9,
2009-09-15,6.75,6.0,4,2009,9,
2009-09-16,6.111111111111111,6.0,9,2009,9,
2009-09-17,6.2,6.0,10,2009,9,
2009-09-18,7.0,7.0,1,2009,9,
2009-09-19,6.2,6.0,5,2009,9,
2009-09-20,6.75,6.0,4,2009,9,
2009-09-21,6.0,6.0,1,2009,9,
2009-09-22,6.0,6.0,1,2009,9,
2009-09-23,6.0,6.0,2,2009,9,
2009-09-24,7.0,7.0,1,2009,9,
2009-09-25,5.933333333333334,5.0,15,2009,9,
2009-09-26,6.333333333333333,6.0,9,2009,9,
2009-09-27,6.555555555555555,6.0,9,2009,9,
2009-09-28,6.0,6.0,12,2009,9,
2009-09-29,6.461538461538462,6.0,13,2009,9,
2009-09-30,6.222222222222222,6.0,9,2009,9,
2009-10-01,6.0,6.0,18,2009,10,
2009-10-02,5.75,5.0,12,2009,10,
2009-10-03,6.142857142857143,6.0,14,2009,10,
2009-10-04,6.4375,6.0,16,2009,10,
2009-10-05,6.076923076923077,6.0,13,2009,10,
2009-10-06,6.142857142857143,6.0,14,2009,10,
2009-10-07,6.3076923076923075,6.0,13,2009,10,
2009-10-08,6.071428571428571,2.0,14,2009,10,
2009-10-09,6.555555555555555,6.0,9,2009,10,
2009-10-10,6.333333333333333,6.0,9,2009,10,
2009-10-11,6.285714285714286,6.0,14,2009,10,
2009-10-12,6.333333333333333,6.0,9,2009,10,
2009-10-13,6.333333333333333,6.0,12,2009,10,
2009-10-14,6.461538461538462,6.0,13,2009,10,
2009-10-15,6.363636363636363,6.0,11,2009,10,
2009-10-16,6.3,6.0,10,2009,10,
2009-10-17,6.5,6.0,6,2009,10,
2009-10-18,6.375,6.0,16,2009,10,
2009-10-19,6.428571428571429,6.0,14,2009,10,
2009-10-20,6.0,4.0,9,2009,10,
2009-10-21,6.625,6.0,8,2009,10,
2009-10-22,6.454545454545454,6.0,11,2009,10,
2009-10-23,6.142857142857143,6.0,14,2009,10,
2009-10-24,6.363636363636363,6.0,11,2009,10,
2009-10-25,6.230769230769231,6.0,13,2009,10,
2009-10-26,6.0588235294117645,6.0,17,2009,10,
2009-10-27,6.25,6.0,16,2009,10,
2009-10-28,6.0,6.0,13,2009,10,
2009-10-29,6.428571428571429,6.0,7,2009,10,
2009-10-30,6.545454545454546,6.0,11,2009,10,
2009-10-31,6.0,6.0,10,2009,10,
2009-11-01,6.2,6.0,10,2009,11,2009.0
2009-11-02,5.866666666666666,4.0,15,2009,11,2009.0
2009-11-03,6.0,6.0,8,2009,11,2009.0
2009-11-04,6.0,6.0,5,2009,11,2009.0
2009-11-05,6.0,6.0,19,2009,11,2009.0
2009-11-06,6.0,6.0,11,2009,11,2009.0
2009-11-07,6.142857142857143,6.0,7,2009,11,2009.0
2009-11-08,6.428571428571429,6.0,7,2009,11,2009.0
2009-11-09,6.2727272727272725,6.0,11,2009,11,2009.0
2009-11-10,6.0,6.0,2,2009,11,2009.0
2009-11-11,7.0,7.0,1,2009,11,2009.0
2009-11-12,6.0,6.0,4,2009,11,2009.0
2009-11-13,6.0,6.0,2,2009,11,2009.0
2009-11-14,6.5,6.0,2,2009,11,2009.0
2009-11-15,6.0,6.0,2,2009,11,2009.0
2009-11-18,1.625,1.5,4,2009,11,2009.0
2009-11-19,3.6,3.0,5,2009,11,2009.0
2009-11-20,5.583333333333333,4.0,12,2009,11,2009.0
2009-11-21,6.0,6.0,9,2009,11,2009.0
2009-11-22,5.333333333333333,5.0,12,2009,11,2009.0
2009-11-23,5.928571428571429,5.0,14,2009,11,2009.0
2009-11-24,6.5,6.0,2,2009,11,2009.0
2009-11-25,5.428571428571429,5.0,7,2009,11,2009.0
2009-11-26,4.916666666666667,4.0,12,2009,11,2009.0
2009-11-27,5.75,2.0,16,2009,11,2009.0
2009-11-28,3.5,2.0,7,2009,11,2009.0
2009-11-29,3.75,2.0,14,2009,11,2009.0
2009-11-30,2.0,1.25,11,2009,11,2009.0
2009-12-01,4.071428571428571,2.5,7,2009,12,2009.0
2009-12-02,5.8,5.0,15,2009,12,2009.0
2009-12-03,6.0,6.0,11,2009,12,2009.0
2009-12-04,5.818181818181818,5.0,11,2009,12,2009.0
2009-12-05,5.5625,5.0,16,2009,12,2009.0
2009-12-06,6.0,6.0,12,2009,12,2009.0
2009-12-07,5.5,5.0,2,2009,12,2009.0
2009-12-08,6.0,6.0,7,2009,12,2009.0
2009-12-09,4.5,4.0,4,2009,12,2009.0
2009-12-10,6.0,6.0,1,2009,12,2009.0
2009-12-11,6.0,6.0,6,2009,12,2009.0
2009-12-12,6.142857142857143,6.0,7,2009,12,2009.0
2009-12-13,6.0,6.0,1,2009,12,2009.0
2009-12-15,5.666666666666667,5.0,6,2009,12,2009.0
2009-12-16,6.0,6.0,3,2009,12,2009.0
2009-12-17,6.0,6.0,9,2009,12,2009.0
2009-12-18,6.0,6.0,7,2009,12,2009.0
2009-12-19,5.666666666666667,5.0,3,2009,12,2009.0
2009-12-20,6.0,6.0,1,2009,12,2009.0
2009-12-21,6.0,6.0,9,2009,12,2009.0
2009-12-22,6.0,6.0,3,2009,12,2009.0
2009-12-24,3.9,2.0,5,2009,12,2009.0
2009-12-25,5.0,4.0,2,2009,12,2009.0
2009-12-26,5.6,5.0,5,2009,12,2009.0
2009-12-27,6.0,6.0,7,2009,12,2009.0
2009-12-29,6.0,6.0,4,2009,12,2009.0
2009-12-30,5.5,5.0,2,2009,12,2009.0
2009-12-31,4.9,2.5,5,2009,12,2009.0
2010-01-01,5.888888888888889,5.0,9,2010,1,2009.0
2010-01-02,6.0,6.0,12,2010,1,2009.0
2010-01-03,6.0,6.0,9,2010,1,2009.0
2010-01-04,6.0,6.0,3,2010,1,2009.0
2010-01-05,6.0,6.0,2,2010,1,2009.0
2010-01-07,6.0,6.0,6,2010,1,2009.0
2010-01-08,6.0,6.0,4,2010,1,2009.0
2010-01-10,6.0,6.0,6,2010,1,2009.0
2010-01-11,6.0,6.0,6,2010,1,2009.0
2010-01-12,6.0,6.0,1,2010,1,2009.0
2010-01-13,6.0,6.0,3,2010,1,2009.0
2010-01-14,6.0,6.0,2,2010,1,2009.0
2010-01-15,6.0,6.0,2,2010,1,2009.0
2010-01-16,6.0,6.0,2,2010,1,2009.0
2010-01-17,3.5833333333333335,1.25,9,2010,1,2009.0
2010-01-18,2.625,1.0,10,2010,1,2009.0
2010-01-19,3.6666666666666665,3.0,12,2010,1,2009.0
2010-01-20,5.666666666666667,4.0,9,2010,1,2009.0
2010-01-21,6.0,6.0,9,2010,1,2009.0
2010-01-22,6.0,6.0,10,2010,1,2009.0
2010-01-23,6.0,6.0,6,2010,1,2009.0
2010-01-27,6.0,6.0,2,2010,1,2009.0
2010-01-28,6.0,6.0,3,2010,1,2009.0
2010-01-29,6.0,6.0,5,2010,1,2009.0
2010-01-30,6.0,6.0,1,2010,1,2009.0
2010-01-31,6.0,6.0,2,2010,1,2009.0
2010-02-02,6.0,6.0,2,2010,2,2009.0
2010-02-03,5.0,5.0,1,2010,2,2009.0
2010-02-04,3.5714285714285716,2.0,7,2010,2,2009.0
2010-02-05,3.0,3.0,5,2010,2,2009.0
2010-02-06,3.375,1.25,6,2010,2,2009.0
2010-02-07,6.0,6.0,2,2010,2,2009.0
2010-02-08,6.0,6.0,4,2010,2,2009.0
2010-02-09,6.0,6.0,4,2010,2,2009.0
2010-02-10,6.0,6.0,4,2010,2,2009.0
2010-02-11,6.0,6.0,2,2010,2,2009.0
2010-02-12,6.0,6.0,3,2010,2,2009.0
2010-02-14,6.0,6.0,4,2010,2,2009.0
2010-02-15,6.0,6.0,5,2010,2,2009.0
2010-02-16,6.0,6.0,6,2010,2,2009.0
2010-02-17,6.0,6.0,7,2010,2,2009.0
2010-02-18,6.2,6.0,5,2010,2,2009.0
2010-02-19,6.0,6.0,5,2010,2,2009.0
2010-02-20,6.0,6.0,5,2010,2,2009.0
2010-02-21,6.0,6.0,2,2010,2,2009.0
2010-02-22,6.0,6.0,1,2010,2,2009.0
2010-02-24,6.0,6.0,2,2010,2,2009.0
2010-02-26,3.3333333333333335,3.0,3,2010,2,2009.0
2010-03-02,1.25,1.25,1,2010,3,2009.0
2010-03-04,2.25,2.0,2,2010,3,2009.0
2010-03-05,2.5,2.5,1,2010,3,2009.0
2010-03-06,5.0,5.0,1,2010,3,2009.0
2010-03-07,6.0,6.0,1,2010,3,2009.0
2010-03-08,6.0,6.0,3,2010,3,2009.0
2010-03-10,6.0,6.0,1,2010,3,2009.0
2010-03-11,5.833333333333333,5.0,6,2010,3,2009.0
2010-03-12,3.6666666666666665,3.0,3,2010,3,2009.0
2010-03-14,3.25,2.5,2,2010,3,2009.0
2010-03-15,3.25,2.5,2,2010,3,2009.0
2010-03-16,4.8,4.0,5,2010,3,2009.0
2010-03-17,6.0,6.0,4,2010,3,2009.0
2010-03-19,0.12,0.12,1,2010,3,2009.0
2010-03-20,0.6266666666666666,0.38,3,2010,3,2009.0
2010-03-21,0.3775,0.25,4,2010,3,2009.0
2010-03-22,0.69,0.38,2,2010,3,2009.0
2010-03-23,1.6875,1.25,4,2010,3,2009.0
2010-03-24,3.6666666666666665,3.0,3,2010,3,2009.0
2010-03-25,5.0,5.0,4,2010,3,2009.0
2010-03-26,4.666666666666667,4.0,6,2010,3,2009.0
2010-03-27,3.4,2.0,5,2010,3,2009.0
2010-03-28,1.0625,1.0,4,2010,3,2009.0
2010-03-29,2.625,2.0,4,2010,3,2009.0
2010-03-30,1.625,0.5,4,2010,3,2009.0
2010-03-31,1.5,1.25,6,2010,3,2009.0
2010-04-01,3.5714285714285716,3.0,7,2010,4,
2010-04-02,4.166666666666667,3.0,6,2010,4,
2010-04-03,5.7,5.0,10,2010,4,
2010-04-04,6.0,6.0,7,2010,4,
2010-04-05,5.0,4.0,3,2010,4,
2010-04-06,4.0,4.0,4,2010,4,
2010-04-07,1.0277777777777777,1.0,9,2010,4,
2010-04-08,1.4583333333333333,1.0,6,2010,4,
2010-04-09,1.7142857142857142,1.5,7,2010,4,
2010-04-10,2.4,2.0,5,2010,4,
2010-04-11,3.75,2.5,6,2010,4,
2010-04-12,5.666666666666667,5.0,6,2010,4,
2010-04-13,6.0,6.0,2,2010,4,
2010-04-14,6.0,6.0,5,2010,4,
2010-04-15,5.0,5.0,1,2010,4,
2010-04-16,6.0,6.0,4,2010,4,
2010-04-17,6.0,6.0,2,2010,4,
2010-04-18,6.0,6.0,1,2010,4,
2010-04-20,6.0,6.0,3,2010,4,
2010-04-21,6.0,6.0,2,2010,4,
2010-04-22,6.0,6.0,3,2010,4,
2010-04-23,6.0,5.0,3,2010,4,
2010-04-24,6.0,6.0,5,2010,4,
2010-04-25,6.0,6.0,3,2010,4,
2010-04-26,5.5,5.0,2,2010,4,
2010-04-28,6.0,6.0,2,2010,4,
2010-04-30,6.0,6.0,6,2010,4,
2010-05-02,6.0,6.0,1,2010,5,
2010-05-03,5.5,5.0,2,2010,5,
2010-05-04,6.0,6.0,5,2010,5,
2010-05-06,6.0,6.0,6,2010,5,
2010-05-07,6.0,6.0,3,2010,5,
2010-05-08,6.0,6.0,2,2010,5,
2010-05-09,6.0,6.0,1,2010,5,
2010-05-10,6.0,6.0,5,2010,5,
2010-05-11,6.333333333333333,6.0,3,2010,5,
2010-05-12,6.0,6.0,4,2010,5,
2010-05-13,6.0,6.0,2,2010,5,
2010-05-14,6.0,6.0,3,2010,5,
2010-05-16,6.0,6.0,2,2010,5,
2010-05-18,6.0,6.0,3,2010,5,
2010-05-19,7.0,7.0,2,2010,5,
2010-05-20,6.0,6.0,4,2010,5,
2010-05-21,6.0,6.0,2,2010,5,
2010-05-22,6.0,6.0,4,2010,5,
2010-05-23,6.0,6.0,5,2010,5,
2010-05-24,6.0,6.0,6,2010,5,
2010-05-25,6.0,6.0,1,2010,5,
2010-05-26,6.0,6.0,1,2010,5,
2010-05-28,6.0,6.0,4,2010,5,
2010-05-30,6.0,6.0,5,2010,5,
2010-05-31,6.0,6.0,1,2010,5,
2010-06-01,6.0,6.0,2,2010,6,
2010-06-02,6.0,6.0,3,2010,6,
2010-06-03,6.2,6.0,5,2010,6,
2010-06-04,6.0,6.0,1,2010,6,
2010-06-05,6.0,6.0,2,2010,6,
2010-06-06,6.0,6.0,1,2010,6,
2010-06-08,6.0,6.0,2,2010,6,
2010-06-11,6.0,6.0,3,2010,6,
2010-06-15,6.0,6.0,1,2010,6,
2010-06-16,6.0,6.0,2,2010,6,
2010-06-17,6.0,6.0,1,2010,6,
2010-06-18,6.0,6.0,2,2010,6,
2010-06-23,2.5,2.5,1,2010,6,
2010-06-24,6.0,6.0,1,2010,6,
2010-06-27,6.0,6.0,2,2010,6,
2010-06-29,6.333333333333333,6.0,3,2010,6,
2010-06-30,6.0,6.0,2,2010,6,
2010-07-01,6.0,6.0,2,2010,7,
2010-07-02,6.0,6.0,2,2010,7,
2010-07-03,6.0,6.0,1,2010,7,
2010-07-05,6.0,6.0,1,2010,7,
2010-07-07,6.0,6.0,2,2010,7,
2010-07-08,6.0,6.0,2,2010,7,
2010-07-09,6.0,6.0,4,2010,7,
2010-07-10,6.0,6.0,2,2010,7,
2010-07-11,6.333333333333333,6.0,3,2010,7,
2010-07-12,5.666666666666667,5.0,3,2010,7,
2010-07-13,6.0,6.0,2,2010,7,
2010-07-14,6.0,6.0,4,2010,7,
2010-07-15,6.0,6.0,1,2010,7,
2010-07-16,6.0,6.0,3,2010,7,
2010-07-17,6.0,6.0,1,2010,7,
2010-07-21,6.0,6.0,2,2010,7,
2010-07-23,6.5,6.0,2,2010,7,
2010-07-24,6.0,6.0,1,2010,7,
2010-07-26,6.0,6.0,3,2010,7,
2010-07-27,6.0,6.0,2,2010,7,
2010-07-28,6.5,6.0,2,2010,7,
2010-07-29,6.333333333333333,6.0,3,2010,7,
2010-08-01,6.0,6.0,1,2010,8,
2010-08-03,6.0,6.0,1,2010,8,
2010-08-04,6.0,6.0,2,2010,8,
2010-08-05,6.0,6.0,2,2010,8,
2010-08-06,6.0,6.0,1,2010,8,
2010-08-07,6.0,6.0,3,2010,8,
2010-08-08,6.2,6.0,5,2010,8,
2010-08-10,7.0,7.0,1,2010,8,
2010-08-11,6.0,6.0,1,2010,8,
2010-08-12,7.0,7.0,1,2010,8,
2010-08-13,6.0,5.0,4,2010,8,
2010-08-14,6.0,6.0,4,2010,8,
2010-08-15,7.0,7.0,1,2010,8,
2010-08-16,6.0,6.0,5,2010,8,
2010-08-17,6.0,6.0,4,2010,8,
2010-08-18,7.0,7.0,1,2010,8,
2010-08-19,6.333333333333333,6.0,3,2010,8,
2010-08-20,6.0,6.0,2,2010,8,
2010-08-21,7.0,7.0,2,2010,8,
2010-08-22,8.0,7.0,2,2010,8,
2010-08-23,6.0,6.0,4,2010,8,
2010-08-25,6.2,6.0,5,2010,8,
2010-08-26,6.0,6.0,1,2010,8,
2010-08-28,6.333333333333333,6.0,3,2010,8,
2010-08-29,6.0,6.0,1,2010,8,
2010-08-31,6.666666666666667,6.0,3,2010,8,
2010-09-01,6.0,6.0,1,2010,9,
2010-09-02,7.0,7.0,1,2010,9,
2010-09-03,6.25,6.0,4,2010,9,
2010-09-06,6.444444444444445,6.0,9,2010,9,
2010-09-07,6.0,6.0,2,2010,9,
2010-09-08,6.2,6.0,5,2010,9,
2010-09-09,6.0,6.0,6,2010,9,
2010-09-10,7.0,7.0,1,2010,9,
2010-09-12,6.0,6.0,1,2010,9,
2010-09-13,6.5,6.0,2,2010,9,
2010-09-14,6.0,6.0,2,2010,9,
2010-09-15,6.0,6.0,3,2010,9,
2010-09-16,6.333333333333333,6.0,3,2010,9,
2010-09-17,6.2,6.0,5,2010,9,
2010-09-18,6.0,6.0,3,2010,9,
2010-09-19,6.0,6.0,1,2010,9,
2010-09-20,6.25,6.0,4,2010,9,
2010-09-21,6.166666666666667,6.0,6,2010,9,
2010-09-22,6.2727272727272725,6.0,11,2010,9,
2010-09-23,6.230769230769231,6.0,13,2010,9,
2010-09-24,6.0,6.0,14,2010,9,
2010-09-25,6.25,6.0,4,2010,9,
2010-09-26,6.4,6.0,15,2010,9,
2010-09-27,6.142857142857143,6.0,14,2010,9,
2010-09-28,6.117647058823529,6.0,17,2010,9,
2010-09-29,6.5,6.0,10,2010,9,
2010-10-01,6.25,5.0,8,2010,10,
2010-10-02,6.5,5.0,6,2010,10,
2010-10-03,6.285714285714286,6.0,14,2010,10,
2010-10-04,6.375,6.0,16,2010,10,
2010-10-05,6.285714285714286,6.0,7,2010,10,
2010-10-07,6.5,6.0,8,2010,10,
2010-10-08,6.428571428571429,6.0,7,2010,10,
2010-10-09,6.6,6.0,10,2010,10,
2010-10-10,6.4,6.0,10,2010,10,
2010-10-11,6.6875,6.0,16,2010,10,
2010-10-12,6.294117647058823,6.0,17,2010,10,
2010-10-13,6.0,6.0,3,2010,10,
2010-10-15,6.25,6.0,8,2010,10,
2010-10-16,6.375,6.0,16,2010,10,
2010-10-17,6.2,6.0,15,2010,10,
2010-10-18,6.2,6.0,10,2010,10,
2010-10-19,6.055555555555555,6.0,18,2010,10,
2010-10-20,6.285714285714286,6.0,14,2010,10,
2010-10-21,6.142857142857143,6.0,7,2010,10,
2010-10-22,6.0,6.0,12,2010,10,
2010-10-23,6.333333333333333,6.0,9,2010,10,
2010-10-24,6.25,6.0,16,2010,10,
2010-10-25,6.375,6.0,16,2010,10,
2010-10-26,5.777777777777778,4.0,9,2010,10,
2010-10-27,5.833333333333333,5.0,6,2010,10,
2010-10-28,6.142857142857143,6.0,7,2010,10,
2010-10-29,5.5,4.0,8,2010,10,
2010-10-30,6.2,6.0,5,2010,10,
2010-10-31,2.5,1.25,12,2010,10,
2010-11-01,4.375,2.5,4,2010,11,2010.0
2010-11-02,4.444444444444445,3.0,9,2010,11,2010.0
2010-11-03,5.545454545454546,5.0,11,2010,11,2010.0
2010-11-04,5.0,5.0,4,2010,11,2010.0
2010-11-05,5.75,5.0,4,2010,11,2010.0
2010-11-06,6.0,6.0,1,2010,11,2010.0
2010-11-09,6.0,6.0,5,2010,11,2010.0
2010-11-11,6.0,6.0,3,2010,11,2010.0
2010-11-12,6.0,6.0,8,2010,11,2010.0
2010-11-13,6.0,6.0,9,2010,11,2010.0
2010-11-14,6.0,6.0,4,2010,11,2010.0
2010-11-15,6.071428571428571,6.0,14,2010,11,2010.0
2010-11-16,6.0,6.0,4,2010,11,2010.0
2010-11-17,6.0,6.0,10,2010,11,2010.0
2010-11-18,6.0,6.0,11,2010,11,2010.0
2010-11-19,6.0,6.0,10,2010,11,2010.0
2010-11-20,5.9,5.0,10,2010,11,2010.0
2010-11-21,6.0,6.0,8,2010,11,2010.0
2010-11-22,6.0,6.0,2,2010,11,2010.0
2010-11-23,6.0,6.0,4,2010,11,2010.0
2010-11-24,6.0,6.0,9,2010,11,2010.0
2010-11-25,6.0,6.0,14,2010,11,2010.0
2010-11-26,6.0,6.0,9,2010,11,2010.0
2010-11-27,6.0,6.0,8,2010,11,2010.0
2010-11-28,6.0,6.0,3,2010,11,2010.0
2010-11-29,6.0,6.0,1,2010,11,2010.0
2010-11-30,6.0,6.0,13,2010,11,2010.0
2010-12-01,5.64,4.35,4,2010,12,2010.0
2010-12-02,6.12,6.0,7,2010,12,2010.0
2010-12-03,5.382727272727273,3.73,11,2010,12,2010.0
2010-12-04,6.13125,6.0,8,2010,12,2010.0
2010-12-05,5.3025,5.0,8,2010,12,2010.0
2010-12-06,6.0488888888888885,4.97,9,2010,12,2010.0
2010-12-07,4.484999999999999,4.0,2,2010,12,2010.0
2010-12-08,3.86,2.49,11,2010,12,2010.0
2010-12-09,4.831428571428572,3.73,7,2010,12,2010.0
2010-12-10,5.5975,4.97,8,2010,12,2010.0
2010-12-11,4.4959999999999996,3.11,15,2010,12,2010.0
2010-12-12,5.564285714285715,4.97,14,2010,12,2010.0
2010-12-13,6.21,6.21,2,2010,12,2010.0
2010-12-14,6.07,6.0,3,2010,12,2010.0
2010-12-15,5.801666666666667,4.97,6,2010,12,2010.0
2010-12-16,6.0,6.0,1,2010,12,2010.0
2010-12-18,6.13125,6.0,8,2010,12,2010.0
2010-12-19,3.920769230769231,3.73,13,2010,12,2010.0
2010-12-20,3.981666666666667,3.73,6,2010,12,2010.0
2010-12-21,4.9799999999999995,4.97,6,2010,12,2010.0
2010-12-22,6.21,6.21,4,2010,12,2010.0
2010-12-23,5.648571428571429,4.97,7,2010,12,2010.0
2010-12-24,6.105,6.0,4,2010,12,2010.0
2010-12-26,6.105,6.0,4,2010,12,2010.0
2010-12-27,6.140000000000001,6.0,3,2010,12,2010.0
2010-12-28,6.1866666666666665,6.0,9,2010,12,2010.0
2010-12-29,2.495,2.49,2,2010,12,2010.0
2010-12-30,2.5780000000000003,1.86,10,2010,12,2010.0
2010-12-31,1.6280000000000001,1.24,10,2010,12,2010.0
2011-01-01,1.4,1.25,10,2011,1,2010.0
2011-01-02,2.5,2.5,1,2011,1,2010.0
2011-01-04,6.0,6.0,4,2011,1,2010.0
2011-01-05,6.0,6.0,12,2011,1,2010.0
2011-01-06,6.0,6.0,10,2011,1,2010.0
2011-01-07,6.0,6.0,5,2011,1,2010.0
2011-01-08,1.25,1.25,1,2011,1,2010.0
2011-01-12,2.1785714285714284,1.25,7,2011,1,2010.0
2011-01-13,3.7,2.5,5,2011,1,2010.0
2011-01-14,4.0,4.0,3,2011,1,2010.0
2011-01-15,3.0,2.0,2,2011,1,2010.0
2011-01-19,4.04,3.73,4,2011,1,2010.0
2011-01-20,3.865,3.73,4,2011,1,2010.0
2011-01-22,4.97,4.97,2,2011,1,2010.0
2011-01-23,6.140000000000001,6.0,3,2011,1,2010.0
2011-01-24,6.140000000000001,6.0,3,2011,1,2010.0
2011-01-25,6.21,6.21,2,2011,1,2010.0
2011-01-26,6.21,6.21,7,2011,1,2010.0
2011-01-27,6.1575,6.0,4,2011,1,2010.0
2011-01-28,6.175,6.0,6,2011,1,2010.0
2011-01-29,6.21,6.21,4,2011,1,2010.0
2011-01-30,6.140000000000001,6.0,3,2011,1,2010.0
2011-01-31,6.189,6.0,10,2011,1,2010.0
2011-02-01,6.0,6.0,4,2011,2,2010.0
2011-02-02,6.0,6.0,3,2011,2,2010.0
2011-02-03,6.0,6.0,3,2011,2,2010.0
2011-02-05,6.0,6.0,3,2011,2,2010.0
2011-02-06,4.0,4.0,1,2011,2,2010.0
2011-02-07,2.5,2.5,4,2011,2,2010.0
2011-02-08,5.75,5.0,4,2011,2,2010.0
2011-02-09,4.75,1.0,4,2011,2,2010.0
2011-02-10,5.0,5.0,1,2011,2,2010.0
2011-02-13,4.0,4.0,1,2011,2,2010.0
2011-02-20,5.0,5.0,2,2011,2,2010.0
2011-02-21,6.0,6.0,1,2011,2,2010.0
2011-02-25,5.0,5.0,1,2011,2,2010.0
2011-02-26,6.0,6.0,3,2011,2,2010.0
2011-02-28,6.0,6.0,1,2011,2,2010.0
2011-03-01,4.25,2.5,2,2011,3,2010.0
2011-03-02,3.25,3.0,4,2011,3,2010.0
2011-03-03,4.571428571428571,3.0,7,2011,3,2010.0
2011-03-04,2.3333333333333335,2.0,3,2011,3,2010.0
2011-03-05,4.0,2.5,5,2011,3,2010.0
2011-03-06,5.5,5.0,4,2011,3,2010.0
2011-03-07,5.25,5.0,4,2011,3,2010.0
2011-03-08,4.25,4.0,4,2011,3,2010.0
2011-03-10,5.0,5.0,1,2011,3,2010.0
2011-03-11,5.75,5.0,4,2011,3,2010.0
2011-03-12,6.0,6.0,3,2011,3,2010.0
2011-03-13,6.0,6.0,6,2011,3,2010.0
2011-03-14,5.6,5.0,5,2011,3,2010.0
2011-03-15,5.0,5.0,2,2011,3,2010.0
2011-03-16,6.0,6.0,5,2011,3,2010.0
2011-03-17,6.0,6.0,5,2011,3,2010.0
2011-03-18,4.0,4.0,1,2011,3,2010.0
2011-03-19,4.6,4.0,5,2011,3,2010.0
2011-03-20,5.666666666666667,5.0,6,2011,3,2010.0
2011-03-21,6.0,6.0,2,2011,3,2010.0
2011-03-22,6.0,6.0,1,2011,3,2010.0
2011-03-23,6.0,6.0,2,2011,3,2010.0
2011-03-24,6.2,6.0,5,2011,3,2010.0
2011-03-25,2.6666666666666665,1.0,6,2011,3,2010.0
2011-03-26,1.5,1.5,2,2011,3,2010.0
2011-03-27,4.0,4.0,1,2011,3,2010.0
2011-03-28,5.0,4.0,3,2011,3,2010.0
2011-03-29,5.333333333333333,5.0,3,2011,3,2010.0
2011-03-30,5.2,5.0,5,2011,3,2010.0
2011-03-31,5.8,5.0,5,2011,3,2010.0
2011-04-01,6.0,6.0,5,2011,4,
2011-04-02,6.0,6.0,1,2011,4,
2011-04-03,2.6875,2.0,8,2011,4,
2011-04-04,3.75,2.5,2,2011,4,
2011-04-11,5.0,5.0,1,2011,4,
2011-04-14,6.0,6.0,2,2011,4,
2011-04-15,6.0,6.0,5,2011,4,
2011-04-16,6.0,6.0,2,2011,4,
2011-04-17,6.0,6.0,1,2011,4,
2011-04-25,6.0,6.0,1,2011,4,
2011-04-26,6.0,6.0,4,2011,4,
2011-04-27,6.0,6.0,2,2011,4,
2011-04-28,6.0,6.0,5,2011,4,
2011-04-29,6.333333333333333,6.0,6,2011,4,
2011-04-30,6.0,6.0,4,2011,4,
2011-05-01,6.0,6.0,2,2011,5,
2011-05-03,6.0,6.0,3,2011,5,
2011-05-04,6.0,6.0,5,2011,5,
2011-05-06,6.0,6.0,1,2011,5,
2011-05-07,7.0,7.0,1,2011,5,
2011-05-08,6.0,6.0,1,2011,5,
2011-05-09,6.0,6.0,4,2011,5,
2011-05-10,6.0,6.0,1,2011,5,
2011-05-11,7.0,7.0,2,2011,5,
2011-05-13,6.0,6.0,1,2011,5,
2011-05-14,6.0,6.0,4,2011,5,
2011-05-20,6.0,6.0,4,2011,5,
2011-05-21,6.642,6.0,5,2011,5,
2011-05-22,6.333333333333333,6.0,3,2011,5,
2011-05-23,7.0,7.0,1,2011,5,
2011-05-24,6.0,6.0,3,2011,5,
2011-05-25,6.285714285714286,6.0,7,2011,5,
2011-05-26,6.25,6.0,4,2011,5,
2011-05-27,6.166666666666667,6.0,6,2011,5,
2011-05-28,6.0,6.0,1,2011,5,
2011-05-29,6.0,6.0,1,2011,5,
2011-06-06,6.0,6.0,2,2011,6,
2011-06-07,6.0,6.0,1,2011,6,
2011-06-08,6.0,6.0,4,2011,6,
2011-06-09,6.0,6.0,3,2011,6,
2011-06-10,6.0,6.0,1,2011,6,
2011-07-13,6.0,6.0,1,2011,7,
2011-07-14,6.0,5.0,5,2011,7,
2011-07-15,6.0,6.0,1,2011,7,
2011-07-18,6.333333333333333,6.0,3,2011,7,
2011-07-19,6.0,6.0,5,2011,7,
2011-07-20,6.25,6.0,4,2011,7,
2011-07-22,6.0,6.0,2,2011,7,
2011-07-23,6.0,6.0,2,2011,7,
2011-07-24,6.0,6.0,1,2011,7,
2011-07-25,6.0,6.0,2,2011,7,
2011-07-26,6.5,6.0,4,2011,7,
2011-07-27,6.5,6.0,2,2011,7,
2011-07-28,6.0,6.0,2,2011,7,
2011-08-03,6.0,6.0,1,2011,8,
2011-08-04,6.5,6.0,2,2011,8,
2011-08-06,7.0,7.0,4,2011,8,
2011-08-07,6.8,6.0,10,2011,8,
2011-08-08,6.5,6.0,2,2011,8,
2011-08-09,6.0,6.0,1,2011,8,
2011-08-10,6.5,6.0,2,2011,8,
2011-08-11,6.75,6.0,4,2011,8,
2011-08-12,6.333333333333333,6.0,3,2011,8,
2011-08-19,7.0,7.0,2,2011,8,
2011-08-20,6.571428571428571,6.0,7,2011,8,
2011-08-22,,,0,2011,8,
2011-09-01,6.21,6.21,1,2011,9,
2011-09-02,6.21,6.21,1,2011,9,
2011-09-07,6.140000000000001,6.0,3,2011,9,
2011-09-08,6.0,6.0,1,2011,9,
2011-10-06,6.1575,6.0,4,2011,10,
2011-10-07,6.21,6.21,3,2011,10,
2011-10-17,4.365,3.73,2,2011,10,
2011-10-18,4.97,4.97,1,2011,10,
2011-11-04,6.21,6.21,1,2011,11,2011.0
2011-11-10,6.0,6.0,1,2011,11,2011.0
2011-12-02,,,0,2011,12,2011.0
2011-12-12,0.9650000000000001,0.93,2,2011,12,2011.0
2011-12-15,4.984999999999999,4.97,2,2011,12,2011.0
2011-12-21,6.13125,6.0,8,2011,12,2011.0
2012-07-20,6.21,6.21,1,2012,7,
2012-09-26,6.21,6.21,2,2012,9,
2012-10-06,6.21,6.21,1,2012,10,
2012-10-07,6.21,6.21,1,2012,10,
2012-10-17,6.21,6.21,1,2012,10,
2012-10-21,6.21,6.21,3,2012,10,
2012-10-25,6.21,6.21,2,2012,10,
2012-11-17,6.21,6.21,1,2012,11,2012.0
2012-11-29,6.21,6.21,1,2012,11,2012.0
2012-11-30,6.21,6.21,2,2012,11,2012.0
2012-12-05,6.21,6.21,1,2012,12,2012.0
2012-12-06,6.21,6.21,1,2012,12,2012.0
2013-01-13,3.3166666666666664,2.49,3,2013,1,2012.0
2013-01-14,3.73,3.73,3,2013,1,2012.0
2013-01-15,6.21,6.21,3,2013,1,2012.0
2013-01-16,3.11,3.11,1,2013,1,2012.0
2013-02-20,6.21,6.21,1,2013,2,2012.0
2013-02-21,4.66,3.73,8,2013,2,2012.0
2013-02-22,6.21,6.21,3,2013,2,2012.0
2013-02-23,3.2133333333333334,2.49,6,2013,2,2012.0
2013-02-24,4.97,3.73,6,2013,2,2012.0
2013-02-25,4.04,3.11,2,2013,2,2012.0
2013-02-26,4.556666666666667,3.73,6,2013,2,2012.0
2013-02-27,6.21,6.21,5,2013,2,2012.0
2013-02-28,6.21,6.21,3,2013,2,2012.0
2013-03-01,6.21,6.21,2,2013,3,2012.0
2013-03-02,6.21,6.21,4,2013,3,2012.0
2013-03-03,6.21,6.21,4,2013,3,2012.0
2013-03-04,6.21,6.21,2,2013,3,2012.0
2013-03-05,6.21,6.21,5,2013,3,2012.0
2013-03-06,6.21,6.21,4,2013,3,2012.0
2013-03-07,6.21,6.21,3,2013,3,2012.0
2013-03-08,5.962,4.97,5,2013,3,2012.0
2013-03-09,6.21,6.21,2,2013,3,2012.0
2013-03-11,6.21,6.21,3,2013,3,2012.0
2013-03-13,6.21,6.21,2,2013,3,2012.0
2013-03-14,6.21,6.21,1,2013,3,2012.0
2013-03-15,6.21,6.21,4,2013,3,2012.0
2013-03-16,6.21,6.21,1,2013,3,2012.0
2013-03-17,6.21,6.21,2,2013,3,2012.0
2013-03-18,6.21,6.21,5,2013,3,2012.0
2013-03-19,4.553333333333334,1.24,3,2013,3,2012.0
2013-03-20,6.21,6.21,1,2013,3,2012.0
2013-03-21,6.21,6.21,1,2013,3,2012.0
2013-03-23,6.21,6.21,4,2013,3,2012.0
2013-03-24,6.21,6.21,3,2013,3,2012.0
2013-03-25,6.21,6.21,7,2013,3,2012.0
2013-03-26,4.97,3.73,2,2013,3,2012.0
2013-03-27,6.21,6.21,3,2013,3,2012.0
2013-03-28,6.21,6.21,7,2013,3,2012.0
2013-03-31,6.21,6.21,1,2013,3,2012.0
2014-01-20,4.97,4.97,1,2014,1,2013.0
2014-01-21,5.714,4.97,5,2014,1,2013.0
2014-01-22,6.21,6.21,2,2014,1,2013.0
2014-01-23,6.21,6.21,6,2014,1,2013.0
2014-01-24,5.125,3.73,8,2014,1,2013.0
2014-01-25,6.032857142857142,4.97,7,2014,1,2013.0
2014-01-26,5.324285714285714,4.97,7,2014,1,2013.0
2014-01-27,5.501428571428571,4.97,7,2014,1,2013.0
2014-01-28,6.21,6.21,8,2014,1,2013.0
2014-01-29,5.855714285714286,4.97,7,2014,1,2013.0
2014-01-30,5.59,4.97,4,2014,1,2013.0
2014-01-31,6.21,6.21,2,2014,1,2013.0
2014-02-01,4.97,4.97,2,2014,2,2013.0
2014-02-02,6.21,6.21,7,2014,2,2013.0
2014-02-03,4.66,3.73,4,2014,2,2013.0
2014-02-04,5.714,4.97,10,2014,2,2013.0
2014-02-05,5.125,4.35,4,2014,2,2013.0
2014-02-06,5.745,4.97,8,2014,2,2013.0
2014-02-07,3.479,1.24,10,2014,2,2013.0
2014-02-08,3.73,3.11,4,2014,2,2013.0
2014-02-09,4.3500000000000005,3.73,6,2014,2,2013.0
2014-02-10,4.261428571428572,3.73,7,2014,2,2013.0
2014-02-11,5.796666666666667,4.97,9,2014,2,2013.0
2014-02-12,6.21,6.21,5,2014,2,2013.0
2014-02-16,2.49,2.49,1,2014,2,2013.0
2014-02-19,5.796666666666667,4.97,3,2014,2,2013.0
2014-02-20,6.21,6.21,1,2014,2,2013.0
2014-02-21,3.73,3.73,1,2014,2,2013.0
2014-02-23,3.73,3.73,1,2014,2,2013.0
2014-02-24,4.66,3.73,4,2014,2,2013.0
2014-02-25,5.465999999999999,4.97,5,2014,2,2013.0
2014-03-04,5.796666666666667,4.97,3,2014,3,2013.0
2014-03-05,4.97,4.97,3,2014,3,2013.0
2014-03-06,4.97,4.97,4,2014,3,2013.0
2014-03-07,6.21,6.21,6,2014,3,2013.0
2014-03-09,4.97,4.97,6,2014,3,2013.0
2014-03-10,2.49,2.49,1,2014,3,2013.0
2014-03-11,4.97,4.97,1,2014,3,2013.0
2014-03-12,5.855714285714286,4.97,7,2014,3,2013.0
2014-03-13,6.21,6.21,6,2014,3,2013.0
2014-03-14,4.97,4.97,3,2014,3,2013.0
2014-03-15,5.218,4.97,5,2014,3,2013.0
2014-03-16,6.21,6.21,2,2014,3,2013.0
2014-03-17,6.21,6.21,2,2014,3,2013.0
2014-03-18,5.383333333333333,4.97,6,2014,3,2013.0
2014-03-19,3.73,3.73,3,2014,3,2013.0
2014-03-20,3.978,3.73,5,2014,3,2013.0
2014-03-21,3.73,3.73,4,2014,3,2013.0
2014-03-23,6.21,6.21,1,2014,3,2013.0
2014-03-24,6.21,6.21,2,2014,3,2013.0
2014-03-25,6.21,6.21,1,2014,3,2013.0
2014-03-28,6.21,6.21,1,2014,3,2013.0
2014-04-01,6.21,6.21,3,2014,4,
2014-04-02,6.21,6.21,1,2014,4,
2014-04-03,4.97,4.97,4,2014,4,
2014-04-05,4.97,4.97,1,2014,4,
2014-04-10,6.21,6.21,2,2014,4,
2014-04-12,6.21,6.21,2,2014,4,
2014-04-13,6.21,6.21,6,2014,4,
2014-04-14,6.21,6.21,2,2014,4,
2014-04-15,6.21,6.21,2,2014,4,
2014-04-16,6.21,6.21,2,2014,4,
2014-04-17,6.21,6.21,5,2014,4,
2014-04-18,5.962,4.97,5,2014,4,
2014-04-21,6.21,6.21,4,2014,4,
2014-04-22,6.21,6.21,5,2014,4,
2014-04-23,6.21,6.21,6,2014,4,
2014-04-24,6.21,6.21,4,2014,4,
2014-04-25,6.21,6.21,3,2014,4,
2014-04-26,6.21,6.21,3,2014,4,
2014-04-27,6.21,6.21,2,2014,4,
2014-05-02,6.21,6.21,3,2014,5,
2014-05-06,6.21,6.21,5,2014,5,
2014-05-07,6.21,6.21,1,2014,5,
2014-05-08,6.21,6.21,2,2014,5,
2014-05-11,6.21,6.21,4,2014,5,
2014-05-12,6.21,6.21,3,2014,5,
2014-05-13,6.21,6.21,1,2014,5,
2014-05-14,6.21,6.21,3,2014,5,
2014-05-15,6.21,6.21,5,2014,5,
2014-05-16,6.21,6.21,3,2014,5,
2014-05-17,6.21,6.21,1,2014,5,
2014-05-18,5.796666666666667,4.97,3,2014,5,
2014-05-20,4.97,4.97,3,2014,5,
2014-05-22,5.383333333333333,4.97,6,2014,5,
2014-05-23,6.21,6.21,1,2014,5,
2014-05-25,6.21,6.21,3,2014,5,
2014-05-26,6.21,6.21,2,2014,5,
2014-05-27,6.21,6.21,4,2014,5,
2014-05-28,6.21,6.21,9,2014,5,
2014-05-30,6.21,6.21,3,2014,5,
2014-05-31,6.21,6.21,4,2014,5,
2014-06-01,6.21,6.21,2,2014,6,
2014-06-02,6.21,6.21,2,2014,6,
2014-06-03,6.21,6.21,1,2014,6,
2014-06-04,6.21,6.21,3,2014,6,
2014-06-06,6.21,6.21,4,2014,6,
2014-06-07,6.21,6.21,1,2014,6,
2014-06-08,6.21,6.21,2,2014,6,
2014-06-09,6.21,6.21,1,2014,6,
2014-06-12,6.21,6.21,2,2014,6,
2014-06-13,6.21,6.21,4,2014,6,
2014-06-14,6.21,6.21,1,2014,6,
2014-06-15,6.21,6.21,3,2014,6,
2014-06-16,6.21,6.21,1,2014,6,
2014-06-17,6.21,6.21,1,2014,6,
2014-06-21,6.21,6.21,4,2014,6,
2014-06-22,6.21,6.21,3,2014,6,
2014-06-23,6.21,6.21,1,2014,6,
2014-06-25,6.21,6.21,2,2014,6,
2014-06-26,6.21,6.21,5,2014,6,
2014-06-27,6.21,6.21,2,2014,6,
2014-06-29,6.21,6.21,1,2014,6,
2014-07-01,6.21,6.21,3,2014,7,
2014-07-03,6.21,6.21,2,2014,7,
2014-07-04,6.21,6.21,2,2014,7,
2014-07-07,6.21,6.21,4,2014,7,
2014-07-08,6.21,6.21,1,2014,7,
2014-07-09,6.21,6.21,1,2014,7,
2014-07-10,6.21,6.21,2,2014,7,
2014-07-12,6.21,6.21,2,2014,7,
2014-07-13,6.21,6.21,3,2014,7,
2014-07-14,6.21,6.21,1,2014,7,
2014-07-15,6.21,6.21,3,2014,7,
2014-07-16,6.21,6.21,3,2014,7,
2014-07-17,6.21,6.21,1,2014,7,
2014-07-19,6.21,6.21,2,2014,7,
2014-07-20,6.21,6.21,3,2014,7,
2014-07-21,6.21,6.21,3,2014,7,
2014-07-22,6.21,6.21,2,2014,7,
2014-07-23,6.21,6.21,2,2014,7,
2014-07-24,6.21,6.21,1,2014,7,
2014-07-25,6.21,6.21,6,2014,7,
2014-07-26,6.21,6.21,1,2014,7,
2014-07-27,6.21,6.21,7,2014,7,
2014-07-28,6.21,6.21,2,2014,7,
2014-07-29,6.21,6.21,3,2014,7,
2014-07-30,6.21,6.21,3,2014,7,
2014-07-31,6.21,6.21,4,2014,7,
2014-08-01,6.21,6.21,4,2014,8,
2014-08-02,6.21,6.21,2,2014,8,
2014-08-03,5.962,4.97,5,2014,8,
2014-08-05,6.21,6.21,4,2014,8,
2014-08-06,6.21,6.21,8,2014,8,
2014-08-07,5.383333333333333,3.73,3,2014,8,
2014-08-08,6.21,6.21,5,2014,8,
2014-08-09,6.003333333333333,4.97,6,2014,8,
2014-08-10,6.21,6.21,5,2014,8,
2014-08-11,6.21,6.21,4,2014,8,
2014-08-12,6.21,6.21,3,2014,8,
2014-08-13,6.21,6.21,1,2014,8,
2014-08-19,6.21,6.21,1,2014,8,
2014-08-20,6.21,6.21,1,2014,8,
2014-08-21,6.21,6.21,1,2014,8,
2014-08-22,6.21,6.21,1,2014,8,
2014-08-23,6.21,6.21,2,2014,8,
2014-08-25,6.21,6.21,2,2014,8,
2014-08-26,6.21,6.21,2,2014,8,
2014-08-27,6.21,6.21,5,2014,8,
2014-08-28,6.21,6.21,3,2014,8,
2014-08-29,6.21,6.21,3,2014,8,
2014-08-30,6.21,6.21,1,2014,8,
2014-08-31,6.21,6.21,2,2014,8,
2014-09-02,6.21,6.21,6,2014,9,
2014-09-10,6.21,6.21,1,2014,9,
2014-09-11,6.21,6.21,1,2014,9,
2014-09-15,6.21,6.21,2,2014,9,
2014-09-16,6.21,6.21,1,2014,9,
2014-09-18,5.59,4.97,2,2014,9,
2014-09-19,6.21,6.21,3,2014,9,
2014-09-20,6.21,6.21,1,2014,9,
2014-09-21,6.21,6.21,1,2014,9,
2014-09-23,6.21,6.21,1,2014,9,
2014-09-24,6.21,6.21,1,2014,9,
2014-09-25,6.21,6.21,2,2014,9,
2014-09-27,6.21,6.21,1,2014,9,
2014-09-29,6.21,6.21,1,2014,9,
2014-09-30,6.21,6.21,2,2014,9,
2014-10-07,6.21,6.21,1,2014,10,
2014-10-11,6.21,6.21,1,2014,10,
2014-10-15,6.21,6.21,1,2014,10,
2014-10-16,6.21,6.21,1,2014,10,
2014-10-19,6.21,6.21,1,2014,10,
2014-10-26,6.21,6.21,1,2014,10,
2014-10-27,6.21,6.21,3,2014,10,
2014-11-07,6.21,6.21,1,2014,11,2014.0
2014-11-10,6.21,6.21,1,2014,11,2014.0
2014-11-11,6.21,6.21,3,2014,11,2014.0
2014-11-12,6.21,6.21,1,2014,11,2014.0
2014-11-14,5.383333333333333,4.97,3,2014,11,2014.0
2014-11-15,6.21,6.21,2,2014,11,2014.0
2014-11-16,6.21,6.21,5,2014,11,2014.0
2014-11-17,6.21,6.21,6,2014,11,2014.0
2014-11-18,5.279999999999999,4.35,2,2014,11,2014.0
2014-11-20,6.21,6.21,2,2014,11,2014.0
2014-11-21,6.21,6.21,1,2014,11,2014.0
2014-11-22,4.35,4.35,1,2014,11,2014.0
2014-11-23,1.55,1.55,1,2014,11,2014.0
2014-11-24,3.73,3.73,1,2014,11,2014.0
2014-11-25,4.04,3.73,2,2014,11,2014.0
2014-11-26,3.11,3.11,1,2014,11,2014.0
2014-11-27,3.11,3.11,1,2014,11,2014.0
2014-11-29,4.97,4.97,3,2014,11,2014.0
2014-11-30,3.73,3.73,1,2014,11,2014.0
2014-12-01,3.73,3.73,1,2014,12,2014.0
2014-12-02,4.97,4.97,1,2014,12,2014.0
2014-12-04,4.97,4.97,1,2014,12,2014.0
2014-12-05,5.9,4.97,4,2014,12,2014.0
2014-12-06,6.21,6.21,2,2014,12,2014.0
2014-12-07,4.35,4.35,1,2014,12,2014.0
2014-12-08,5.59,4.97,4,2014,12,2014.0
2014-12-09,4.97,4.97,3,2014,12,2014.0
2014-12-12,2.2800000000000002,1.86,3,2014,12,2014.0
2014-12-13,1.7100000000000002,0.93,4,2014,12,2014.0
2014-12-14,3.11,3.11,2,2014,12,2014.0
2014-12-15,3.73,3.73,1,2014,12,2014.0
2014-12-17,2.02,1.24,4,2014,12,2014.0
2014-12-18,3.978,2.49,5,2014,12,2014.0
2015-01-21,3.6060000000000003,3.11,5,2015,1,2014.0
2015-01-22,4.35,3.73,2,2015,1,2014.0
2015-01-24,4.97,4.97,4,2015,1,2014.0
2015-01-25,4.97,4.97,3,2015,1,2014.0
2015-01-27,4.97,4.97,3,2015,1,2014.0
2015-01-28,4.97,4.97,2,2015,1,2014.0
2015-01-29,4.97,4.97,3,2015,1,2014.0
2015-01-30,4.97,4.97,1,2015,1,2014.0
2015-02-02,4.97,4.97,3,2015,2,2014.0
2015-02-03,6.21,6.21,4,2015,2,2014.0
2015-02-04,4.97,4.97,1,2015,2,2014.0
2015-02-05,6.21,6.21,3,2015,2,2014.0
2015-02-06,6.21,6.21,6,2015,2,2014.0
2015-02-09,6.21,6.21,1,2015,2,2014.0
2015-02-10,6.21,6.21,1,2015,2,2014.0
2015-02-12,3.73,3.73,4,2015,2,2014.0
2015-02-13,4.7219999999999995,4.35,5,2015,2,2014.0
2015-02-14,4.97,4.97,2,2015,2,2014.0
2015-02-15,5.934444444444444,4.97,9,2015,2,2014.0
2015-02-17,4.97,4.97,5,2015,2,2014.0
2015-03-24,3.73,3.73,3,2015,3,2014.0
2015-03-25,4.97,4.97,1,2015,3,2014.0
2015-04-05,6.21,6.21,1,2015,4,
2015-04-06,6.21,6.21,1,2015,4,
2015-04-07,6.21,6.21,1,2015,4,
2015-04-08,6.21,6.21,2,2015,4,
2015-04-09,6.21,6.21,1,2015,4,
2015-04-10,5.218,4.97,5,2015,4,
2015-04-12,0.782,0.5,5,2015,4,
2015-04-13,0.86,0.81,6,2015,4,
2015-04-14,3.4975,2.49,8,2015,4,
2015-04-15,3.73,3.73,3,2015,4,
2015-04-16,4.97,4.97,1,2015,4,
2015-04-17,1.55,1.55,1,2015,4,
2015-04-21,6.21,6.21,1,2015,4,
2015-04-22,6.21,6.21,5,2015,4,
2015-04-23,3.73,3.73,2,2015,4,
2015-04-24,3.72625,1.55,8,2015,4,
2015-04-25,2.8,2.49,2,2015,4,
2015-04-26,2.3850000000000002,1.86,6,2015,4,
2015-04-27,3.11,3.11,2,2015,4,
2015-04-28,5.59,4.97,2,2015,4,
2015-04-29,5.9,4.97,4,2015,4,
2015-04-30,5.962,4.97,5,2015,4,
2015-05-01,6.21,6.21,2,2015,5,
2015-05-02,6.21,6.21,3,2015,5,
2015-05-03,6.21,6.21,6,2015,5,
2015-05-04,6.21,6.21,1,2015,5,
2015-05-06,6.21,6.21,3,2015,5,
2015-05-07,6.21,6.21,4,2015,5,
2015-05-08,6.21,6.21,1,2015,5,
2015-05-09,6.21,6.21,4,2015,5,
2015-05-10,5.796666666666667,4.97,3,2015,5,
2015-05-11,6.21,6.21,2,2015,5,
2015-05-12,6.21,6.21,5,2015,5,
2015-05-13,5.125,3.73,8,2015,5,
2015-05-14,4.2811111111111115,3.73,9,2015,5,
2015-05-15,4.66,3.73,4,2015,5,
2015-05-16,2.485,1.24,4,2015,5,
2015-05-17,3.73,3.73,2,2015,5,
2015-05-18,3.73,3.73,3,2015,5,
2015-05-19,6.072222222222222,4.97,9,2015,5,
2015-05-20,6.21,6.21,3,2015,5,
2015-05-21,6.21,6.21,3,2015,5,
2015-05-22,5.962,4.97,5,2015,5,
2015-05-23,5.465999999999999,3.73,5,2015,5,
2015-05-24,5.962,4.97,5,2015,5,
2015-05-25,6.21,6.21,4,2015,5,
2015-05-26,6.21,6.21,2,2015,5,
2015-05-27,6.21,6.21,1,2015,5,
2015-05-28,6.21,6.21,2,2015,5,
2015-05-29,6.21,6.21,2,2015,5,
2015-05-30,5.465999999999999,4.97,5,2015,5,
2015-05-31,6.21,6.21,1,2015,5,
2015-06-01,6.21,6.21,8,2015,6,
2015-06-02,5.9,3.73,8,2015,6,
2015-06-03,5.9,4.97,4,2015,6,
2015-06-04,6.21,6.21,11,2015,6,
2015-06-05,6.21,6.21,6,2015,6,
2015-06-06,6.21,6.21,7,2015,6,
2015-06-07,6.21,6.21,6,2015,6,
2015-06-08,5.962,4.97,5,2015,6,
2015-06-09,6.21,6.21,6,2015,6,
2015-06-10,6.21,6.21,6,2015,6,
2015-06-11,5.057142857142857,1.86,7,2015,6,
2015-06-12,6.21,6.21,6,2015,6,
2015-06-13,6.21,6.21,3,2015,6,
2015-06-14,6.21,6.21,4,2015,6,
2015-06-15,6.21,6.21,3,2015,6,
2015-06-16,6.21,6.21,7,2015,6,
2015-06-17,6.21,6.21,9,2015,6,
2015-06-18,5.9,3.73,8,2015,6,
2015-06-19,6.21,6.21,6,2015,6,
2015-06-20,5.855714285714286,3.73,7,2015,6,
2015-06-21,6.21,6.21,2,2015,6,
2015-06-23,6.21,6.21,2,2015,6,
2015-06-24,5.071666666666666,1.86,6,2015,6,
2015-06-25,6.21,6.21,3,2015,6,
2015-06-26,6.21,6.21,6,2015,6,
2015-06-27,6.21,6.21,12,2015,6,
2015-06-30,6.21,6.21,3,2015,6,
2015-07-01,6.21,6.21,1,2015,7,
2015-07-03,6.21,6.21,6,2015,7,
2015-07-04,6.21,6.21,4,2015,7,
2015-07-05,6.21,6.21,1,2015,7,
2015-07-06,6.21,6.21,4,2015,7,
2015-07-08,6.21,6.21,3,2015,7,
2015-07-09,6.21,6.21,1,2015,7,
2015-07-10,6.21,6.21,2,2015,7,
2015-07-11,6.21,6.21,7,2015,7,
2015-07-12,6.21,6.21,4,2015,7,
2015-07-13,6.21,6.21,2,2015,7,
2015-07-24,6.21,6.21,1,2015,7,
2015-07-27,6.21,6.21,1,2015,7,
2015-07-28,6.21,6.21,1,2015,7,
2015-07-29,6.21,6.21,1,2015,7,
2015-07-31,6.21,6.21,3,2015,7,
2015-08-01,6.21,6.21,1,2015,8,
2015-08-05,6.21,6.21,5,2015,8,
2015-08-06,6.21,6.21,2,2015,8,
2015-08-07,6.21,6.21,3,2015,8,
2015-08-08,6.21,6.21,1,2015,8,
2015-08-10,6.21,6.21,2,2015,8,
2015-08-11,6.21,6.21,2,2015,8,
2015-08-13,6.21,6.21,4,2015,8,
2015-08-15,6.21,6.21,1,2015,8,
2015-08-16,5.59,4.97,2,2015,8,
2015-08-17,5.796666666666667,4.97,3,2015,8,
2015-08-18,6.21,6.21,2,2015,8,
2015-08-19,6.21,6.21,1,2015,8,
2015-08-20,6.21,6.21,2,2015,8,
2015-08-21,6.21,6.21,1,2015,8,
2015-08-22,6.21,6.21,1,2015,8,
2015-08-24,6.21,6.21,1,2015,8,
2015-08-25,6.21,6.21,5,2015,8,
2015-08-26,5.484999999999999,1.86,6,2015,8,
2015-08-27,6.21,6.21,1,2015,8,
2015-08-29,6.21,6.21,1,2015,8,
2015-08-30,6.21,6.21,5,2015,8,
2015-09-04,6.21,6.21,1,2015,9,
2015-10-08,6.21,6.21,2,2015,10,
2015-10-10,6.21,6.21,2,2015,10,
2015-10-11,6.21,6.21,3,2015,10,
2015-10-12,6.21,6.21,2,2015,10,
2015-10-13,6.21,6.21,6,2015,10,
2015-10-14,6.21,6.21,2,2015,10,
2015-10-23,6.21,6.21,2,2015,10,
2015-10-24,6.21,6.21,1,2015,10,
2015-10-31,4.66,3.11,2,2015,10,
2015-11-01,4.1433333333333335,3.73,3,2015,11,2015.0
2015-11-02,6.21,6.21,2,2015,11,2015.0
2015-11-03,5.714,4.97,5,2015,11,2015.0
2015-11-22,6.21,6.21,4,2015,11,2015.0
2015-11-23,6.21,6.21,1,2015,11,2015.0
2015-12-05,1.7566666666666668,1.55,3,2015,12,2015.0
2015-12-06,1.55,1.55,2,2015,12,2015.0
2015-12-07,1.24,1.24,2,2015,12,2015.0
2015-12-11,1.24,1.24,2,2015,12,2015.0
2015-12-12,3.5233333333333334,3.11,3,2015,12,2015.0
2015-12-13,3.2175,1.68,4,2015,12,2015.0
2015-12-14,2.49,2.49,1,2015,12,2015.0
2015-12-17,4.866666666666666,3.11,6,2015,12,2015.0
2015-12-20,1.552,0.93,5,2015,12,2015.0
2015-12-22,1.085,0.93,2,2015,12,2015.0
2016-01-06,4.97,4.97,2,2016,1,2015.0
2016-01-07,5.59,4.97,2,2016,1,2015.0
2016-01-08,4.35,3.73,4,2016,1,2015.0
2016-01-09,2.485,1.24,2,2016,1,2015.0
2016-01-10,1.86,1.86,1,2016,1,2015.0
2016-02-05,1.24,1.24,2,2016,2,2015.0
2016-02-09,1.55,1.55,1,2016,2,2015.0
2016-02-22,0.93,0.93,2,2016,2,2015.0
2016-03-11,6.21,6.21,2,2016,3,2015.0
2016-03-16,6.21,6.21,1,2016,3,2015.0
2016-03-21,6.21,6.21,1,2016,3,2015.0
2016-03-22,6.21,6.21,4,2016,3,2015.0
2016-03-23,6.21,6.21,2,2016,3,2015.0
2016-03-25,6.21,6.21,4,2016,3,2015.0
2016-03-26,6.21,6.21,3,2016,3,2015.0
2016-03-29,2.4875,1.86,4,2016,3,2015.0
2016-03-30,1.24,1.24,1,2016,3,2015.0
2016-03-31,1.55,1.55,4,2016,3,2015.0
2016-04-04,3.73,3.73,1,2016,4,
2016-04-07,6.21,6.21,4,2016,4,
2016-04-08,6.21,6.21,1,2016,4,
2016-04-11,6.21,6.21,5,2016,4,
2016-04-12,6.21,6.21,2,2016,4,
2016-04-13,6.21,6.21,1,2016,4,
2016-04-14,6.21,6.21,1,2016,4,
2016-04-15,6.21,6.21,2,2016,4,
2016-04-16,6.21,6.21,6,2016,4,
2016-04-17,4.66,3.73,4,2016,4,
2016-04-18,6.21,6.21,1,2016,4,
2016-04-19,6.21,6.21,1,2016,4,
2016-04-20,6.21,6.21,3,2016,4,
2016-04-21,6.21,6.21,3,2016,4,
2016-04-22,6.21,6.21,6,2016,4,
2016-04-23,6.21,6.21,4,2016,4,
2016-04-24,6.21,6.21,1,2016,4,
2016-04-25,6.21,6.21,3,2016,4,
2016-04-26,6.21,6.21,6,2016,4,
2016-04-27,6.21,6.21,6,2016,4,
2016-04-28,6.21,6.21,1,2016,4,
2016-04-29,6.21,6.21,3,2016,4,
2016-04-30,6.21,6.21,1,2016,4,
2016-05-01,6.21,6.21,2,2016,5,
2016-05-02,6.21,6.21,2,2016,5,
2016-05-12,6.21,6.21,3,2016,5,
2016-05-13,5.796666666666667,4.97,3,2016,5,
2016-05-14,6.21,6.21,4,2016,5,
2016-05-15,6.21,6.21,6,2016,5,
2016-05-24,6.21,6.21,1,2016,5,
2016-06-05,6.21,6.21,1,2016,6,
2016-06-16,6.21,6.21,1,2016,6,
2016-06-18,6.21,6.21,2,2016,6,
2016-06-19,6.21,6.21,2,2016,6,
2016-07-25,6.21,6.21,1,2016,7,
2016-07-29,6.21,6.21,3,2016,7,
2016-08-02,6.21,6.21,1,2016,8,
2016-08-03,6.21,6.21,1,2016,8,
2016-10-30,4.97,4.97,1,2016,10,
2016-11-22,6.21,6.21,1,2016,11,2016.0
2016-11-26,4.97,4.97,4,2016,11,2016.0
2016-11-27,4.97,4.97,1,2016,11,2016.0
2016-11-30,6.21,6.21,1,2016,11,2016.0
2016-12-02,3.73,3.73,2,2016,12,2016.0
2016-12-21,6.21,6.21,1,2016,12,2016.0
2017-04-19,6.21,6.21,1,2017,4,
2017-04-20,6.21,6.21,1,2017,4,
2017-05-03,6.21,6.21,1,2017,5,
2017-05-23,6.21,6.21,1,2017,5,
2017-06-15,6.21,6.21,1,2017,6,
2017-06-20,6.21,6.21,3,2017,6,
2017-06-22,6.21,6.21,1,2017,6,
2017-06-23,6.21,6.21,1,2017,6,
2017-06-27,6.21,6.21,2,2017,6,
2017-07-06,6.21,6.21,2,2017,7,
2017-07-07,6.21,6.21,1,2017,7,
2017-08-03,6.21,6.21,1,2017,8,
2017-08-11,6.21,6.21,1,2017,8,
2017-08-25,6.21,6.21,1,2017,8,
2017-12-13,6.21,6.21,1,2017,12,2017.0
2017-12-14,6.21,6.21,5,2017,12,2017.0
2017-12-15,4.04,3.11,2,2017,12,2017.0
2017-12-18,3.11,3.11,1,2017,12,2017.0
2017-12-24,1.55,1.55,1,2017,12,2017.0
2017-12-26,0.31,0.31,1,2017,12,2017.0
2017-12-30,3.73,3.73,1,2017,12,2017.0
2018-01-14,6.21,6.21,3,2018,1,2017.0
2018-01-15,2.33,1.55,2,2018,1,2017.0
2018-01-18,6.21,6.21,1,2018,1,2017.0
2018-02-12,4.97,4.97,1,2018,2,2017.0
2018-02-13,4.97,4.97,1,2018,2,2017.0
2018-02-14,5.59,4.97,2,2018,2,2017.0
2018-03-23,3.11,3.11,1,2018,3,2017.0
2018-03-26,6.21,6.21,1,2018,3,2017.0
2018-03-31,0.5,0.5,1,2018,3,2017.0
2018-04-10,6.21,6.21,1,2018,4,
2018-05-06,6.21,6.21,1,2018,5,
2018-05-10,4.97,4.97,1,2018,5,
2018-05-28,6.21,6.21,1,2018,5,
2018-05-30,6.21,6.21,1,2018,5,
2018-05-31,6.21,6.21,1,2018,5,
2018-06-19,6.21,6.21,1,2018,6,
2018-09-21,6.21,6.21,1,2018,9,
2018-09-26,6.21,6.21,1,2018,9,
2018-10-03,6.21,6.21,1,2018,10,
2018-10-06,6.21,6.21,1,2018,10,
2018-10-11,6.21,6.21,1,2018,10,
2018-10-16,6.21,6.21,1,2018,10,
2018-10-17,6.21,6.21,1,2018,10,
2018-10-22,6.21,6.21,1,2018,10,
2018-11-21,6.21,6.21,2,2018,11,2018.0
2018-11-25,3.11,3.11,1,2018,11,2018.0
2018-11-26,3.11,3.11,1,2018,11,2018.0
2018-11-27,6.21,6.21,1,2018,11,2018.0
2018-12-02,6.21,6.21,1,2018,12,2018.0
2018-12-05,4.97,4.97,1,2018,12,2018.0
2018-12-07,4.35,4.35,1,2018,12,2018.0
2018-12-11,6.21,6.21,1,2018,12,2018.0
2019-01-25,6.21,6.21,1,2019,1,2018.0
2019-03-07,1.86,1.86,1,2019,3,2018.0
2019-03-15,3.1100000000000003,2.49,2,2019,3,2018.0
2019-03-20,4.97,4.97,1,2019,3,2018.0
2019-06-10,6.21,6.21,1,2019,6,
2019-06-25,6.21,6.21,3,2019,6,
2019-06-29,6.21,6.21,2,2019,6,
2019-06-30,6.21,6.21,5,2019,6,
2019-07-01,3.73,3.73,1,2019,7,
2019-07-02,6.21,6.21,4,2019,7,
2019-07-06,6.21,6.21,1,2019,7,
2019-10-23,6.21,6.21,1,2019,10,
2019-11-03,6.21,6.21,1,2019,11,2019.0
2019-12-25,6.21,6.21,1,2019,12,2019.0
2019-12-29,4.97,4.97,2,2019,12,2019.0
2020-02-08,4.97,4.97,1,2020,2,2019.0
2020-02-16,6.21,6.21,1,2020,2,2019.0
2020-02-22,6.21,6.21,2,2020,2,2019.0
2020-02-24,1.86,1.86,1,2020,2,2019.0
2020-02-25,0.93,0.93,2,2020,2,2019.0
2020-02-28,6.21,6.21,4,2020,2,2019.0
2020-02-29,6.21,6.21,2,2020,2,2019.0
2020-03-03,3.415,1.86,2,2020,3,2019.0
2020-03-04,6.21,6.21,1,2020,3,2019.0
2020-03-08,6.21,6.21,1,2020,3,2019.0
2020-03-12,1.28,0.99,3,2020,3,2019.0
2020-03-13,1.37,1.37,1,2020,3,2019.0
2020-03-15,4.556666666666667,3.73,3,2020,3,2019.0
2020-03-17,6.21,6.21,2,2020,3,2019.0
2020-03-19,5.59,4.97,2,2020,3,2019.0
2020-03-23,6.21,6.21,1,2020,3,2019.0
2020-03-25,6.21,6.21,1,2020,3,2019.0
2020-03-27,6.21,6.21,1,2020,3,2019.0
2020-03-31,6.21,6.21,2,2020,3,2019.0
2020-04-01,6.21,6.21,1,2020,4,
2020-04-05,6.21,6.21,1,2020,4,
2020-04-07,6.21,6.21,1,2020,4,
2020-06-09,6.21,6.21,1,2020,6,
2020-06-12,6.21,6.21,1,2020,6,
2020-09-10,6.21,6.21,1,2020,9,
2020-09-24,6.21,6.21,1,2020,9,
2020-09-26,6.21,6.21,1,2020,9,
2020-10-05,6.21,6.21,5,2020,10,
2020-10-07,6.21,6.21,1,2020,10,
2020-10-10,6.21,6.21,4,2020,10,
2020-10-11,6.21,6.21,9,2020,10,
2020-10-12,6.21,6.21,4,2020,10,
2020-10-13,6.21,6.21,3,2020,10,
2020-10-14,6.21,6.21,8,2020,10,
2020-10-15,6.21,6.21,5,2020,10,
2020-10-16,6.21,6.21,6,2020,10,
2020-10-17,6.21,6.21,4,2020,10,
2020-10-18,6.21,6.21,8,2020,10,
2020-10-19,6.21,6.21,4,2020,10,
2020-10-20,6.21,6.21,3,2020,10,
2020-10-21,6.21,6.21,13,2020,10,
2020-10-22,6.21,6.21,11,2020,10,
2020-10-23,6.21,6.21,7,2020,10,
2020-10-24,6.21,6.21,3,2020,10,
2020-10-25,5.486666666666667,4.35,6,2020,10,
2020-10-26,5.837999999999999,4.35,10,2020,10,
2020-10-27,5.486666666666667,3.73,6,2020,10,
2020-10-28,5.796666666666667,4.97,12,2020,10,
2020-10-29,6.21,6.21,10,2020,10,
2020-10-30,6.21,6.21,6,2020,10,
2020-10-31,6.21,6.21,8,2020,10,
2020-11-01,4.1,1.86,5,2020,11,2020.0
2020-11-04,4.97,4.97,4,2020,11,2020.0
2020-11-05,4.97,4.97,2,2020,11,2020.0
2020-11-06,5.383333333333333,4.97,3,2020,11,2020.0
2020-11-07,6.21,6.21,4,2020,11,2020.0
2020-11-08,6.21,6.21,1,2020,11,2020.0
2020-11-09,6.21,6.21,9,2020,11,2020.0
2020-11-10,6.086,5.59,5,2020,11,2020.0
2020-11-11,6.21,6.21,7,2020,11,2020.0
2020-11-12,6.21,6.21,2,2020,11,2020.0
2020-11-13,6.21,6.21,3,2020,11,2020.0
2020-11-14,5.59,4.35,9,2020,11,2020.0
2020-11-15,6.21,6.21,3,2020,11,2020.0
2020-11-16,5.796666666666667,4.97,3,2020,11,2020.0
2020-11-17,4.35,4.35,1,2020,11,2020.0
2020-11-19,6.21,6.21,6,2020,11,2020.0
2020-11-20,6.21,6.21,4,2020,11,2020.0
2020-11-21,6.21,6.21,10,2020,11,2020.0
2020-11-22,6.21,6.21,4,2020,11,2020.0
2020-11-23,5.501428571428571,4.97,7,2020,11,2020.0
2020-11-24,6.21,6.21,4,2020,11,2020.0
2020-11-25,6.21,6.21,6,2020,11,2020.0
2020-11-26,6.21,6.21,11,2020,11,2020.0
2020-11-27,6.21,6.21,3,2020,11,2020.0
2020-11-28,6.21,6.21,7,2020,11,2020.0
2020-11-29,6.21,6.21,9,2020,11,2020.0
2020-11-30,6.21,6.21,5,2020,11,2020.0
2020-12-02,6.21,6.21,2,2020,12,2020.0
2020-12-03,6.21,6.21,5,2020,12,2020.0
2020-12-04,6.21,6.21,4,2020,12,2020.0
2020-12-05,6.21,6.21,4,2020,12,2020.0
2020-12-06,6.21,6.21,6,2020,12,2020.0
2020-12-07,6.21,6.21,3,2020,12,2020.0
2020-12-09,6.21,6.21,7,2020,12,2020.0
2020-12-11,6.21,6.21,1,2020,12,2020.0
2020-12-12,6.21,6.21,8,2020,12,2020.0
2020-12-13,6.21,6.21,1,2020,12,2020.0
2020-12-14,6.21,6.21,8,2020,12,2020.0
2020-12-16,6.21,6.21,5,2020,12,2020.0
2020-12-19,1.1785714285714286,0.93,7,2020,12,2020.0
2020-12-20,6.21,6.21,2,2020,12,2020.0
2020-12-21,6.21,6.21,9,2020,12,2020.0
2020-12-22,6.21,6.21,1,2020,12,2020.0
2020-12-24,5.9,4.97,4,2020,12,2020.0
2020-12-25,4.97,4.97,1,2020,12,2020.0
2020-12-26,6.21,6.21,2,2020,12,2020.0
2020-12-30,6.21,6.21,1,2020,12,2020.0
2020-12-31,6.21,6.21,5,2020,12,2020.0
2021-01-02,6.21,6.21,8,2021,1,2020.0
2021-01-05,6.21,6.21,5,2021,1,2020.0
2021-01-06,6.21,6.21,3,2021,1,2020.0
2021-01-07,6.21,6.21,7,2021,1,2020.0
2021-01-08,6.21,6.21,3,2021,1,2020.0
2021-01-09,6.21,6.21,5,2021,1,2020.0
2021-01-10,6.21,6.21,3,2021,1,2020.0
2021-01-11,5.59,4.97,4,2021,1,2020.0
2021-01-12,6.21,6.21,8,2021,1,2020.0
2021-01-13,6.21,6.21,6,2021,1,2020.0
2021-01-14,5.59,3.73,10,2021,1,2020.0
2021-01-15,6.21,6.21,4,2021,1,2020.0
2021-01-16,2.8,2.49,2,2021,1,2020.0
2021-01-18,5.486666666666667,4.35,6,2021,1,2020.0
2021-01-20,2.482,1.86,5,2021,1,2020.0
2021-01-21,1.68,0.25,2,2021,1,2020.0
2021-01-22,0.8483333333333333,0.62,6,2021,1,2020.0
2021-01-23,5.796666666666667,4.97,3,2021,1,2020.0
2021-01-24,6.21,6.21,5,2021,1,2020.0
2021-01-25,6.21,6.21,1,2021,1,2020.0
2021-01-26,6.21,6.21,2,2021,1,2020.0
2021-01-27,6.21,6.21,8,2021,1,2020.0
2021-01-28,5.218,4.97,5,2021,1,2020.0
2021-01-29,6.21,6.21,1,2021,1,2020.0
2021-01-31,1.24,1.24,1,2021,1,2020.0
2021-02-01,6.21,6.21,6,2021,2,2020.0
2021-02-02,6.21,6.21,7,2021,2,2020.0
2021-02-03,6.21,6.21,1,2021,2,2020.0
2021-02-05,2.49,2.49,1,2021,2,2020.0
2021-02-06,0.88,0.75,7,2021,2,2020.0
2021-02-07,3.11,3.11,1,2021,2,2020.0
2021-02-08,2.8,2.49,2,2021,2,2020.0
2021-02-10,6.21,6.21,3,2021,2,2020.0
2021-02-11,6.21,6.21,9,2021,2,2020.0
2021-02-12,6.21,6.21,2,2021,2,2020.0
2021-02-13,6.21,6.21,7,2021,2,2020.0
2021-02-14,6.21,6.21,3,2021,2,2020.0
2021-02-15,5.465999999999999,4.97,5,2021,2,2020.0
2021-02-16,6.21,6.21,3,2021,2,2020.0
2021-02-17,1.18,0.75,3,2021,2,2020.0
2021-02-18,0.19,0.19,1,2021,2,2020.0
2021-02-19,0.4,0.37,2,2021,2,2020.0
2021-02-20,3.3579999999999997,3.11,5,2021,2,2020.0
2021-02-21,3.623333333333333,0.93,3,2021,2,2020.0
2021-02-22,6.21,6.21,11,2021,2,2020.0
2021-02-23,6.21,6.21,11,2021,2,2020.0
2021-02-24,1.5133333333333334,0.75,6,2021,2,2020.0
2021-02-25,0.808,0.5,5,2021,2,2020.0
2021-02-26,0.70625,0.31,8,2021,2,2020.0
2021-02-27,0.84,0.62,4,2021,2,2020.0
2021-02-28,4.66,3.73,4,2021,2,2020.0
2021-03-01,6.21,6.21,6,2021,3,2020.0
2021-03-02,2.49,2.49,1,2021,3,2020.0
2021-03-03,5.218,4.97,5,2021,3,2020.0
2021-03-04,6.21,6.21,5,2021,3,2020.0
2021-03-05,6.21,6.21,2,2021,3,2020.0
2021-03-06,6.21,6.21,1,2021,3,2020.0
2021-03-08,6.1066666666666665,5.59,6,2021,3,2020.0
2021-03-09,6.21,6.21,2,2021,3,2020.0
2021-03-10,6.21,6.21,5,2021,3,2020.0
2021-03-11,6.21,6.21,6,2021,3,2020.0
2021-03-12,6.21,6.21,2,2021,3,2020.0
2021-03-13,1.3157142857142858,0.5,7,2021,3,2020.0
2021-03-14,0.6316666666666667,0.37,6,2021,3,2020.0
2021-03-15,1.24,1.24,2,2021,3,2020.0
2021-03-16,3.73,3.11,3,2021,3,2020.0
2021-03-17,3.936666666666666,3.11,3,2021,3,2020.0
2021-03-18,3.5233333333333334,3.11,3,2021,3,2020.0
2021-03-19,6.21,6.21,4,2021,3,2020.0
2021-03-20,6.21,6.21,6,2021,3,2020.0
2021-03-21,6.21,6.21,4,2021,3,2020.0
2021-03-22,6.21,6.21,7,2021,3,2020.0
2021-03-23,6.21,6.21,8,2021,3,2020.0
2021-03-24,3.106,1.24,5,2021,3,2020.0
2021-03-26,6.21,6.21,3,2021,3,2020.0
2021-03-27,5.279999999999999,4.97,4,2021,3,2020.0
2021-03-28,0.8699999999999999,0.31,5,2021,3,2020.0
2021-03-29,0.16749999999999998,0.12,4,2021,3,2020.0
2021-03-30,0.385,0.37,4,2021,3,2020.0
2021-03-31,1.0575,0.93,4,2021,3,2020.0
2021-04-01,4.226,3.73,5,2021,4,
2021-04-02,6.21,6.21,2,2021,4,
2021-04-03,6.21,6.21,1,2021,4,
2021-04-04,5.383333333333333,4.97,3,2021,4,
2021-04-06,6.21,6.21,3,2021,4,
2021-04-07,6.21,6.21,5,2021,4,
2021-04-08,6.21,6.21,2,2021,4,
2021-04-09,6.21,6.21,2,2021,4,
2021-04-10,6.21,6.21,2,2021,4,
2021-04-11,6.21,6.21,2,2021,4,
2021-04-12,5.714,3.73,5,2021,4,
2021-04-13,5.796666666666667,4.97,6,2021,4,
2021-04-14,6.21,6.21,9,2021,4,
2021-04-15,6.21,6.21,6,2021,4,
2021-04-18,6.21,6.21,3,2021,4,
2021-04-19,6.21,6.21,2,2021,4,
2021-04-20,6.21,6.21,2,2021,4,
2021-04-21,6.21,6.21,3,2021,4,
2021-04-22,6.21,6.21,3,2021,4,
2021-04-23,6.21,6.21,4,2021,4,
2021-04-24,6.21,6.21,3,2021,4,
2021-04-25,6.21,6.21,5,2021,4,
2021-04-26,6.21,6.21,1,2021,4,
2021-04-27,6.21,6.21,2,2021,4,
2021-04-28,6.21,6.21,5,2021,4,
2021-04-29,6.21,6.21,2,2021,4,
2021-04-30,6.21,6.21,5,2021,4,
2021-05-01,6.21,6.21,7,2021,5,
2021-05-02,6.21,6.21,3,2021,5,
2021-05-04,6.21,6.21,4,2021,5,
2021-05-05,6.21,6.21,2,2021,5,
2021-05-06,6.072222222222222,4.97,9,2021,5,
2021-05-07,6.21,6.21,3,2021,5,
2021-05-09,6.21,6.21,3,2021,5,
2021-05-10,6.21,6.21,7,2021,5,
2021-05-11,6.21,6.21,6,2021,5,
2021-05-12,6.21,6.21,5,2021,5,
2021-05-13,6.21,6.21,2,2021,5,
2021-05-14,6.21,6.21,3,2021,5,
2021-05-15,6.21,6.21,2,2021,5,
2021-05-16,6.21,6.21,4,2021,5,
2021-05-17,6.21,6.21,5,2021,5,
2021-05-18,6.21,6.21,6,2021,5,
2021-05-19,6.21,6.21,5,2021,5,
2021-05-20,6.21,6.21,1,2021,5,
2021-05-21,6.21,6.21,9,2021,5,
2021-05-22,6.21,6.21,4,2021,5,
2021-05-23,6.21,6.21,3,2021,5,
2021-05-24,6.21,6.21,3,2021,5,
2021-05-28,6.21,6.21,2,2021,5,
2021-05-29,6.21,6.21,1,2021,5,
2021-05-30,6.21,6.21,1,2021,5,
2021-05-31,6.21,6.21,9,2021,5,
2021-06-01,6.21,6.21,8,2021,6,
2021-06-02,6.21,6.21,3,2021,6,
2021-06-07,6.21,6.21,5,2021,6,
2021-06-09,6.21,6.21,2,2021,6,
2021-06-10,6.21,6.21,2,2021,6,
2021-06-11,6.21,6.21,5,2021,6,
2021-06-12,6.21,6.21,1,2021,6,
2021-06-13,6.21,6.21,3,2021,6,
2021-06-14,6.21,6.21,4,2021,6,
2021-06-15,6.21,6.21,3,2021,6,
2021-06-16,6.21,6.21,3,2021,6,
2021-06-17,6.21,6.21,2,2021,6,
2021-06-22,6.21,6.21,2,2021,6,
2021-07-02,6.21,6.21,1,2021,7,
2021-07-07,6.21,6.21,1,2021,7,
2021-07-12,6.21,6.21,3,2021,7,
2021-07-25,6.21,6.21,1,2021,7,
2021-07-27,6.21,6.21,1,2021,7,
2021-07-29,6.21,6.21,1,2021,7,
2021-07-31,6.21,6.21,1,2021,7,
2021-08-05,6.21,6.21,1,2021,8,
2021-08-06,6.21,6.21,2,2021,8,
2021-08-07,6.21,6.21,2,2021,8,
2021-08-08,6.21,6.21,4,2021,8,
2021-08-10,6.21,6.21,1,2021,8,
2021-08-13,6.21,6.21,2,2021,8,
2021-08-16,6.21,6.21,3,2021,8,
2021-08-17,6.21,6.21,1,2021,8,
2021-08-18,5.59,4.97,2,2021,8,
2021-08-20,6.21,6.21,2,2021,8,
2021-08-21,6.21,6.21,3,2021,8,
2021-08-23,6.21,6.21,4,2021,8,
2021-08-24,6.21,6.21,3,2021,8,
2021-08-25,6.21,6.21,6,2021,8,
2021-08-26,6.21,6.21,1,2021,8,
2021-08-27,5.59,4.97,2,2021,8,
2021-08-28,6.21,6.21,5,2021,8,
2021-08-31,6.21,6.21,3,2021,8,
2021-09-01,6.21,6.21,5,2021,9,
2021-09-03,6.21,6.21,1,2021,9,
2021-09-04,6.21,6.21,2,2021,9,
2021-09-05,6.21,6.21,4,2021,9,
2021-09-06,6.21,6.21,6,2021,9,
2021-09-08,5.855714285714286,3.73,7,2021,9,
2021-09-09,6.21,6.21,3,2021,9,
2021-09-10,6.21,6.21,2,2021,9,
2021-09-12,6.21,6.21,4,2021,9,
2021-09-13,6.21,6.21,1,2021,9,
2021-09-16,6.21,6.21,2,2021,9,
2021-09-20,6.21,6.21,1,2021,9,
2021-09-22,6.21,6.21,1,2021,9,
2021-09-23,6.21,6.21,1,2021,9,
2021-09-24,6.21,6.21,2,2021,9,
2021-09-25,6.21,6.21,1,2021,9,
2021-09-27,6.21,6.21,3,2021,9,
2021-09-28,6.21,6.21,1,2021,9,
2021-09-29,6.21,6.21,3,2021,9,
2021-09-30,6.21,6.21,4,2021,9,
2021-10-01,6.21,6.21,2,2021,10,
2021-10-03,6.21,6.21,1,2021,10,
2021-10-05,6.21,6.21,1,2021,10,
2021-10-08,6.21,6.21,3,2021,10,
2021-10-09,6.21,6.21,1,2021,10,
2021-10-10,6.21,6.21,10,2021,10,
2021-10-12,6.21,6.21,1,2021,10,
2021-10-13,6.21,6.21,1,2021,10,
2021-10-15,6.21,6.21,2,2021,10,
2021-10-17,6.21,6.21,1,2021,10,
2021-10-19,6.21,6.21,1,2021,10,
2021-10-21,6.21,6.21,1,2021,10,
2021-10-22,6.21,6.21,2,2021,10,
2021-10-25,6.21,6.21,3,2021,10,
2021-10-26,6.21,6.21,1,2021,10,
2021-10-27,6.21,6.21,2,2021,10,
2021-10-28,6.21,6.21,4,2021,10,
2021-10-29,6.21,6.21,1,2021,10,
2021-11-01,6.21,6.21,1,2021,11,2021.0
2021-11-02,5.796666666666667,4.97,3,2021,11,2021.0
2021-11-03,6.21,6.21,1,2021,11,2021.0
2021-11-04,6.21,6.21,5,2021,11,2021.0
2021-11-05,6.21,6.21,1,2021,11,2021.0
2021-11-09,6.21,6.21,5,2021,11,2021.0
2021-11-14,6.21,6.21,4,2021,11,2021.0
2021-11-15,3.11,3.11,1,2021,11,2021.0
2021-11-17,6.21,6.21,1,2021,11,2021.0
2021-11-18,6.21,6.21,2,2021,11,2021.0
2021-11-21,6.21,6.21,1,2021,11,2021.0
2021-11-24,6.21,6.21,2,2021,11,2021.0
2021-11-27,6.21,6.21,1,2021,11,2021.0
2021-11-29,6.21,6.21,4,2021,11,2021.0
2021-12-02,6.21,6.21,1,2021,12,2021.0
2021-12-04,3.978,2.49,5,2021,12,2021.0
2021-12-06,4.97,4.97,2,2021,12,2021.0
2021-12-09,3.5749999999999997,3.11,4,2021,12,2021.0
2021-12-10,1.24,1.24,1,2021,12,2021.0
2021-12-14,6.21,6.21,5,2021,12,2021.0
2021-12-20,4.97,4.97,1,2021,12,2021.0
2021-12-21,2.49,2.49,1,2021,12,2021.0
2021-12-24,6.21,6.21,6,2021,12,2021.0
2021-12-29,6.21,6.21,2,2021,12,2021.0
2022-01-02,6.21,6.21,1,2022,1,2021.0
2022-01-03,1.55,1.55,1,2022,1,2021.0
2022-01-13,6.21,6.21,1,2022,1,2021.0
2022-01-27,0.7150000000000001,0.5,2,2022,1,2021.0
2022-01-28,0.534,0.43,5,2022,1,2021.0
2022-01-30,1.24,1.24,1,2022,1,2021.0
2022-02-01,1.86,1.86,1,2022,2,2021.0
2022-02-02,1.6740000000000002,0.93,5,2022,2,2021.0
2022-02-05,,,0,2022,2,2021.0
2022-02-07,0.8175,0.75,8,2022,2,2021.0
2022-02-08,1.86,1.86,1,2022,2,2021.0
2022-02-10,4.1433333333333335,3.11,3,2022,2,2021.0
2022-02-11,6.21,6.21,4,2022,2,2021.0
2022-02-12,4.97,3.73,8,2022,2,2021.0
2022-02-14,6.21,6.21,2,2022,2,2021.0
2022-02-15,6.032857142857142,4.97,7,2022,2,2021.0
2022-02-16,6.21,6.21,5,2022,2,2021.0
2022-02-17,6.21,6.21,3,2022,2,2021.0
2022-02-18,6.21,6.21,10,2022,2,2021.0
2022-02-21,0.62,0.62,6,2022,2,2021.0
2022-02-22,4.97,4.97,2,2022,2,2021.0
2022-02-23,6.21,6.21,6,2022,2,2021.0
2022-02-25,4.97,3.73,2,2022,2,2021.0
2022-02-26,2.695,1.24,6,2022,2,2021.0
2022-02-27,4.5825,3.73,8,2022,2,2021.0
2022-02-28,6.21,6.21,1,2022,2,2021.0
2022-03-01,6.21,6.21,5,2022,3,2021.0
2022-03-02,4.97,4.97,2,2022,3,2021.0
2022-03-03,6.21,6.21,4,2022,3,2021.0
2022-03-04,6.21,6.21,4,2022,3,2021.0
2022-03-05,6.21,6.21,1,2022,3,2021.0
2022-03-07,6.21,6.21,2,2022,3,2021.0
2022-03-08,6.21,6.21,4,2022,3,2021.0
2022-03-09,6.21,6.21,4,2022,3,2021.0
2022-03-10,2.7380000000000004,2.49,5,2022,3,2021.0
2022-03-11,1.12,1.12,1,2022,3,2021.0
2022-03-14,2.7975,2.17,4,2022,3,2021.0
2022-03-15,3.106666666666667,0.62,3,2022,3,2021.0
2022-03-16,0.3457142857142857,0.31,7,2022,3,2021.0
2022-03-18,1.216,0.5,5,2022,3,2021.0
2022-03-20,4.97,4.97,2,2022,3,2021.0
2022-03-21,4.97,4.97,1,2022,3,2021.0
2022-03-23,2.2800000000000002,1.86,3,2022,3,2021.0
2022-03-24,0.8483333333333333,0.5,6,2022,3,2021.0
2022-03-25,0.8220000000000001,0.62,5,2022,3,2021.0
2022-03-27,0.5,0.5,1,2022,3,2021.0
2022-03-28,0.9,0.87,2,2022,3,2021.0
2022-03-29,0.93,0.93,5,2022,3,2021.0
2022-03-30,1.7850000000000001,0.93,4,2022,3,2021.0
2022-04-01,6.21,6.21,3,2022,4,
2022-04-02,6.21,6.21,1,2022,4,
2022-04-03,6.21,6.21,2,2022,4,
2022-04-05,6.21,6.21,1,2022,4,
2022-04-11,6.21,6.21,1,2022,4,
2022-04-13,6.21,6.21,1,2022,4,
2022-04-30,6.21,6.21,1,2022,4,
2022-05-08,6.21,6.21,1,2022,5,
2022-05-13,6.21,6.21,1,2022,5,
2022-05-14,6.21,6.21,1,2022,5,
2022-06-03,6.21,6.21,1,2022,6,
2022-06-12,6.21,6.21,1,2022,6,
2022-06-13,6.21,6.21,1,2022,6,
2022-06-17,6.21,6.21,1,2022,6,
2022-06-22,6.21,6.21,2,2022,6,
2022-06-23,6.21,6.21,1,2022,6,
2022-06-26,6.21,6.21,1,2022,6,
2022-06-27,6.21,6.21,2,2022,6,
2022-06-28,6.21,6.21,2,2022,6,
2022-06-29,6.21,6.21,1,2022,6,
2022-07-02,6.21,6.21,2,2022,7,
2022-07-03,6.21,6.21,4,2022,7,
2022-07-07,6.21,6.21,3,2022,7,
2022-07-08,6.21,6.21,1,2022,7,
2022-07-09,6.21,6.21,2,2022,7,
2022-07-10,6.21,6.21,2,2022,7,
2022-07-11,6.21,6.21,1,2022,7,
2022-07-13,6.21,6.21,3,2022,7,
2022-07-14,6.21,6.21,2,2022,7,
2022-07-15,6.21,6.21,2,2022,7,
2022-07-17,6.21,6.21,2,2022,7,
2022-08-03,6.21,6.21,2,2022,8,
2022-08-06,6.21,6.21,1,2022,8,
2022-08-07,6.21,6.21,2,2022,8,
2022-08-10,6.21,6.21,1,2022,8,
2022-08-13,6.21,6.21,2,2022,8,
2022-08-21,6.21,6.21,2,2022,8,
2022-08-23,6.21,6.21,2,2022,8,
2022-08-26,6.21,6.21,2,2022,8,
2022-09-01,6.21,6.21,1,2022,9,
2022-09-20,6.21,6.21,1,2022,9,
2022-09-21,6.21,6.21,1,2022,9,
2022-09-25,6.21,6.21,1,2022,9,
2022-09-28,6.21,6.21,3,2022,9,
2022-10-01,6.21,6.21,1,2022,10,
2022-10-02,6.21,6.21,4,2022,10,
2022-10-05,6.21,6.21,2,2022,10,
2022-10-06,6.21,6.21,2,2022,10,
2022-10-07,6.21,6.21,2,2022,10,
2022-10-08,6.21,6.21,1,2022,10,
2022-10-09,6.21,6.21,4,2022,10,
2022-10-10,6.21,6.21,3,2022,10,
2022-10-11,6.21,6.21,3,2022,10,
2022-10-12,4.97,4.97,3,2022,10,
2022-10-15,6.21,6.21,3,2022,10,
2022-10-17,6.21,6.21,1,2022,10,
2022-10-23,6.21,6.21,3,2022,10,
2022-10-24,5.383333333333333,4.97,3,2022,10,
2022-10-25,4.04,3.11,2,2022,10,
2022-10-26,3.73,3.73,1,2022,10,
2022-10-31,6.21,6.21,5,2022,10,
2022-11-01,6.21,6.21,11,2022,11,2022.0
2022-11-02,6.21,6.21,1,2022,11,2022.0
2022-11-04,5.093999999999999,4.35,5,2022,11,2022.0
2022-11-05,4.226,3.73,5,2022,11,2022.0
2022-11-09,6.21,6.21,1,2022,11,2022.0
2022-11-10,6.21,6.21,4,2022,11,2022.0
2022-11-11,6.21,6.21,5,2022,11,2022.0
2022-11-13,6.21,6.21,4,2022,11,2022.0
2022-11-14,6.21,6.21,3,2022,11,2022.0
2022-11-16,6.21,6.21,7,2022,11,2022.0
2022-11-17,5.962,4.97,10,2022,11,2022.0
2022-11-18,6.21,6.21,9,2022,11,2022.0
2022-11-19,6.21,6.21,13,2022,11,2022.0
2022-11-20,6.21,6.21,12,2022,11,2022.0
2022-11-21,6.21,6.21,11,2022,11,2022.0
2022-11-22,6.21,6.21,4,2022,11,2022.0
2022-11-23,6.21,6.21,7,2022,11,2022.0
2022-11-24,4.97,4.35,4,2022,11,2022.0
2022-11-25,6.21,6.21,2,2022,11,2022.0
2022-11-26,5.9,4.97,8,2022,11,2022.0
2022-11-27,6.21,6.21,3,2022,11,2022.0
2022-11-28,6.21,6.21,1,2022,11,2022.0
2022-12-01,6.21,6.21,2,2022,12,2022.0
2022-12-02,6.21,6.21,3,2022,12,2022.0
2022-12-08,4.97,4.97,1,2022,12,2022.0
2022-12-09,6.21,6.21,4,2022,12,2022.0
2022-12-10,4.226,3.11,5,2022,12,2022.0
2022-12-11,6.21,6.21,3,2022,12,2022.0
2022-12-13,6.21,6.21,2,2022,12,2022.0
2022-12-14,6.21,6.21,5,2022,12,2022.0
2022-12-15,6.21,6.21,4,2022,12,2022.0
2022-12-16,6.21,6.21,8,2022,12,2022.0
2022-12-17,6.21,6.21,7,2022,12,2022.0
2022-12-18,6.21,6.21,9,2022,12,2022.0
2022-12-19,6.21,6.21,10,2022,12,2022.0
2022-12-20,6.21,6.21,7,2022,12,2022.0
2022-12-21,6.21,6.21,7,2022,12,2022.0
2022-12-22,5.714,4.97,5,2022,12,2022.0
2022-12-23,4.293636363636363,3.11,11,2022,12,2022.0
2022-12-24,5.412857142857143,3.73,7,2022,12,2022.0
2022-12-25,4.195,3.11,4,2022,12,2022.0
2022-12-26,2.8725,1.86,4,2022,12,2022.0
2022-12-27,2.49,2.49,1,2022,12,2022.0
2022-12-28,1.2000000000000002,1.12,9,2022,12,2022.0
2022-12-29,1.195,1.12,8,2022,12,2022.0
2022-12-30,1.316,1.12,5,2022,12,2022.0
2022-12-31,1.168,1.12,5,2022,12,2022.0
2023-01-01,1.1985714285714286,1.12,7,2023,1,2022.0
2023-01-02,0.8150000000000001,0.62,8,2023,1,2022.0
2023-01-03,0.795,0.75,4,2023,1,2022.0
2023-01-04,0.87,0.75,2,2023,1,2022.0
2023-01-05,0.75,0.75,4,2023,1,2022.0
2023-01-06,1.085,0.93,2,2023,1,2022.0
2023-01-08,6.21,6.21,6,2023,1,2022.0
2023-01-09,6.121428571428572,5.59,7,2023,1,2022.0
2023-01-11,2.17,2.17,1,2023,1,2022.0
2023-01-12,4.8925,4.35,8,2023,1,2022.0
2023-01-13,5.944285714285714,5.59,7,2023,1,2022.0
2023-01-14,4.659999999999999,4.35,10,2023,1,2022.0
2023-01-15,6.21,6.21,6,2023,1,2022.0
2023-01-16,6.21,6.21,3,2023,1,2022.0
2023-01-17,6.21,6.21,10,2023,1,2022.0
2023-01-18,6.21,6.21,8,2023,1,2022.0
2023-01-19,6.21,6.21,6,2023,1,2022.0
2023-01-20,6.21,6.21,7,2023,1,2022.0
2023-01-21,6.21,6.21,1,2023,1,2022.0
2023-01-22,6.21,6.21,8,2023,1,2022.0
2023-01-23,6.21,6.21,4,2023,1,2022.0
2023-01-24,6.21,6.21,9,2023,1,2022.0
2023-01-25,6.21,6.21,2,2023,1,2022.0
2023-01-26,6.21,6.21,4,2023,1,2022.0
2023-01-27,6.21,6.21,6,2023,1,2022.0
2023-01-28,6.21,6.21,1,2023,1,2022.0
2023-01-29,6.21,6.21,6,2023,1,2022.0
2023-01-30,6.21,6.21,3,2023,1,2022.0
2023-01-31,6.21,6.21,2,2023,1,2022.0
2023-02-01,6.21,6.21,6,2023,2,2022.0
2023-02-02,6.21,6.21,10,2023,2,2022.0
2023-02-03,1.076,0.62,10,2023,2,2022.0
2023-02-04,0.87,0.87,2,2023,2,2022.0
2023-02-06,4.615714285714285,4.35,7,2023,2,2022.0
2023-02-07,4.8925,4.35,8,2023,2,2022.0
2023-02-08,4.35,4.35,2,2023,2,2022.0
2023-02-09,4.97,4.97,1,2023,2,2022.0
2023-02-10,6.21,6.21,1,2023,2,2022.0
2023-02-11,6.21,6.21,1,2023,2,2022.0
2023-02-12,4.881428571428572,3.11,7,2023,2,2022.0
2023-02-13,6.21,6.21,1,2023,2,2022.0
2023-02-14,6.21,6.21,3,2023,2,2022.0
2023-02-15,2.485,1.86,2,2023,2,2022.0
2023-02-16,0.22999999999999998,0.19,6,2023,2,2022.0
2023-02-17,0.43857142857142856,0.31,14,2023,2,2022.0
2023-02-18,0.3727272727272727,0.25,11,2023,2,2022.0
2023-02-19,1.2366666666666666,0.62,12,2023,2,2022.0
2023-02-20,0.93,0.93,1,2023,2,2022.0
2023-02-21,1.51,1.43,3,2023,2,2022.0
2023-02-22,2.893,2.49,10,2023,2,2022.0
2023-02-23,4.8149999999999995,3.73,8,2023,2,2022.0
2023-02-24,6.21,6.21,2,2023,2,2022.0
2023-02-25,6.21,6.21,1,2023,2,2022.0
2023-02-27,6.21,6.21,3,2023,2,2022.0
2023-02-28,6.21,6.21,3,2023,2,2022.0
2023-03-01,6.21,6.21,9,2023,3,2022.0
2023-03-02,6.21,6.21,7,2023,3,2022.0
2023-03-03,6.21,6.21,8,2023,3,2022.0
2023-03-04,6.21,6.21,2,2023,3,2022.0
2023-03-06,6.21,6.21,4,2023,3,2022.0
2023-03-07,6.21,6.21,7,2023,3,2022.0
2023-03-08,6.21,6.21,2,2023,3,2022.0
2023-03-09,6.21,6.21,5,2023,3,2022.0
2023-03-10,6.21,6.21,4,2023,3,2022.0
2023-03-11,6.21,6.21,13,2023,3,2022.0
2023-03-12,6.21,6.21,1,2023,3,2022.0
2023-03-13,6.21,6.21,1,2023,3,2022.0
2023-03-14,6.21,6.21,4,2023,3,2022.0
2023-03-16,6.21,6.21,2,2023,3,2022.0
2023-03-23,6.21,6.21,4,2023,3,2022.0
2023-03-24,6.21,6.21,4,2023,3,2022.0
2023-03-26,6.21,6.21,1,2023,3,2022.0
2023-03-27,1.24,1.24,1,2023,3,2022.0
2023-03-28,2.485,1.55,6,2023,3,2022.0
2023-03-29,6.003333333333333,4.97,6,2023,3,2022.0
2023-03-30,6.21,6.21,4,2023,3,2022.0
2023-03-31,2.9714285714285715,1.24,7,2023,3,2022.0
2023-04-01,1.22,1.12,6,2023,4,
2023-04-02,2.79875,1.86,8,2023,4,
2023-04-03,4.97,4.97,1,2023,4,
2023-04-04,6.21,6.21,1,2023,4,
2023-04-05,6.21,6.21,4,2023,4,
2023-04-07,6.21,6.21,4,2023,4,
2023-04-08,6.21,6.21,3,2023,4,
2023-04-12,1.3949999999999998,1.24,6,2023,4,
2023-04-13,4.97,4.97,1,2023,4,
2023-04-14,0.8200000000000001,0.37,4,2023,4,
2023-04-15,1.4725000000000001,1.24,4,2023,4,
2023-04-16,4.97,4.97,4,2023,4,
2023-04-19,6.21,6.21,2,2023,4,
2023-04-20,6.21,6.21,1,2023,4,
2023-04-21,6.21,6.21,3,2023,4,
2023-04-22,6.21,6.21,5,2023,4,
2023-04-23,6.21,6.21,2,2023,4,
2023-04-24,6.21,6.21,2,2023,4,
2023-04-25,6.21,6.21,1,2023,4,
2023-04-26,6.21,6.21,2,2023,4,
2023-04-27,6.21,6.21,7,2023,4,
2023-04-28,6.21,6.21,1,2023,4,
2023-04-29,6.21,6.21,6,2023,4,
2023-04-30,6.21,6.21,6,2023,4,
2023-05-01,6.21,6.21,1,2023,5,
2023-05-02,6.21,6.21,6,2023,5,
2023-05-03,6.21,6.21,1,2023,5,
2023-05-05,6.21,6.21,7,2023,5,
2023-05-06,6.21,6.21,6,2023,5,
2023-05-07,6.21,6.21,5,2023,5,
2023-05-08,6.21,6.21,6,2023,5,
2023-05-11,6.21,6.21,2,2023,5,
2023-05-12,4.97,4.97,1,2023,5,
2023-05-13,6.21,6.21,1,2023,5,
2023-05-14,6.21,6.21,2,2023,5,
2023-05-15,6.21,6.21,4,2023,5,
2023-05-16,5.59,5.59,1,2023,5,
2023-05-17,6.21,6.21,1,2023,5,
2023-05-18,6.21,6.21,1,2023,5,
2023-05-20,6.21,6.21,1,2023,5,
2023-05-21,6.21,6.21,2,2023,5,
2023-05-22,6.21,6.21,3,2023,5,
2023-05-23,6.21,6.21,8,2023,5,
2023-05-24,6.21,6.21,12,2023,5,
2023-05-25,6.21,6.21,6,2023,5,
2023-05-26,6.21,6.21,8,2023,5,
2023-05-27,6.21,6.21,6,2023,5,
2023-05-28,6.21,6.21,8,2023,5,
2023-05-29,6.21,6.21,1,2023,5,
2023-05-30,6.21,6.21,7,2023,5,
2023-05-31,6.21,6.21,5,2023,5,
2023-06-01,6.21,6.21,7,2023,6,
2023-06-02,6.21,6.21,10,2023,6,
2023-06-03,6.21,6.21,5,2023,6,
2023-06-05,6.21,6.21,8,2023,6,
2023-06-06,6.21,6.21,4,2023,6,
2023-06-07,6.21,6.21,10,2023,6,
2023-06-08,6.21,6.21,10,2023,6,
2023-06-09,6.21,6.21,10,2023,6,
2023-06-10,6.21,6.21,4,2023,6,
2023-06-11,6.21,6.21,7,2023,6,
2023-06-12,6.21,6.21,1,2023,6,
2023-06-13,6.21,6.21,6,2023,6,
2023-06-14,6.21,6.21,2,2023,6,
2023-06-15,6.21,6.21,7,2023,6,
2023-06-17,6.21,6.21,7,2023,6,
2023-06-18,6.21,6.21,7,2023,6,
2023-06-19,6.21,6.21,1,2023,6,
2023-06-20,6.21,6.21,9,2023,6,
2023-06-21,6.21,6.21,8,2023,6,
2023-06-22,6.21,6.21,8,2023,6,
2023-06-23,6.21,6.21,5,2023,6,
2023-06-24,6.21,6.21,8,2023,6,
2023-06-25,6.21,6.21,2,2023,6,
2023-06-27,6.21,6.21,2,2023,6,
2023-06-28,6.21,6.21,1,2023,6,
2023-06-30,5.776,3.73,10,2023,6,
2023-07-01,6.21,6.21,12,2023,7,
2023-07-02,6.21,6.21,2,2023,7,
2023-07-05,6.21,6.21,6,2023,7,
2023-07-06,6.21,6.21,9,2023,7,
2023-07-07,5.934444444444444,3.73,9,2023,7,
2023-07-08,6.21,6.21,5,2023,7,
2023-07-09,6.21,6.21,7,2023,7,
2023-07-10,6.21,6.21,9,2023,7,
2023-07-11,6.21,6.21,11,2023,7,
2023-07-12,6.21,6.21,5,2023,7,
2023-07-13,5.745,4.35,8,2023,7,
2023-07-14,6.21,6.21,11,2023,7,
2023-07-15,6.21,6.21,10,2023,7,
2023-07-16,6.21,6.21,13,2023,7,
2023-07-17,6.21,6.21,3,2023,7,
2023-07-18,6.21,6.21,7,2023,7,
2023-07-19,6.21,6.21,10,2023,7,
2023-07-20,6.21,6.21,11,2023,7,
2023-07-21,6.21,6.21,7,2023,7,
2023-07-22,6.21,6.21,3,2023,7,
2023-07-25,6.21,6.21,5,2023,7,
2023-07-26,6.21,6.21,10,2023,7,
2023-07-27,6.21,6.21,7,2023,7,
2023-07-28,6.21,6.21,1,2023,7,
2023-07-29,6.21,6.21,6,2023,7,
2023-07-30,6.21,6.21,10,2023,7,
2023-07-31,6.21,6.21,14,2023,7,
2023-08-01,6.21,6.21,4,2023,8,
2023-08-02,6.21,6.21,4,2023,8,
2023-08-03,6.21,6.21,3,2023,8,
2023-08-04,6.21,6.21,3,2023,8,
2023-08-05,6.21,6.21,12,2023,8,
2023-08-06,6.21,6.21,10,2023,8,
2023-08-07,6.21,6.21,8,2023,8,
2023-08-08,6.21,6.21,9,2023,8,
2023-08-09,6.21,6.21,9,2023,8,
2023-08-10,6.21,6.21,2,2023,8,
2023-08-11,5.176666666666667,3.73,6,2023,8,
2023-08-12,6.21,6.21,11,2023,8,
2023-08-13,6.21,6.21,9,2023,8,
2023-08-14,6.21,6.21,13,2023,8,
2023-08-15,6.21,6.21,10,2023,8,
2023-08-16,6.21,6.21,4,2023,8,
2023-08-17,6.21,6.21,5,2023,8,
2023-08-18,6.21,6.21,11,2023,8,
2023-08-19,6.21,6.21,7,2023,8,
2023-08-20,6.21,6.21,12,2023,8,
2023-08-21,6.21,6.21,13,2023,8,
2023-08-22,6.21,6.21,7,2023,8,
2023-08-23,6.21,6.21,5,2023,8,
2023-08-24,6.21,6.21,9,2023,8,
2023-08-25,6.21,6.21,6,2023,8,
2023-08-26,6.21,6.21,10,2023,8,
2023-08-27,5.176666666666667,3.11,3,2023,8,
2023-08-28,6.21,6.21,4,2023,8,
2023-08-29,6.21,6.21,4,2023,8,
2023-08-30,5.59,3.11,11,2023,8,
2023-08-31,6.21,6.21,3,2023,8,
2023-09-01,6.114615384615385,4.97,13,2023,9,
2023-09-02,6.003333333333333,4.97,12,2023,9,
2023-09-03,6.21,6.21,8,2023,9,
2023-09-05,6.21,6.21,4,2023,9,
2023-09-06,6.21,6.21,7,2023,9,
2023-09-07,5.59,3.11,5,2023,9,
2023-09-08,6.21,6.21,3,2023,9,
2023-09-09,6.21,6.21,3,2023,9,
2023-09-10,6.21,6.21,8,2023,9,
2023-09-11,6.21,6.21,7,2023,9,
2023-09-12,6.21,6.21,5,2023,9,
2023-09-13,6.21,6.21,2,2023,9,
2023-09-14,6.21,6.21,3,2023,9,
2023-09-15,6.21,6.21,8,2023,9,
2023-09-16,6.21,6.21,5,2023,9,
2023-09-17,6.21,6.21,11,2023,9,
2023-09-18,6.21,6.21,5,2023,9,
2023-09-19,6.21,6.21,1,2023,9,
2023-09-22,6.21,6.21,4,2023,9,
2023-09-23,6.055,4.35,12,2023,9,
2023-09-24,6.21,6.21,9,2023,9,
2023-09-25,6.21,6.21,2,2023,9,
2023-09-26,6.21,6.21,1,2023,9,
2023-09-27,6.21,6.21,4,2023,9,
2023-09-28,6.21,6.21,5,2023,9,
2023-09-29,6.21,6.21,3,2023,9,
2023-09-30,6.21,6.21,6,2023,9,
2023-10-03,2.8,2.49,2,2023,10,
2023-10-04,1.7100000000000002,0.93,2,2023,10,
2023-10-05,0.8477777777777779,0.62,9,2023,10,
2023-10-06,1.3050000000000002,0.75,2,2023,10,
2023-10-07,5.589999999999999,3.11,14,2023,10,
2023-10-08,6.21,6.21,8,2023,10,
2023-10-09,4.453333333333333,3.11,6,2023,10,
2023-10-10,5.837999999999999,4.35,5,2023,10,
2023-10-11,6.21,6.21,7,2023,10,
2023-10-12,6.21,6.21,4,2023,10,
2023-10-13,4.97,4.97,6,2023,10,
2023-10-14,5.796666666666667,4.97,3,2023,10,
2023-10-15,6.21,6.21,4,2023,10,
2023-10-16,6.21,6.21,1,2023,10,
2023-10-17,6.21,6.21,1,2023,10,
2023-10-18,6.21,6.21,3,2023,10,
2023-10-19,6.21,6.21,8,2023,10,
2023-10-20,6.21,6.21,12,2023,10,
2023-10-21,6.21,6.21,3,2023,10,
2023-10-24,6.21,6.21,8,2023,10,
2023-10-25,6.21,6.21,14,2023,10,
2023-10-26,6.21,6.21,13,2023,10,
2023-10-27,6.21,6.21,2,2023,10,
2023-10-28,6.21,6.21,1,2023,10,
2023-10-29,6.21,6.21,7,2023,10,
2023-10-30,6.21,6.21,8,2023,10,
2023-10-31,5.701818181818182,0.62,11,2023,10,
2023-11-01,6.21,6.21,5,2023,11,2023.0
2023-11-02,6.21,6.21,3,2023,11,2023.0
2023-11-03,0.93,0.93,2,2023,11,2023.0
2023-11-04,6.21,6.21,4,2023,11,2023.0
2023-11-05,6.21,6.21,10,2023,11,2023.0
2023-11-06,6.21,6.21,5,2023,11,2023.0
2023-11-07,6.21,6.21,2,2023,11,2023.0
2023-11-08,6.21,6.21,1,2023,11,2023.0
2023-11-09,6.21,6.21,3,2023,11,2023.0
2023-11-10,6.21,6.21,7,2023,11,2023.0
2023-11-11,6.21,6.21,8,2023,11,2023.0
2023-11-12,6.21,6.21,9,2023,11,2023.0
2023-11-13,6.21,6.21,9,2023,11,2023.0
2023-11-14,6.21,6.21,7,2023,11,2023.0
2023-11-15,3.936666666666666,3.73,3,2023,11,2023.0
2023-11-16,5.59,3.11,10,2023,11,2023.0
2023-11-17,6.21,6.21,10,2023,11,2023.0
2023-11-18,5.658888888888889,4.97,9,2023,11,2023.0
2023-11-19,6.21,6.21,8,2023,11,2023.0
2023-11-20,6.21,6.21,7,2023,11,2023.0
2023-11-21,5.218,4.35,5,2023,11,2023.0
2023-11-22,3.4177777777777774,2.17,9,2023,11,2023.0
2023-11-23,4.7375,3.73,8,2023,11,2023.0
2023-11-24,5.093999999999999,4.35,10,2023,11,2023.0
2023-11-25,6.21,6.21,9,2023,11,2023.0
2023-11-26,5.701818181818182,0.62,11,2023,11,2023.0
2023-11-27,6.21,6.21,11,2023,11,2023.0
2023-11-28,6.21,6.21,15,2023,11,2023.0
2023-11-29,6.21,6.21,12,2023,11,2023.0
2023-11-30,6.21,6.21,15,2023,11,2023.0
2023-12-01,6.21,6.21,12,2023,12,2023.0
2023-12-02,6.21,6.21,8,2023,12,2023.0
2023-12-03,6.21,6.21,9,2023,12,2023.0
2023-12-04,6.21,6.21,11,2023,12,2023.0
2023-12-05,6.21,6.21,9,2023,12,2023.0
2023-12-06,6.21,6.21,12,2023,12,2023.0
2023-12-07,6.21,6.21,7,2023,12,2023.0
2023-12-08,6.21,6.21,6,2023,12,2023.0
2023-12-10,6.21,6.21,10,2023,12,2023.0
2023-12-11,3.4522222222222223,1.86,9,2023,12,2023.0
2023-12-12,1.700909090909091,0.75,11,2023,12,2023.0
2023-12-13,1.0225,0.93,4,2023,12,2023.0
2023-12-14,1.109,0.93,10,2023,12,2023.0
2023-12-15,2.4857142857142853,1.86,14,2023,12,2023.0
2023-12-16,6.1066666666666665,4.97,12,2023,12,2023.0
2023-12-17,6.21,6.21,9,2023,12,2023.0
2023-12-18,4.918333333333333,4.35,12,2023,12,2023.0
2023-12-19,4.881428571428572,4.35,7,2023,12,2023.0
2023-12-20,6.21,6.21,8,2023,12,2023.0
2023-12-21,6.21,6.21,9,2023,12,2023.0
2023-12-22,1.953,1.12,10,2023,12,2023.0
2023-12-23,5.984545454545454,4.97,11,2023,12,2023.0
2023-12-24,5.160769230769231,4.35,13,2023,12,2023.0
2023-12-25,5.658888888888889,4.35,9,2023,12,2023.0
2023-12-26,5.176666666666667,4.97,6,2023,12,2023.0
2023-12-27,3.11,3.11,1,2023,12,2023.0
2023-12-28,2.886428571428571,1.86,14,2023,12,2023.0
2023-12-29,5.107777777777778,3.11,9,2023,12,2023.0
2023-12-30,4.659999999999999,3.73,14,2023,12,2023.0
2023-12-31,6.21,6.21,9,2023,12,2023.0
2024-01-01,6.21,6.21,6,2024,1,2023.0
2024-01-02,6.21,6.21,15,2024,1,2023.0
2024-01-03,6.21,6.21,12,2024,1,2023.0
2024-01-04,6.21,6.21,9,2024,1,2023.0
2024-01-05,6.21,6.21,18,2024,1,2023.0
2024-01-06,6.21,6.21,8,2024,1,2023.0
2024-01-07,6.003333333333333,4.97,6,2024,1,2023.0
2024-01-08,6.21,6.21,5,2024,1,2023.0
2024-01-09,6.21,6.21,7,2024,1,2023.0
2024-01-10,6.21,6.21,13,2024,1,2023.0
2024-01-11,6.21,6.21,13,2024,1,2023.0
2024-01-12,5.796666666666667,4.97,12,2024,1,2023.0
2024-01-13,6.21,6.21,14,2024,1,2023.0
2024-01-14,5.4946153846153845,3.11,13,2024,1,2023.0
2024-01-15,5.6463636363636365,4.97,11,2024,1,2023.0
2024-01-16,4.527142857142857,3.11,7,2024,1,2023.0
2024-01-17,5.208461538461538,4.35,13,2024,1,2023.0
2024-01-18,6.21,6.21,11,2024,1,2023.0
2024-01-19,6.21,6.21,16,2024,1,2023.0
2024-01-20,6.21,6.21,7,2024,1,2023.0
2024-01-21,6.21,6.21,9,2024,1,2023.0
2024-01-22,6.21,6.21,11,2024,1,2023.0
2024-01-23,6.21,6.21,15,2024,1,2023.0
2024-01-24,4.059333333333333,1.86,15,2024,1,2023.0
2024-01-25,3.6783333333333332,2.49,12,2024,1,2023.0
2024-01-26,2.3925,0.43,12,2024,1,2023.0
2024-01-27,0.72,0.5,5,2024,1,2023.0
2024-01-28,2.798,1.55,10,2024,1,2023.0
2024-01-29,3.3855555555555554,3.11,9,2024,1,2023.0
2024-01-30,3.5888888888888886,1.55,9,2024,1,2023.0
2024-01-31,1.7391666666666667,0.62,12,2024,1,2023.0
2024-02-01,1.4920000000000002,0.62,5,2024,2,2023.0
2024-02-02,0.93,0.62,5,2024,2,2023.0
2024-02-03,1.9815384615384617,1.24,13,2024,2,2023.0
2024-02-05,3.560909090909091,2.8,11,2024,2,2023.0
2024-02-06,2.3555555555555556,0.62,9,2024,2,2023.0
2024-02-07,0.558,0.43,5,2024,2,2023.0
2024-02-08,5.279999999999999,4.97,2,2024,2,2023.0
2024-02-09,6.21,6.21,12,2024,2,2023.0
2024-02-10,6.21,6.21,11,2024,2,2023.0
2024-02-11,6.21,6.21,8,2024,2,2023.0
2024-02-12,6.21,6.21,16,2024,2,2023.0
2024-02-13,6.21,6.21,9,2024,2,2023.0
2024-02-14,6.21,6.21,10,2024,2,2023.0
2024-02-15,5.383333333333333,3.73,6,2024,2,2023.0
2024-02-16,2.4916666666666667,1.12,12,2024,2,2023.0
2024-02-17,1.6,0.5,8,2024,2,2023.0
2024-02-18,1.1726666666666667,0.62,15,2024,2,2023.0
2024-02-19,2.57,1.86,11,2024,2,2023.0
2024-02-20,6.21,6.21,8,2024,2,2023.0
2024-02-21,6.21,6.21,5,2024,2,2023.0
2024-02-22,6.086,5.59,10,2024,2,2023.0
2024-02-23,6.21,6.21,15,2024,2,2023.0
2024-02-24,5.351538461538461,4.35,13,2024,2,2023.0
2024-02-25,6.21,6.21,10,2024,2,2023.0
2024-02-26,6.21,6.21,9,2024,2,2023.0
2024-02-27,6.21,6.21,11,2024,2,2023.0
2024-02-28,6.21,6.21,15,2024,2,2023.0
2024-02-29,6.21,6.21,11,2024,2,2023.0
2024-03-01,5.871818181818182,4.97,11,2024,3,2023.0
2024-03-02,6.21,6.21,1,2024,3,2023.0
2024-03-03,6.21,6.21,11,2024,3,2023.0
2024-03-04,6.21,6.21,14,2024,3,2023.0
2024-03-05,5.0064705882352944,3.73,17,2024,3,2023.0
2024-03-06,5.486666666666667,4.35,12,2024,3,2023.0
2024-03-07,4.901111111111111,4.35,9,2024,3,2023.0
2024-03-08,6.21,6.21,11,2024,3,2023.0
2024-03-09,6.21,6.21,11,2024,3,2023.0
2024-03-10,6.21,6.21,11,2024,3,2023.0
2024-03-11,6.21,6.21,11,2024,3,2023.0
2024-03-12,6.21,6.21,8,2024,3,2023.0
2024-03-13,6.21,6.21,10,2024,3,2023.0
2024-03-14,6.21,6.21,12,2024,3,2023.0
2024-03-15,6.21,6.21,9,2024,3,2023.0
2024-03-16,6.21,6.21,8,2024,3,2023.0
2024-03-17,4.5407692307692304,3.11,13,2024,3,2023.0
2024-03-18,1.6676923076923076,1.12,13,2024,3,2023.0
2024-03-19,1.4583333333333333,0.43,12,2024,3,2023.0
2024-03-20,0.6769999999999999,0.43,10,2024,3,2023.0
2024-03-21,2.2763636363636364,0.75,11,2024,3,2023.0
2024-03-22,6.21,6.21,14,2024,3,2023.0
2024-03-23,6.21,6.21,15,2024,3,2023.0
2024-03-24,2.994545454545454,1.86,11,2024,3,2023.0
2024-03-25,6.21,6.21,15,2024,3,2023.0
2024-03-26,6.21,6.21,18,2024,3,2023.0
2024-03-27,6.21,6.21,12,2024,3,2023.0
2024-03-28,6.21,6.21,11,2024,3,2023.0
2024-03-29,6.21,6.21,11,2024,3,2023.0
2024-03-30,6.21,6.21,15,2024,3,2023.0
2024-03-31,5.9775,4.97,16,2024,3,2023.0
2024-04-01,6.21,6.21,10,2024,4,
2024-04-02,6.21,6.21,15,2024,4,
2024-04-03,5.7441666666666675,0.62,12,2024,4,
2024-04-04,6.21,6.21,14,2024,4,
2024-04-05,6.21,6.21,13,2024,4,
2024-04-06,6.024,4.35,10,2024,4,
2024-04-07,6.21,6.21,13,2024,4,
2024-04-08,6.21,6.21,11,2024,4,
2024-04-09,6.21,6.21,12,2024,4,
2024-04-10,6.21,6.21,10,2024,4,
2024-04-11,6.21,6.21,9,2024,4,
2024-04-12,6.21,6.21,16,2024,4,
2024-04-13,6.086,4.97,10,2024,4,
2024-04-14,6.21,6.21,13,2024,4,
2024-04-15,6.21,6.21,11,2024,4,
2024-04-16,6.21,6.21,4,2024,4,
2024-04-17,6.21,6.21,8,2024,4,
2024-04-18,6.21,6.21,6,2024,4,
2024-04-19,6.21,6.21,9,2024,4,
2024-04-20,6.21,6.21,10,2024,4,
2024-04-21,5.944285714285714,4.35,14,2024,4,
2024-04-22,6.21,6.21,17,2024,4,
2024-04-23,6.21,6.21,16,2024,4,
2024-04-24,6.21,6.21,9,2024,4,
2024-04-25,6.21,6.21,14,2024,4,
2024-04-26,6.21,6.21,6,2024,4,
2024-04-27,6.21,6.21,11,2024,4,
2024-04-28,6.21,6.21,14,2024,4,
2024-04-29,6.21,6.21,12,2024,4,
2024-04-30,6.21,6.21,15,2024,4,
2024-05-01,6.21,6.21,10,2024,5,
2024-05-02,6.21,6.21,8,2024,5,
2024-05-03,6.21,6.21,11,2024,5,
2024-05-04,6.21,6.21,12,2024,5,
2024-05-05,6.21,6.21,12,2024,5,
2024-05-06,5.383333333333333,4.35,6,2024,5,
2024-05-07,6.21,6.21,11,2024,5,
2024-05-08,6.21,6.21,12,2024,5,
2024-05-09,6.21,6.21,3,2024,5,
2024-05-10,6.21,6.21,10,2024,5,
2024-05-11,6.21,6.21,17,2024,5,
2024-05-12,4.823333333333333,0.62,12,2024,5,
2024-05-13,6.21,6.21,12,2024,5,
2024-05-14,6.21,6.21,16,2024,5,
2024-05-15,6.21,6.21,12,2024,5,
2024-05-16,6.21,6.21,8,2024,5,
2024-05-17,6.21,6.21,11,2024,5,
2024-05-18,6.21,6.21,13,2024,5,
2024-05-19,6.21,6.21,2,2024,5,
2024-05-20,6.21,6.21,8,2024,5,
2024-05-21,6.21,6.21,12,2024,5,
2024-05-22,6.21,6.21,10,2024,5,
2024-05-23,6.21,6.21,12,2024,5,
2024-05-24,6.21,6.21,9,2024,5,
2024-05-25,6.21,6.21,10,2024,5,
2024-05-26,5.651,1.86,10,2024,5,
2024-05-27,6.21,6.21,13,2024,5,
2024-05-28,6.21,6.21,9,2024,5,
2024-05-29,6.21,6.21,13,2024,5,
2024-05-30,6.21,6.21,18,2024,5,
2024-05-31,6.21,6.21,12,2024,5,
2024-06-01,6.21,6.21,6,2024,6,
2024-06-02,6.21,6.21,10,2024,6,
2024-06-03,6.21,6.21,1,2024,6,
2024-06-04,6.21,6.21,11,2024,6,
2024-06-05,6.21,6.21,7,2024,6,
2024-06-06,6.21,6.21,13,2024,6,
2024-06-07,6.21,6.21,11,2024,6,
2024-06-08,6.21,6.21,11,2024,6,
2024-06-09,6.21,6.21,10,2024,6,
2024-06-10,5.951666666666667,3.11,12,2024,6,
2024-06-11,5.928181818181818,3.11,11,2024,6,
2024-06-12,6.21,6.21,8,2024,6,
2024-06-13,6.21,6.21,9,2024,6,
2024-06-14,6.21,6.21,10,2024,6,
2024-06-15,6.21,6.21,7,2024,6,
2024-06-17,6.21,6.21,8,2024,6,
2024-06-18,6.21,6.21,13,2024,6,
2024-06-19,6.21,6.21,16,2024,6,
2024-06-20,6.21,6.21,11,2024,6,
2024-06-21,6.21,6.21,10,2024,6,
2024-06-22,6.21,6.21,14,2024,6,
2024-06-23,6.21,6.21,10,2024,6,
2024-06-24,6.21,6.21,11,2024,6,
2024-06-25,6.21,6.21,11,2024,6,
2024-06-26,6.21,6.21,5,2024,6,
2024-06-27,6.21,6.21,11,2024,6,
2024-06-28,6.21,6.21,10,2024,6,
2024-06-29,6.21,6.21,15,2024,6,
2024-06-30,6.21,6.21,12,2024,6,
2024-07-09,6.21,6.21,1,2024,7,
2024-07-16,6.21,6.21,3,2024,7,
2024-07-17,6.21,6.21,10,2024,7,
2024-07-18,6.21,6.21,10,2024,7,
2024-07-19,6.086,4.97,10,2024,7,
2024-07-20,6.21,6.21,9,2024,7,
2024-07-21,6.21,6.21,17,2024,7,
2024-07-22,6.21,6.21,10,2024,7,
2024-07-23,6.21,6.21,8,2024,7,
2024-07-24,5.934444444444444,4.97,9,2024,7,
2024-07-25,6.21,6.21,9,2024,7,
2024-07-26,6.21,6.21,12,2024,7,
2024-07-27,6.21,6.21,11,2024,7,
2024-07-28,6.21,6.21,12,2024,7,
2024-07-29,6.21,6.21,9,2024,7,
2024-07-30,6.21,6.21,7,2024,7,
2024-07-31,6.21,6.21,8,2024,7,
2024-08-01,6.21,6.21,7,2024,8,
2024-08-02,6.21,6.21,5,2024,8,
2024-08-03,6.21,6.21,7,2024,8,
2024-08-04,6.21,6.21,5,2024,8,
2024-08-05,6.21,6.21,10,2024,8,
2024-08-06,6.21,6.21,9,2024,8,
2024-08-07,6.21,6.21,6,2024,8,
2024-08-08,6.21,6.21,9,2024,8,
2024-08-09,6.21,6.21,16,2024,8,
2024-08-10,6.21,6.21,12,2024,8,
2024-08-11,6.21,6.21,10,2024,8,
2024-08-12,6.21,6.21,9,2024,8,
2024-08-13,6.086,4.97,10,2024,8,
2024-08-14,6.21,6.21,10,2024,8,
2024-08-15,6.21,6.21,13,2024,8,
2024-08-16,5.9775,4.97,16,2024,8,
2024-08-17,5.8225,3.11,16,2024,8,
2024-08-18,6.21,6.21,8,2024,8,
2024-08-19,5.796666666666667,4.97,3,2024,8,
2024-08-20,6.21,6.21,10,2024,8,
2024-08-21,6.21,6.21,16,2024,8,
2024-08-22,5.767142857142857,3.11,14,2024,8,
2024-08-23,6.032857142857142,4.97,14,2024,8,
2024-08-24,6.21,6.21,3,2024,8,
2024-08-25,6.21,6.21,10,2024,8,
2024-08-26,6.21,6.21,16,2024,8,
2024-08-27,6.21,6.21,18,2024,8,
2024-08-28,6.21,6.21,13,2024,8,
2024-08-29,6.21,6.21,8,2024,8,
2024-08-30,6.21,6.21,3,2024,8,
2024-08-31,6.21,6.21,8,2024,8,
2024-09-01,6.21,6.21,14,2024,9,
2024-09-02,6.21,6.21,12,2024,9,
2024-09-03,6.21,6.21,12,2024,9,
2024-09-04,5.28,3.73,6,2024,9,
2024-09-05,6.21,6.21,10,2024,9,
2024-09-06,6.21,6.21,10,2024,9,
2024-09-07,6.21,6.21,14,2024,9,
2024-09-08,6.21,6.21,15,2024,9,
2024-09-09,6.21,6.21,9,2024,9,
2024-09-10,6.21,6.21,8,2024,9,
2024-09-11,5.59,3.11,9,2024,9,
2024-09-12,6.21,6.21,11,2024,9,
2024-09-13,6.21,6.21,14,2024,9,
2024-09-14,6.21,6.21,12,2024,9,
2024-09-15,6.21,6.21,15,2024,9,
2024-09-16,6.21,6.21,10,2024,9,
2024-09-17,6.21,6.21,7,2024,9,
2024-09-18,6.21,6.21,11,2024,9,
2024-09-19,6.21,6.21,13,2024,9,
2024-09-20,6.21,6.21,13,2024,9,
2024-09-21,6.21,6.21,14,2024,9,
2024-09-22,6.21,6.21,11,2024,9,
2024-09-23,6.040909090909091,4.35,11,2024,9,
2024-09-24,6.21,6.21,9,2024,9,
2024-09-25,6.21,6.21,14,2024,9,
2024-09-26,6.21,6.21,12,2024,9,
2024-09-27,6.21,6.21,15,2024,9,
2024-09-28,6.21,6.21,9,2024,9,
2024-09-29,6.21,6.21,10,2024,9,
2024-09-30,6.21,6.21,11,2024,9,
2024-10-01,6.21,6.21,7,2024,10,
2024-10-02,6.21,6.21,18,2024,10,
2024-10-03,6.21,6.21,8,2024,10,
2024-10-04,6.21,6.21,13,2024,10,
2024-10-05,6.21,6.21,7,2024,10,
2024-10-06,6.21,6.21,11,2024,10,
2024-10-07,6.21,6.21,7,2024,10,
2024-10-08,6.21,6.21,8,2024,10,
2024-10-09,6.21,6.21,15,2024,10,
2024-10-10,6.21,6.21,9,2024,10,
2024-10-11,6.21,6.21,13,2024,10,
2024-10-13,6.21,6.21,11,2024,10,
2024-10-14,6.21,6.21,7,2024,10,
2024-10-15,6.21,6.21,4,2024,10,
2024-10-16,6.21,6.21,10,2024,10,
2024-10-17,6.21,6.21,16,2024,10,
2024-10-18,6.21,6.21,13,2024,10,
2024-10-19,6.21,6.21,6,2024,10,
2024-10-20,6.21,6.21,7,2024,10,
2024-10-21,6.21,6.21,9,2024,10,
2024-10-22,6.21,6.21,10,2024,10,
2024-10-23,6.21,6.21,14,2024,10,
2024-10-24,4.636153846153846,3.11,13,2024,10,
2024-10-25,2.9219999999999997,1.86,10,2024,10,
2024-10-26,2.4825,1.86,8,2024,10,
2024-10-27,4.784,4.35,10,2024,10,
2024-10-28,4.7219999999999995,4.35,5,2024,10,
2024-10-29,6.21,6.21,9,2024,10,
2024-10-30,6.21,6.21,12,2024,10,
2024-10-31,6.21,6.21,11,2024,10,
2024-11-01,6.21,6.21,11,2024,11,2024.0
2024-11-02,4.293636363636363,3.11,11,2024,11,2024.0
2024-11-03,5.465999999999999,4.97,10,2024,11,2024.0
2024-11-04,6.21,6.21,11,2024,11,2024.0
2024-11-05,6.21,6.21,9,2024,11,2024.0
2024-11-06,4.731538461538461,3.11,13,2024,11,2024.0
2024-11-07,1.8107142857142855,0.62,14,2024,11,2024.0
2024-11-08,3.3579999999999997,2.49,10,2024,11,2024.0
2024-11-09,5.59,4.97,12,2024,11,2024.0
2024-11-10,6.21,6.21,12,2024,11,2024.0
2024-11-11,6.21,6.21,14,2024,11,2024.0
2024-11-12,6.21,6.21,12,2024,11,2024.0
2024-11-13,6.21,6.21,15,2024,11,2024.0
2024-11-14,5.8999999999999995,4.97,12,2024,11,2024.0
2024-11-15,6.21,6.21,6,2024,11,2024.0
2024-11-16,6.21,6.21,6,2024,11,2024.0
2024-11-17,4.412,3.11,10,2024,11,2024.0
2024-11-18,5.251818181818181,3.11,11,2024,11,2024.0
2024-11-19,2.924,2.49,10,2024,11,2024.0
2024-11-20,3.4164285714285714,1.24,14,2024,11,2024.0
2024-11-21,4.857272727272727,3.73,11,2024,11,2024.0
2024-11-22,6.21,6.21,11,2024,11,2024.0
2024-11-23,6.21,6.21,13,2024,11,2024.0
2024-11-25,2.2525,1.55,8,2024,11,2024.0
2024-11-26,4.97,3.73,9,2024,11,2024.0
2024-11-27,5.465999999999999,4.97,10,2024,11,2024.0
2024-11-28,2.828888888888889,1.55,9,2024,11,2024.0
2024-11-29,5.383333333333333,4.97,6,2024,11,2024.0
2024-11-30,6.086,5.59,5,2024,11,2024.0
2024-12-01,6.21,6.21,8,2024,12,2024.0
2024-12-02,6.21,6.21,12,2024,12,2024.0
2024-12-03,6.21,6.21,11,2024,12,2024.0
2024-12-04,6.21,6.21,13,2024,12,2024.0
2024-12-05,6.21,6.21,9,2024,12,2024.0
2024-12-06,6.21,6.21,7,2024,12,2024.0
2024-12-07,5.733076923076923,4.97,13,2024,12,2024.0
2024-12-08,5.038888888888888,3.73,9,2024,12,2024.0
2024-12-09,6.21,6.21,9,2024,12,2024.0
2024-12-10,6.21,6.21,13,2024,12,2024.0
2024-12-11,6.21,6.21,13,2024,12,2024.0
2024-12-12,6.21,6.21,13,2024,12,2024.0
2024-12-13,6.21,6.21,6,2024,12,2024.0
2024-12-14,6.21,6.21,1,2024,12,2024.0
2024-12-15,1.099,0.62,10,2024,12,2024.0
2024-12-16,1.488,1.24,10,2024,12,2024.0
2024-12-17,4.596666666666667,1.86,15,2024,12,2024.0
2024-12-18,6.21,6.21,12,2024,12,2024.0
2024-12-19,5.59,4.35,9,2024,12,2024.0
2024-12-20,1.5785714285714287,0.62,14,2024,12,2024.0
2024-12-21,2.64,1.55,14,2024,12,2024.0
2024-12-22,5.444117647058824,3.11,17,2024,12,2024.0
2024-12-23,6.21,6.21,14,2024,12,2024.0
2024-12-24,6.21,6.21,16,2024,12,2024.0
2024-12-25,6.21,6.21,9,2024,12,2024.0
2024-12-27,6.21,6.21,3,2024,12,2024.0
2024-12-28,6.21,6.21,12,2024,12,2024.0
2024-12-29,5.412857142857143,4.35,7,2024,12,2024.0
2024-12-30,6.21,6.21,11,2024,12,2024.0
2024-12-31,4.082142857142857,1.86,14,2024,12,2024.0
2025-01-01,4.73,1.86,13,2025,1,2024.0
2025-01-02,1.504,0.62,10,2025,1,2024.0
2025-01-03,1.6291666666666667,0.93,12,2025,1,2024.0
2025-01-04,3.3354545454545454,2.49,11,2025,1,2024.0
2025-01-05,1.2416666666666665,0.62,6,2025,1,2024.0
2025-01-06,5.714,4.97,10,2025,1,2024.0
2025-01-07,1.375,0.5,16,2025,1,2024.0
2025-01-08,2.231,0.5,10,2025,1,2024.0
2025-01-09,4.598,3.73,5,2025,1,2024.0
2025-01-10,3.658888888888889,1.86,9,2025,1,2024.0
2025-01-11,2.8633333333333333,1.24,9,2025,1,2024.0
2025-01-12,6.21,6.21,5,2025,1,2024.0
2025-01-13,6.21,6.21,12,2025,1,2024.0
2025-01-14,6.21,6.21,12,2025,1,2024.0
2025-01-15,6.21,6.21,10,2025,1,2024.0
2025-01-16,6.21,6.21,8,2025,1,2024.0
2025-01-17,6.21,6.21,10,2025,1,2024.0
2025-01-18,6.21,6.21,12,2025,1,2024.0
2025-01-19,6.21,6.21,13,2025,1,2024.0
2025-01-20,6.21,6.21,6,2025,1,2024.0
2025-01-21,5.962,5.59,5,2025,1,2024.0
2025-01-22,4.556666666666667,3.11,9,2025,1,2024.0
2025-01-23,6.072222222222222,4.97,9,2025,1,2024.0
2025-01-24,2.1725,0.93,12,2025,1,2024.0
2025-01-25,5.6933333333333325,3.11,12,2025,1,2024.0
2025-01-26,6.21,6.21,11,2025,1,2024.0
2025-01-27,5.796666666666667,4.97,3,2025,1,2024.0
2025-01-28,6.21,6.21,6,2025,1,2024.0
2025-01-29,5.855714285714286,4.97,7,2025,1,2024.0
2025-01-30,2.9299999999999997,1.86,7,2025,1,2024.0
2025-02-06,3.001666666666667,1.86,6,2025,2,2024.0
2025-02-07,3.5439999999999996,2.49,10,2025,2,2024.0
2025-02-08,1.5227272727272727,1.24,11,2025,2,2024.0
2025-02-09,2.1991666666666667,1.24,12,2025,2,2024.0
2025-02-10,6.21,6.21,5,2025,2,2024.0
2025-02-11,6.21,6.21,5,2025,2,2024.0
2025-02-12,6.21,6.21,4,2025,2,2024.0
2025-02-13,2.6175,0.75,8,2025,2,2024.0
2025-02-14,2.71,1.12,5,2025,2,2024.0
2025-02-15,5.176666666666667,4.97,3,2025,2,2024.0
2025-02-16,6.21,6.21,12,2025,2,2024.0
2025-02-17,6.21,6.21,9,2025,2,2024.0
2025-02-18,6.21,6.21,1,2025,2,2024.0
2025-02-19,6.21,6.21,10,2025,2,2024.0
2025-02-20,6.21,6.21,11,2025,2,2024.0
2025-02-21,6.21,6.21,12,2025,2,2024.0
2025-02-22,6.21,6.21,9,2025,2,2024.0
2025-02-23,6.21,6.21,11,2025,2,2024.0
2025-02-24,0.8608333333333333,0.75,12,2025,2,2024.0
2025-02-25,1.395,1.24,2,2025,2,2024.0
2025-02-26,1.4466666666666665,1.24,9,2025,2,2024.0
2025-02-28,6.21,6.21,1,2025,2,2024.0
2025-03-02,6.21,6.21,15,2025,3,2024.0
2025-03-03,6.121428571428572,4.97,14,2025,3,2024.0
2025-03-04,6.21,6.21,3,2025,3,2024.0
2025-03-05,6.21,6.21,11,2025,3,2024.0
2025-03-06,6.21,6.21,11,2025,3,2024.0
2025-03-07,5.308181818181819,4.35,11,2025,3,2024.0
2025-03-08,5.8999999999999995,4.97,12,2025,3,2024.0
2025-03-09,6.21,6.21,9,2025,3,2024.0
2025-03-10,6.21,6.21,5,2025,3,2024.0
2025-03-11,6.21,6.21,9,2025,3,2024.0
2025-03-12,6.21,6.21,3,2025,3,2024.0
2025-03-13,6.21,6.21,2,2025,3,2024.0
2025-03-14,6.21,6.21,15,2025,3,2024.0
2025-03-15,6.21,6.21,11,2025,3,2024.0
2025-03-16,6.21,6.21,11,2025,3,2024.0
2025-03-17,6.21,6.21,15,2025,3,2024.0
2025-03-18,6.21,6.21,9,2025,3,2024.0
2025-03-19,6.21,6.21,6,2025,3,2024.0
2025-03-20,6.21,6.21,7,2025,3,2024.0
2025-03-21,6.21,6.21,12,2025,3,2024.0
2025-03-22,6.21,6.21,4,2025,3,2024.0
2025-03-23,6.21,6.21,4,2025,3,2024.0
2025-03-24,6.21,6.21,2,2025,3,2024.0
2025-03-26,6.21,6.21,9,2025,3,2024.0
2025-03-27,6.21,6.21,8,2025,3,2024.0
2025-03-28,6.21,6.21,11,2025,3,2024.0
2025-03-29,6.21,6.21,13,2025,3,2024.0
2025-03-30,6.21,6.21,11,2025,3,2024.0
2025-03-31,6.21,6.21,2,2025,3,2024.0
2025-04-01,5.047499999999999,4.35,8,2025,4,
2025-04-02,6.21,6.21,4,2025,4,
2025-04-03,6.21,6.21,10,2025,4,
2025-04-04,6.21,6.21,2,2025,4,
2025-04-05,6.21,6.21,3,2025,4,
2025-04-06,6.21,6.21,5,2025,4,
2025-04-07,6.21,6.21,9,2025,4,
2025-04-08,6.21,6.21,13,2025,4,
2025-04-09,6.21,6.21,13,2025,4,
2025-04-10,6.21,6.21,10,2025,4,
2025-04-11,4.683333333333333,1.55,12,2025,4,
2025-04-12,2.9114285714285715,0.75,14,2025,4,
2025-04-13,6.21,6.21,8,2025,4,
2025-04-14,4.4275,3.73,8,2025,4,
2025-04-15,5.984545454545454,4.97,11,2025,4,
2025-04-16,6.21,6.21,11,2025,4,
2025-04-17,6.21,6.21,2,2025,4,
2025-04-19,6.21,6.21,10,2025,4,
2025-04-20,6.21,6.21,11,2025,4,
2025-04-21,6.21,6.21,5,2025,4,
2025-04-22,6.21,6.21,7,2025,4,
2025-04-25,6.21,6.21,7,2025,4,
2025-04-26,4.918333333333333,4.35,12,2025,4,
2025-04-27,4.8311111111111105,1.86,9,2025,4,
2025-04-28,4.035,1.86,2,2025,4,
2025-04-29,6.21,6.21,7,2025,4,
2025-04-30,6.21,6.21,6,2025,4,
2025-05-01,6.21,6.21,2,2025,5,
2025-05-02,6.21,6.21,3,2025,5,
2025-05-03,6.21,6.21,8,2025,5,
2025-05-04,5.176666666666667,4.97,6,2025,5,
2025-05-05,6.21,6.21,2,2025,5,
2025-05-06,5.9715384615384615,4.97,13,2025,5,
2025-05-07,5.871818181818182,4.97,11,2025,5,
2025-05-08,6.21,6.21,8,2025,5,
2025-05-09,6.21,6.21,7,2025,5,
2025-05-10,6.21,6.21,9,2025,5,
2025-05-11,6.21,6.21,15,2025,5,
2025-05-12,6.21,6.21,4,2025,5,
2025-05-13,6.21,6.21,10,2025,5,
2025-05-14,6.21,6.21,14,2025,5,
2025-05-15,6.21,6.21,3,2025,5,
2025-05-17,6.21,6.21,7,2025,5,
2025-05-18,6.21,6.21,6,2025,5,
2025-05-19,6.21,6.21,3,2025,5,
2025-05-20,6.21,6.21,5,2025,5,
2025-05-21,6.21,6.21,11,2025,5,
2025-05-22,6.21,6.21,10,2025,5,
2025-05-23,6.21,6.21,5,2025,5,
2025-05-24,6.21,6.21,8,2025,5,
2025-05-25,6.21,6.21,13,2025,5,
2025-05-26,6.21,6.21,5,2025,5,
2025-05-27,6.21,6.21,7,2025,5,
2025-05-28,6.21,6.21,5,2025,5,
2025-05-29,6.21,6.21,8,2025,5,
2025-06-01,6.21,6.21,7,2025,6,
2025-06-02,6.21,6.21,12,2025,6,
2025-06-03,6.21,6.21,12,2025,6,
2025-06-04,6.21,6.21,10,2025,6,
2025-06-10,6.21,6.21,5,2025,6,
2025-06-11,6.21,6.21,4,2025,6,
2025-06-12,6.21,6.21,4,2025,6,
2025-06-13,6.21,6.21,5,2025,6,
2025-06-14,6.21,6.21,13,2025,6,
2025-06-15,6.21,6.21,13,2025,6,
2025-06-16,6.21,6.21,8,2025,6,
2025-06-17,6.21,6.21,4,2025,6,
2025-06-18,6.21,6.21,10,2025,6,
2025-06-19,5.8225,3.11,8,2025,6,
2025-06-20,6.21,6.21,6,2025,6,
2025-06-21,6.21,6.21,10,2025,6,
2025-06-22,6.21,6.21,18,2025,6,
2025-06-23,6.21,6.21,5,2025,6,
2025-06-24,6.21,6.21,7,2025,6,
2025-06-25,6.21,6.21,2,2025,6,
2025-06-26,6.21,6.21,6,2025,6,
2025-06-27,6.21,6.21,8,2025,6,
2025-06-28,6.21,6.21,10,2025,6,
2025-06-29,6.21,6.21,6,2025,6,
2025-06-30,6.21,6.21,10,2025,6,
2025-07-01,5.962,4.97,10,2025,7,
2025-07-02,6.21,6.21,12,2025,7,
2025-07-03,6.21,6.21,9,2025,7,
2025-07-04,6.21,6.21,11,2025,7,
2025-07-05,6.21,6.21,3,2025,7,
2025-07-06,5.871818181818182,4.97,11,2025,7,
2025-07-07,6.21,6.21,15,2025,7,
2025-07-08,5.8225,3.11,8,2025,7,
2025-07-09,6.21,6.21,5,2025,7,
2025-07-10,6.21,6.21,4,2025,7,
2025-07-11,6.21,6.21,7,2025,7,
2025-07-12,6.21,6.21,12,2025,7,
2025-07-13,6.21,6.21,3,2025,7,
2025-07-14,5.6933333333333325,3.11,12,2025,7,
2025-07-15,6.21,6.21,11,2025,7,
2025-07-16,6.21,6.21,9,2025,7,
2025-07-17,6.21,6.21,7,2025,7,
2025-07-18,6.21,6.21,4,2025,7,
2025-07-19,6.21,6.21,2,2025,7,
2025-07-20,6.21,6.21,10,2025,7,
2025-07-21,6.21,6.21,13,2025,7,
2025-07-22,6.21,6.21,8,2025,7,
2025-07-23,6.21,6.21,1,2025,7,
2025-07-24,6.21,6.21,1,2025,7,
2025-07-25,6.21,6.21,8,2025,7,
2025-07-26,6.21,6.21,11,2025,7,
2025-07-27,6.21,6.21,5,2025,7,
2025-07-28,6.21,6.21,2,2025,7,
2025-07-29,6.21,6.21,5,2025,7,
2025-07-30,6.21,6.21,10,2025,7,
2025-07-31,6.21,6.21,13,2025,7,
2025-08-01,6.097272727272727,4.97,11,2025,8,
2025-08-02,6.21,6.21,2,2025,8,
2025-08-03,6.21,6.21,10,2025,8,
2025-08-04,6.21,6.21,12,2025,8,
2025-08-05,6.21,6.21,14,2025,8,
2025-08-06,6.21,6.21,11,2025,8,
2025-08-07,5.9775,4.35,16,2025,8,
2025-08-08,6.21,6.21,8,2025,8,
2025-08-09,6.21,6.21,4,2025,8,
2025-08-10,6.21,6.21,8,2025,8,
2025-08-11,6.21,6.21,15,2025,8,
2025-08-12,5.759090909090909,4.97,11,2025,8,
2025-08-13,6.21,6.21,14,2025,8,
2025-08-14,6.21,6.21,11,2025,8,
2025-08-15,6.21,6.21,12,2025,8,
2025-08-16,6.21,6.21,21,2025,8,
2025-08-17,6.21,6.21,16,2025,8,
2025-08-18,6.21,6.21,8,2025,8,
2025-08-19,6.21,6.21,15,2025,8,
2025-08-20,6.21,6.21,16,2025,8,
2025-08-21,6.21,6.21,16,2025,8,
2025-08-22,6.114615384615385,4.97,13,2025,8,
2025-08-23,6.21,6.21,9,2025,8,
2025-08-24,6.21,6.21,17,2025,8,
2025-08-25,6.21,6.21,17,2025,8,
2025-08-26,6.21,6.21,10,2025,8,
2025-08-27,6.21,6.21,19,2025,8,
2025-08-28,6.21,6.21,16,2025,8,
2025-08-29,6.21,6.21,16,2025,8,
2025-08-30,6.21,6.21,15,2025,8,
2025-08-31,6.21,6.21,10,2025,8,
2025-09-01,6.21,6.21,13,2025,9,
2025-09-02,6.044666666666667,4.97,15,2025,9,
2025-09-03,6.21,6.21,9,2025,9,
2025-09-04,6.003333333333334,4.97,18,2025,9,
2025-09-05,6.21,6.21,16,2025,9,
2025-09-06,6.21,6.21,7,2025,9,
2025-09-07,6.1066666666666665,4.97,12,2025,9,
2025-09-08,5.8999999999999995,3.11,14,2025,9,
2025-09-09,6.21,6.21,9,2025,9,
2025-09-10,5.988571428571428,4.35,14,2025,9,
2025-09-11,6.21,6.21,16,2025,9,
2025-09-12,6.21,6.21,14,2025,9,
2025-09-13,6.21,6.21,21,2025,9,
2025-09-14,6.21,6.21,18,2025,9,
2025-09-15,6.1325,4.97,16,2025,9,
2025-09-16,6.21,6.21,12,2025,9,
2025-09-17,6.21,6.21,9,2025,9,
2025-09-18,6.21,6.21,12,2025,9,
2025-09-19,6.21,6.21,10,2025,9,
2025-09-20,6.21,6.21,13,2025,9,
2025-09-21,6.21,6.21,13,2025,9,
2025-09-22,6.21,6.21,13,2025,9,
2025-09-23,6.21,6.21,14,2025,9,
2025-09-24,6.21,6.21,16,2025,9,
2025-09-25,6.1273333333333335,4.97,15,2025,9,
2025-09-26,6.114615384615385,4.97,13,2025,9,
2025-09-27,6.21,6.21,3,2025,9,
2025-09-28,6.21,6.21,12,2025,9,
2025-09-29,6.21,6.21,13,2025,9,
2025-09-30,6.21,6.21,14,2025,9,
2025-10-01,6.21,6.21,16,2025,10,
2025-10-02,6.21,6.21,11,2025,10,
2025-10-03,6.21,6.21,18,2025,10,
2025-10-04,6.21,6.21,16,2025,10,
2025-10-05,6.21,6.21,11,2025,10,
2025-10-06,6.21,6.21,13,2025,10,
2025-10-07,6.21,6.21,9,2025,10,
2025-10-08,6.21,6.21,14,2025,10,
2025-10-09,6.21,6.21,13,2025,10,
2025-10-10,6.21,6.21,17,2025,10,
2025-10-11,6.21,6.21,15,2025,10,
2025-10-12,6.21,6.21,8,2025,10,
2025-10-13,6.21,6.21,16,2025,10,
2025-10-14,6.21,6.21,16,2025,10,
2025-10-15,6.21,6.21,21,2025,10,
2025-10-16,5.9775,4.97,16,2025,10,
2025-10-17,6.21,6.21,13,2025,10,
2025-10-18,6.21,6.21,12,2025,10,
2025-10-19,6.21,6.21,11,2025,10,
2025-10-20,6.21,6.21,14,2025,10,
2025-10-21,6.21,6.21,11,2025,10,
2025-10-22,6.21,6.21,8,2025,10,
2025-10-23,6.21,6.21,12,2025,10,
2025-10-24,6.21,6.21,15,2025,10,
2025-10-25,6.21,6.21,13,2025,10,
2025-10-26,6.21,6.21,18,2025,10,
2025-10-27,6.21,6.21,15,2025,10,
2025-10-28,6.21,6.21,16,2025,10,
2025-10-29,6.21,6.21,14,2025,10,
2025-10-30,6.21,6.21,12,2025,10,
2025-10-31,6.21,6.21,14,2025,10,
2025-11-01,6.21,6.21,13,2025,11,2025.0
2025-11-02,6.21,6.21,14,2025,11,2025.0
2025-11-03,6.21,6.21,15,2025,11,2025.0
2025-11-04,6.21,6.21,17,2025,11,2025.0
2025-11-05,6.21,6.21,5,2025,11,2025.0
2025-11-06,6.21,6.21,4,2025,11,2025.0
2025-11-07,6.21,6.21,7,2025,11,2025.0
2025-11-08,6.21,6.21,16,2025,11,2025.0
2025-11-09,6.21,6.21,12,2025,11,2025.0
2025-11-10,6.21,6.21,14,2025,11,2025.0
2025-11-11,6.21,6.21,12,2025,11,2025.0
2025-11-12,6.21,6.21,13,2025,11,2025.0
2025-11-13,6.21,6.21,10,2025,11,2025.0
2025-11-14,6.21,6.21,7,2025,11,2025.0
2025-11-15,6.21,6.21,13,2025,11,2025.0
2025-11-16,5.855714285714286,4.97,14,2025,11,2025.0
2025-11-17,5.8225,4.35,8,2025,11,2025.0
2025-11-18,6.21,6.21,13,2025,11,2025.0
2025-11-19,6.21,6.21,9,2025,11,2025.0
2025-11-20,6.21,6.21,15,2025,11,2025.0
2025-11-21,6.21,6.21,16,2025,11,2025.0
2025-11-22,6.21,6.21,11,2025,11,2025.0
2025-11-23,6.21,6.21,13,2025,11,2025.0
2025-11-24,6.21,6.21,8,2025,11,2025.0
2025-11-25,6.21,6.21,11,2025,11,2025.0
2025-11-26,4.5190909090909095,3.11,11,2025,11,2025.0
2025-11-27,5.28,4.97,12,2025,11,2025.0
2025-11-28,6.21,6.21,13,2025,11,2025.0
2025-11-29,6.21,6.21,15,2025,11,2025.0
2025-11-30,6.21,6.21,12,2025,11,2025.0
2025-12-01,5.364545454545454,3.11,11,2025,12,2025.0
2025-12-02,1.5330000000000001,1.12,10,2025,12,2025.0
2025-12-03,4.078749999999999,2.49,16,2025,12,2025.0
2025-12-04,3.8427272727272723,2.49,11,2025,12,2025.0
2025-12-05,4.636153846153846,3.73,13,2025,12,2025.0
2025-12-06,6.21,6.21,8,2025,12,2025.0
2025-12-07,5.383333333333333,4.97,12,2025,12,2025.0
2025-12-08,4.438571428571429,3.11,7,2025,12,2025.0
2025-12-09,5.855714285714286,5.59,7,2025,12,2025.0
2025-12-10,6.21,6.21,9,2025,12,2025.0
2025-12-11,6.21,6.21,15,2025,12,2025.0
2025-12-12,2.7925,1.24,4,2025,12,2025.0
2025-12-13,6.21,6.21,8,2025,12,2025.0
2025-12-14,6.21,6.21,8,2025,12,2025.0
2025-12-15,4.1433333333333335,3.11,9,2025,12,2025.0
2025-12-16,5.4805882352941175,4.97,17,2025,12,2025.0
2025-12-17,5.093999999999999,3.11,10,2025,12,2025.0
2025-12-18,6.21,6.21,10,2025,12,2025.0
2025-12-19,6.21,6.21,11,2025,12,2025.0
2025-12-20,5.465999999999999,4.35,15,2025,12,2025.0
2025-12-21,6.21,6.21,8,2025,12,2025.0
2025-12-22,6.21,6.21,6,2025,12,2025.0
2025-12-23,6.21,6.21,11,2025,12,2025.0
2025-12-24,6.21,6.21,13,2025,12,2025.0
2025-12-25,6.21,6.21,15,2025,12,2025.0
2025-12-26,6.21,6.21,14,2025,12,2025.0
2025-12-27,6.21,6.21,13,2025,12,2025.0
2025-12-28,6.21,6.21,10,2025,12,2025.0
2025-12-29,6.21,6.21,9,2025,12,2025.0
2025-12-30,6.21,6.21,10,2025,12,2025.0
